timestamp,rel_t,cx,cy,yaw_cdeg,pitch_cdeg,conf,active,valid
2026-08-07T22:20:15.587407,0.039,-13,36,0,0,100,1,1
2026-08-07T22:20:15.618371,0.070,-12,37,0,0,100,1,1
2026-08-07T22:20:15.640461,0.092,-12,38,0,0,100,1,1
2026-08-07T22:20:15.664154,0.115,-12,38,0,0,100,1,1
2026-08-07T22:20:15.685738,0.137,-12,37,0,0,100,1,1
2026-08-07T22:20:15.708691,0.160,-12,38,0,0,100,1,1
2026-08-07T22:20:15.742336,0.194,-12,38,0,0,100,1,1
2026-08-07T22:20:15.764431,0.216,-13,38,0,0,100,1,1
2026-08-07T22:20:15.786411,0.238,-12,38,0,0,100,1,1
2026-08-07T22:20:15.810477,0.262,-13,37,0,0,100,1,1
2026-08-07T22:20:15.832309,0.284,-14,37,0,0,100,1,1
2026-08-07T22:20:15.865061,0.316,-12,37,0,0,100,1,1
2026-08-07T22:20:15.887109,0.338,-12,37,0,0,100,1,1
2026-08-07T22:20:15.909204,0.360,-11,36,0,0,100,1,1
2026-08-07T22:20:15.930853,0.382,-12,36,0,0,100,1,1
2026-08-07T22:20:15.955185,0.406,-12,37,0,0,100,1,1
2026-08-07T22:20:15.985866,0.437,-12,38,0,0,100,1,1
2026-08-07T22:20:16.009630,0.461,-11,38,0,0,100,1,1
2026-08-07T22:20:16.031534,0.483,-10,38,0,0,100,1,1
2026-08-07T22:20:16.052944,0.504,-11,38,0,0,100,1,1
2026-08-07T22:20:16.077007,0.528,-13,37,0,0,100,1,1
2026-08-07T22:20:16.108694,0.560,-13,38,0,0,100,1,1
2026-08-07T22:20:16.130938,0.582,-13,37,0,0,100,1,1
2026-08-07T22:20:16.154251,0.606,-12,39,0,0,100,1,1
2026-08-07T22:20:16.175762,0.627,-12,38,0,0,100,1,1
2026-08-07T22:20:16.198957,0.650,-13,37,0,0,100,1,1
2026-08-07T22:20:16.232795,0.684,-12,37,0,0,100,1,1
2026-08-07T22:20:16.254957,0.706,-13,38,0,0,100,1,1
2026-08-07T22:20:16.276900,0.728,-11,38,0,0,100,1,1
2026-08-07T22:20:16.301206,0.752,-12,38,0,0,100,1,1
2026-08-07T22:20:16.323013,0.774,-12,37,0,0,100,1,1
2026-08-07T22:20:16.355622,0.807,-12,38,0,0,100,1,1
2026-08-07T22:20:16.377699,0.829,-12,38,0,0,100,1,1
2026-08-07T22:20:16.400328,0.852,-13,38,0,0,100,1,1
2026-08-07T22:20:16.424755,0.876,-11,38,0,0,100,1,1
2026-08-07T22:20:16.446937,0.898,-11,37,0,0,100,1,1
2026-08-07T22:20:16.476445,0.928,-15,36,0,0,100,1,1
2026-08-07T22:20:16.500016,0.951,-12,37,0,0,100,1,1
2026-08-07T22:20:16.521899,0.973,-13,37,0,0,100,1,1
2026-08-07T22:20:16.543329,0.995,-12,38,0,0,100,1,1
2026-08-07T22:20:16.567171,1.018,-12,38,0,0,100,1,1
2026-08-07T22:20:16.598945,1.050,-13,38,0,0,100,1,1
2026-08-07T22:20:16.621312,1.073,-12,38,0,0,100,1,1
2026-08-07T22:20:16.644731,1.096,-13,38,0,0,100,1,1
2026-08-07T22:20:16.666598,1.118,-12,39,0,0,100,1,1
2026-08-07T22:20:16.689403,1.141,-12,38,0,0,100,1,1
2026-08-07T22:20:16.723674,1.175,-13,37,0,0,100,1,1
2026-08-07T22:20:16.745051,1.196,-13,37,0,0,100,1,1
2026-08-07T22:20:16.767357,1.219,-13,36,0,0,100,1,1
2026-08-07T22:20:16.791691,1.243,-13,37,0,0,100,1,1
2026-08-07T22:20:16.813784,1.265,-13,38,0,0,100,1,1
2026-08-07T22:20:16.845958,1.297,-12,38,0,0,100,1,1
2026-08-07T22:20:16.868129,1.319,-12,38,0,0,100,1,1
2026-08-07T22:20:16.890493,1.342,-12,38,0,0,100,1,1
2026-08-07T22:20:16.914741,1.366,-13,38,0,0,100,1,1
2026-08-07T22:20:16.936781,1.388,-12,36,0,0,100,1,1
2026-08-07T22:20:16.966939,1.418,-13,37,0,0,100,1,1
2026-08-07T22:20:16.990351,1.442,-12,38,0,0,100,1,1
2026-08-07T22:20:17.012441,1.464,-14,37,0,0,100,1,1
2026-08-07T22:20:17.034215,1.485,-14,36,0,0,100,1,1
2026-08-07T22:20:17.058354,1.510,-13,37,0,0,100,1,1
2026-08-07T22:20:17.089559,1.541,-12,38,0,0,100,1,1
2026-08-07T22:20:17.111564,1.563,-12,37,0,0,100,1,1
2026-08-07T22:20:17.135037,1.586,-13,37,0,0,100,1,1
2026-08-07T22:20:17.156878,1.608,-13,38,0,0,100,1,1
2026-08-07T22:20:17.179110,1.630,-13,38,0,0,100,1,1
2026-08-07T22:20:17.213329,1.665,-13,38,0,0,100,1,1
2026-08-07T22:20:17.235512,1.687,-13,37,0,0,100,1,1
2026-08-07T22:20:17.257765,1.709,-12,37,0,0,100,1,1
2026-08-07T22:20:17.282044,1.733,-13,38,0,0,100,1,1
2026-08-07T22:20:17.303784,1.755,-13,38,0,0,100,1,1
2026-08-07T22:20:17.336104,1.787,-13,38,0,0,100,1,1
2026-08-07T22:20:17.358396,1.810,-12,39,0,0,100,1,1
2026-08-07T22:20:17.380382,1.832,-13,38,0,0,100,1,1
2026-08-07T22:20:17.402281,1.854,-13,37,0,0,100,1,1
2026-08-07T22:20:17.426564,1.878,-12,38,0,0,100,1,1
2026-08-07T22:20:17.457109,1.908,-14,38,0,0,100,1,1
2026-08-07T22:20:17.480451,1.932,-14,37,0,0,100,1,1
2026-08-07T22:20:17.502467,1.954,-13,37,0,0,100,1,1
2026-08-07T22:20:17.523952,1.975,-11,39,0,0,100,1,1
2026-08-07T22:20:17.547870,1.999,-13,38,0,0,100,1,1
2026-08-07T22:20:17.579417,2.031,-13,38,0,0,100,1,1
2026-08-07T22:20:17.601515,2.053,-13,39,0,0,100,1,1
2026-08-07T22:20:17.624769,2.076,-13,38,0,0,100,1,1
2026-08-07T22:20:17.646253,2.098,-14,38,0,0,100,1,1
2026-08-07T22:20:17.668940,2.120,-13,38,0,0,100,1,1
2026-08-07T22:20:17.703777,2.155,-12,38,0,0,100,1,1
2026-08-07T22:20:17.725931,2.177,-13,39,0,0,100,1,1
2026-08-07T22:20:17.748026,2.199,-12,38,0,0,100,1,1
2026-08-07T22:20:17.771850,2.223,-13,39,0,0,100,1,1
2026-08-07T22:20:17.793696,2.245,-13,38,0,0,100,1,1
2026-08-07T22:20:17.826538,2.278,-12,39,0,0,100,1,1
2026-08-07T22:20:17.848312,2.300,-14,37,0,0,100,1,1
2026-08-07T22:20:17.870759,2.322,-13,37,0,0,100,1,1
2026-08-07T22:20:17.892079,2.343,-14,38,0,0,100,1,1
2026-08-07T22:20:17.916565,2.368,-15,37,0,0,100,1,1
2026-08-07T22:20:17.947363,2.399,-13,38,0,0,100,1,1
2026-08-07T22:20:17.970712,2.422,-14,37,0,0,100,1,1
2026-08-07T22:20:17.992777,2.444,-13,39,0,0,100,1,1
2026-08-07T22:20:18.014175,2.465,-12,38,0,0,100,1,1
2026-08-07T22:20:18.038386,2.490,-13,39,0,0,100,1,1
2026-08-07T22:20:18.070314,2.522,-13,38,0,0,100,1,1
2026-08-07T22:20:18.092331,2.544,-13,37,0,0,100,1,1
2026-08-07T22:20:18.115802,2.567,-11,38,0,0,100,1,1
2026-08-07T22:20:18.137298,2.589,-12,38,0,0,100,1,1
2026-08-07T22:20:18.159791,2.611,-13,38,0,0,100,1,1
2026-08-07T22:20:18.194212,2.645,-12,38,0,0,100,1,1
2026-08-07T22:20:18.216036,2.667,-12,37,0,0,100,1,1
2026-08-07T22:20:18.238384,2.690,-14,37,0,0,100,1,1
2026-08-07T22:20:18.262118,2.713,-14,37,0,0,100,1,1
2026-08-07T22:20:18.284289,2.736,-14,37,0,0,100,1,1
2026-08-07T22:20:18.316964,2.768,-12,37,0,0,100,1,1
2026-08-07T22:20:18.338913,2.790,-12,39,0,0,100,1,1
2026-08-07T22:20:18.360824,2.812,-13,37,0,0,100,1,1
2026-08-07T22:20:18.382409,2.834,-14,37,0,0,100,1,1
2026-08-07T22:20:18.407350,2.859,-14,38,0,0,100,1,1
2026-08-07T22:20:18.438374,2.890,-13,36,0,0,100,1,1
2026-08-07T22:20:18.462729,2.914,-13,35,0,0,100,1,1
2026-08-07T22:20:18.484802,2.936,-13,35,0,0,100,1,1
2026-08-07T22:20:18.507403,2.959,-12,41,0,0,100,1,1
2026-08-07T22:20:18.530268,2.982,-11,41,0,0,100,1,1
2026-08-07T22:20:18.560247,3.011,-9,42,0,0,100,1,1
2026-08-07T22:20:18.582149,3.033,-11,42,0,0,100,1,1
2026-08-07T22:20:18.605259,3.057,-12,41,0,0,100,1,1
2026-08-07T22:20:18.626713,3.078,-12,41,0,0,100,1,1
2026-08-07T22:20:18.649426,3.101,-11,41,0,0,100,1,1
2026-08-07T22:20:18.684331,3.136,-11,42,0,0,100,1,1
2026-08-07T22:20:18.706197,3.157,-10,42,0,0,100,1,1
2026-08-07T22:20:18.727874,3.179,-11,42,0,0,100,1,1
2026-08-07T22:20:18.751428,3.203,-11,42,0,0,100,1,1
2026-08-07T22:20:18.774120,3.225,-10,41,0,0,100,1,1
2026-08-07T22:20:18.807009,3.258,-11,42,0,0,100,1,1
2026-08-07T22:20:18.829035,3.280,-11,42,0,0,100,1,1
2026-08-07T22:20:18.850808,3.302,-10,43,0,0,100,1,1
2026-08-07T22:20:18.871910,3.323,-12,42,0,0,100,1,1
2026-08-07T22:20:18.896078,3.347,-10,44,0,0,100,1,1
2026-08-07T22:20:18.928195,3.379,-30,40,0,0,100,1,1
2026-08-07T22:20:18.951697,3.403,-11,42,0,0,100,1,1
2026-08-07T22:20:18.973782,3.425,-13,42,0,0,100,1,1
2026-08-07T22:20:18.994977,3.446,-31,41,0,0,100,1,1
2026-08-07T22:20:19.019135,3.470,-14,38,0,0,100,1,1
2026-08-07T22:20:19.050763,3.502,-14,37,0,0,100,1,1
2026-08-07T22:20:19.074915,3.526,-14,37,0,0,100,1,1
2026-08-07T22:20:19.098524,3.550,-14,36,0,0,100,1,1
2026-08-07T22:20:19.121136,3.572,-14,39,0,0,100,1,1
2026-08-07T22:20:19.157607,3.609,-11,40,0,0,100,1,1
2026-08-07T22:20:19.179567,3.631,-9,40,0,0,100,1,1
2026-08-07T22:20:19.201580,3.653,-11,39,0,0,100,1,1
2026-08-07T22:20:19.223055,3.674,-10,38,0,0,100,1,1
2026-08-07T22:20:19.246587,3.698,-13,36,0,0,100,1,1
2026-08-07T22:20:19.278386,3.730,-13,39,0,0,100,1,1
2026-08-07T22:20:19.301795,3.753,-12,38,0,0,100,1,1
2026-08-07T22:20:19.323854,3.775,-13,37,0,0,100,1,1
2026-08-07T22:20:19.345108,3.796,-12,38,0,0,100,1,1
2026-08-07T22:20:19.369064,3.820,-13,38,0,0,100,1,1
2026-08-07T22:20:19.401220,3.852,-13,37,0,0,100,1,1
2026-08-07T22:20:19.423216,3.874,-12,38,0,0,100,1,1
2026-08-07T22:20:19.446513,3.898,-12,39,0,0,100,1,1
2026-08-07T22:20:19.467860,3.919,-12,39,0,0,100,1,1
2026-08-07T22:20:19.490676,3.942,-11,38,0,0,100,1,1
2026-08-07T22:20:19.525157,3.976,-13,38,0,0,100,1,1
2026-08-07T22:20:19.547140,3.998,-11,38,0,0,100,1,1
2026-08-07T22:20:19.569158,4.020,-10,39,0,0,100,1,1
2026-08-07T22:20:19.593593,4.045,-15,38,0,0,100,1,1
2026-08-07T22:20:19.615768,4.067,-11,31,0,0,100,1,1
2026-08-07T22:20:19.648578,4.100,-13,33,0,0,100,1,1
2026-08-07T22:20:19.670775,4.122,-13,31,0,0,100,1,1
2026-08-07T22:20:19.692995,4.144,-13,33,0,0,100,1,1
2026-08-07T22:20:19.717615,4.169,-10,26,0,0,100,1,1
2026-08-07T22:20:19.739820,4.191,-9,25,0,0,100,1,1
2026-08-07T22:20:19.768936,4.220,-13,32,0,0,100,1,1
2026-08-07T22:20:19.792640,4.244,-11,27,0,0,100,1,1
2026-08-07T22:20:19.815135,4.266,-14,30,0,0,100,1,1
2026-08-07T22:20:19.838715,4.290,-13,30,0,0,100,1,1
2026-08-07T22:20:19.861766,4.313,-8,22,0,0,100,1,1
2026-08-07T22:20:19.891946,4.343,-8,22,0,0,100,1,1
2026-08-07T22:20:19.913829,4.365,-8,22,0,0,100,1,1
2026-08-07T22:20:19.936980,4.388,-8,22,0,0,100,1,1
2026-08-07T22:20:19.959079,4.410,-8,22,0,0,100,1,1
2026-08-07T22:20:19.981723,4.433,-8,21,0,0,100,1,1
2026-08-07T22:20:20.015782,4.467,-8,22,0,0,100,1,1
2026-08-07T22:20:20.037392,4.489,-8,22,0,0,100,1,1
2026-08-07T22:20:20.059889,4.511,-8,22,0,0,100,1,1
2026-08-07T22:20:20.083819,4.535,-8,22,0,0,100,1,1
2026-08-07T22:20:20.105931,4.557,-9,22,0,0,100,1,1
2026-08-07T22:20:20.138119,4.589,-8,22,0,0,100,1,1
2026-08-07T22:20:20.160446,4.612,-8,22,0,0,100,1,1
2026-08-07T22:20:20.182601,4.634,-8,22,0,0,100,1,1
2026-08-07T22:20:20.204321,4.656,-8,22,0,0,100,1,1
2026-08-07T22:20:20.228644,4.680,-9,22,0,0,100,1,1
2026-08-07T22:20:20.259583,4.711,-8,22,0,0,100,1,1
2026-08-07T22:20:20.282869,4.734,-8,21,0,0,100,1,1
2026-08-07T22:20:20.304792,4.756,-9,22,0,0,100,1,1
2026-08-07T22:20:20.326478,4.778,-8,22,0,0,100,1,1
2026-08-07T22:20:20.349957,4.801,-9,22,0,0,100,1,1
2026-08-07T22:20:20.381884,4.833,-9,23,0,0,100,1,1
2026-08-07T22:20:20.403816,4.855,-9,22,0,0,100,1,1
2026-08-07T22:20:20.427710,4.879,-8,22,0,0,100,1,1
2026-08-07T22:20:20.449028,4.900,-9,22,0,0,100,1,1
2026-08-07T22:20:20.471215,4.923,-8,22,0,0,100,1,1
2026-08-07T22:20:20.505784,4.957,-8,23,0,0,100,1,1
2026-08-07T22:20:20.527994,4.979,-9,22,0,0,100,1,1
2026-08-07T22:20:20.549915,5.001,-8,21,0,0,100,1,1
2026-08-07T22:20:20.574427,5.026,-8,22,0,0,100,1,1
2026-08-07T22:20:20.596195,5.047,-8,22,0,0,100,1,1
2026-08-07T22:20:20.628969,5.080,-8,22,0,0,100,1,1
2026-08-07T22:20:20.650973,5.102,-8,22,0,0,100,1,1
2026-08-07T22:20:20.673058,5.124,-8,22,0,0,100,1,1
2026-08-07T22:20:20.697327,5.149,-8,22,0,0,100,1,1
2026-08-07T22:20:20.719242,5.171,-8,22,0,0,100,1,1
2026-08-07T22:20:20.750035,5.201,-9,22,0,0,100,1,1
2026-08-07T22:20:20.773142,5.224,-9,22,0,0,100,1,1
2026-08-07T22:20:20.795332,5.247,-9,22,0,0,100,1,1
2026-08-07T22:20:20.816859,5.268,-9,22,0,0,100,1,1
2026-08-07T22:20:20.840544,5.292,-9,23,0,0,100,1,1
2026-08-07T22:20:20.872249,5.324,-9,23,0,0,100,1,1
2026-08-07T22:20:20.894376,5.346,-8,22,0,0,100,1,1
2026-08-07T22:20:20.918274,5.370,-9,23,0,0,100,1,1
2026-08-07T22:20:20.939619,5.391,-8,22,0,0,100,1,1
2026-08-07T22:20:20.962667,5.414,-9,22,0,0,100,1,1
2026-08-07T22:20:20.996332,5.448,-9,22,0,0,100,1,1
2026-08-07T22:20:21.018520,5.470,-8,23,0,0,100,1,1
2026-08-07T22:20:21.040342,5.492,-9,23,0,0,100,1,1
2026-08-07T22:20:21.064479,5.516,-9,22,0,0,100,1,1
2026-08-07T22:20:21.086422,5.538,-8,22,0,0,100,1,1
2026-08-07T22:20:21.118931,5.570,-9,22,0,0,100,1,1
2026-08-07T22:20:21.140910,5.592,-9,22,0,0,100,1,1
2026-08-07T22:20:21.163201,5.614,-8,22,0,0,100,1,1
2026-08-07T22:20:21.188397,5.640,-9,23,0,0,100,1,1
2026-08-07T22:20:21.210722,5.662,-8,22,0,0,100,1,1
2026-08-07T22:20:21.240127,5.691,-8,22,0,0,100,1,1
2026-08-07T22:20:21.263420,5.715,-8,22,0,0,100,1,1
2026-08-07T22:20:21.285736,5.737,-8,22,0,0,100,1,1
2026-08-07T22:20:21.307471,5.759,-8,22,0,0,100,1,1
2026-08-07T22:20:21.331217,5.782,-9,22,0,0,100,1,1
2026-08-07T22:20:21.362864,5.814,-8,22,0,0,100,1,1
2026-08-07T22:20:21.384829,5.836,-9,23,0,0,100,1,1
2026-08-07T22:20:21.408469,5.860,-8,22,0,0,100,1,1
2026-08-07T22:20:21.429789,5.881,-8,22,0,0,100,1,1
2026-08-07T22:20:21.452961,5.904,-9,22,0,0,100,1,1
2026-08-07T22:20:21.486942,5.938,-9,23,0,0,100,1,1
2026-08-07T22:20:21.508779,5.960,-8,22,0,0,100,1,1
2026-08-07T22:20:21.530934,5.982,-8,22,0,0,100,1,1
2026-08-07T22:20:21.554985,6.006,-8,22,0,0,100,1,1
2026-08-07T22:20:21.577131,6.028,-9,24,0,0,100,1,1
2026-08-07T22:20:21.609617,6.061,-8,24,0,0,100,1,1
2026-08-07T22:20:21.631981,6.083,-8,24,0,0,100,1,1
2026-08-07T22:20:21.654153,6.105,-8,24,0,0,100,1,1
2026-08-07T22:20:21.678345,6.130,-8,24,0,0,100,1,1
2026-08-07T22:20:21.700329,6.152,-8,25,0,0,100,1,1
2026-08-07T22:20:21.730600,6.182,-8,25,0,0,100,1,1
2026-08-07T22:20:21.754014,6.205,-8,25,0,0,100,1,1
2026-08-07T22:20:21.775921,6.227,-8,25,0,0,100,1,1
2026-08-07T22:20:21.797550,6.249,-9,25,0,0,100,1,1
2026-08-07T22:20:21.821169,6.272,-8,25,0,0,100,1,1
2026-08-07T22:20:21.853077,6.304,-8,28,0,0,100,1,1
2026-08-07T22:20:21.875007,6.326,-8,28,0,0,100,1,1
2026-08-07T22:20:21.898737,6.350,-8,28,0,0,100,1,1
2026-08-07T22:20:21.920092,6.371,-9,28,0,0,100,1,1
2026-08-07T22:20:21.942488,6.394,-8,28,0,0,100,1,1
2026-08-07T22:20:21.977195,6.428,-8,28,0,0,100,1,1
2026-08-07T22:20:21.999305,6.451,-8,27,0,0,100,1,1
2026-08-07T22:20:22.021392,6.473,-8,28,0,0,100,1,1
2026-08-07T22:20:22.045552,6.497,-8,29,0,0,100,1,1
2026-08-07T22:20:22.067536,6.519,-8,29,0,0,100,1,1
2026-08-07T22:20:22.099886,6.551,-8,29,0,0,100,1,1
2026-08-07T22:20:22.122177,6.573,-8,29,0,0,100,1,1
2026-08-07T22:20:22.144088,6.595,-8,28,0,0,100,1,1
2026-08-07T22:20:22.168316,6.620,-8,29,0,0,100,1,1
2026-08-07T22:20:22.190306,6.642,-8,29,0,0,100,1,1
2026-08-07T22:20:22.220878,6.672,-8,29,0,0,100,1,1
2026-08-07T22:20:22.244311,6.696,-8,28,0,0,100,1,1
2026-08-07T22:20:22.266531,6.718,-8,28,0,0,100,1,1
2026-08-07T22:20:22.288042,6.739,-8,28,0,0,100,1,1
2026-08-07T22:20:22.311815,6.763,-8,28,0,0,100,1,1
2026-08-07T22:20:22.343476,6.795,-8,29,0,0,100,1,1
2026-08-07T22:20:22.365609,6.817,-8,30,0,0,100,1,1
2026-08-07T22:20:22.388956,6.840,-8,29,0,0,100,1,1
2026-08-07T22:20:22.410624,6.862,-8,29,0,0,100,1,1
2026-08-07T22:20:22.433792,6.885,-8,29,0,0,100,1,1
2026-08-07T22:20:22.467491,6.919,-8,30,0,0,100,1,1
2026-08-07T22:20:22.489416,6.941,-8,30,0,0,100,1,1
2026-08-07T22:20:22.511560,6.963,-8,30,0,0,100,1,1
2026-08-07T22:20:22.535729,6.987,-8,30,0,0,100,1,1
2026-08-07T22:20:22.557621,7.009,-8,30,0,0,100,1,1
2026-08-07T22:20:22.590373,7.042,-8,31,0,0,100,1,1
2026-08-07T22:20:22.612265,7.064,-8,30,0,0,100,1,1
2026-08-07T22:20:22.634662,7.086,-8,30,0,0,100,1,1
2026-08-07T22:20:22.658593,7.110,-8,31,0,0,100,1,1
2026-08-07T22:20:22.680770,7.132,-8,31,0,0,100,1,1
2026-08-07T22:20:22.711108,7.162,-8,31,0,0,100,1,1
2026-08-07T22:20:22.734882,7.186,-8,31,0,0,100,1,1
2026-08-07T22:20:22.756893,7.208,-8,31,0,0,100,1,1
2026-08-07T22:20:22.778459,7.230,-8,33,0,0,100,1,1
2026-08-07T22:20:22.802067,7.253,-8,33,0,0,100,1,1
2026-08-07T22:20:22.833938,7.285,-8,33,0,0,100,1,1
2026-08-07T22:20:22.855947,7.307,-8,33,0,0,100,1,1
2026-08-07T22:20:22.879422,7.331,-8,33,0,0,100,1,1
2026-08-07T22:20:22.901276,7.353,-8,33,0,0,100,1,1
2026-08-07T22:20:22.924040,7.375,-8,33,0,0,100,1,1
2026-08-07T22:20:22.958004,7.409,-8,34,0,0,100,1,1
2026-08-07T22:20:22.979816,7.431,-8,33,0,0,100,1,1
2026-08-07T22:20:23.001981,7.453,-8,34,0,0,100,1,1
2026-08-07T22:20:23.026098,7.477,-8,34,0,0,100,1,1
2026-08-07T22:20:23.048196,7.499,-8,34,0,0,100,1,1
2026-08-07T22:20:23.080349,7.532,-8,35,0,0,100,1,1
2026-08-07T22:20:23.102811,7.554,-8,35,0,0,100,1,1
2026-08-07T22:20:23.124915,7.576,-8,36,0,0,100,1,1
2026-08-07T22:20:23.146597,7.598,-8,35,0,0,100,1,1
2026-08-07T22:20:23.171066,7.622,-8,35,0,0,100,1,1
2026-08-07T22:20:23.201606,7.653,-8,36,0,0,100,1,1
2026-08-07T22:20:23.225117,7.676,-8,36,0,0,100,1,1
2026-08-07T22:20:23.246945,7.698,-8,36,0,0,100,1,1
2026-08-07T22:20:23.268745,7.720,-8,36,0,0,100,1,1
2026-08-07T22:20:23.292449,7.744,-8,35,0,0,100,1,1
2026-08-07T22:20:23.324376,7.776,-8,36,0,0,100,1,1
2026-08-07T22:20:23.346317,7.798,-8,35,0,0,100,1,1
2026-08-07T22:20:23.370074,7.821,-8,36,0,0,100,1,1
2026-08-07T22:20:23.391755,7.843,-8,36,0,0,100,1,1
2026-08-07T22:20:23.414788,7.866,-8,36,0,0,100,1,1
2026-08-07T22:20:23.448240,7.899,-8,36,0,0,100,1,1
2026-08-07T22:20:23.470349,7.922,-8,37,0,0,100,1,1
2026-08-07T22:20:23.492457,7.944,-8,37,0,0,100,1,1
2026-08-07T22:20:23.516694,7.968,-8,38,0,0,100,1,1
2026-08-07T22:20:23.538554,7.990,-8,38,0,0,100,1,1
2026-08-07T22:20:23.571123,8.022,-8,38,0,0,100,1,1
2026-08-07T22:20:23.593113,8.044,-8,38,0,0,100,1,1
2026-08-07T22:20:23.615197,8.066,-8,40,0,0,100,1,1
2026-08-07T22:20:23.639871,8.091,-8,42,0,0,100,1,1
2026-08-07T22:20:23.661876,8.113,-9,44,0,0,100,1,1
2026-08-07T22:20:23.692109,8.143,-9,45,0,0,100,1,1
2026-08-07T22:20:23.715355,8.167,-9,44,0,0,100,1,1
2026-08-07T22:20:23.737528,8.189,-9,44,0,0,100,1,1
2026-08-07T22:20:23.759042,8.210,-9,45,0,0,100,1,1
2026-08-07T22:20:23.782952,8.234,-9,45,0,0,100,1,1
2026-08-07T22:20:23.814421,8.266,-9,45,0,0,100,1,1
2026-08-07T22:20:23.836634,8.288,-9,44,0,0,100,1,1
2026-08-07T22:20:23.859938,8.311,-8,44,0,0,100,1,1
2026-08-07T22:20:23.881684,8.333,-9,44,0,0,100,1,1
2026-08-07T22:20:23.904017,8.355,-9,45,0,0,100,1,1
2026-08-07T22:20:23.938458,8.390,-9,45,0,0,100,1,1
2026-08-07T22:20:23.960671,8.412,-9,45,0,0,100,1,1
2026-08-07T22:20:23.982779,8.434,-9,44,0,0,100,1,1
2026-08-07T22:20:24.006816,8.458,-9,44,0,0,100,1,1
2026-08-07T22:20:24.028822,8.480,-9,44,0,0,100,1,1
2026-08-07T22:20:24.061340,8.513,-9,45,0,0,100,1,1
2026-08-07T22:20:24.083486,8.535,-9,45,0,0,100,1,1
2026-08-07T22:20:24.105963,8.557,-9,45,0,0,100,1,1
2026-08-07T22:20:24.129695,8.581,-9,44,0,0,100,1,1
2026-08-07T22:20:24.152055,8.603,-9,44,0,0,100,1,1
2026-08-07T22:20:24.182382,8.634,-9,44,0,0,100,1,1
2026-08-07T22:20:24.205908,8.657,-9,45,0,0,100,1,1
2026-08-07T22:20:24.227905,8.679,-9,44,0,0,100,1,1
2026-08-07T22:20:24.249360,8.701,-9,44,0,0,100,1,1
2026-08-07T22:20:24.273197,8.724,-8,44,0,0,100,1,1
2026-08-07T22:20:24.305063,8.756,-8,44,0,0,100,1,1
2026-08-07T22:20:24.327114,8.778,-8,44,0,0,100,1,1
2026-08-07T22:20:24.350518,8.802,-9,44,0,0,100,1,1
2026-08-07T22:20:24.372250,8.824,-8,44,0,0,100,1,1
2026-08-07T22:20:24.394975,8.846,-8,43,0,0,100,1,1
2026-08-07T22:20:24.429126,8.880,-8,44,0,0,100,1,1
2026-08-07T22:20:24.451062,8.902,-8,43,0,0,100,1,1
2026-08-07T22:20:24.473404,8.925,-8,44,0,0,100,1,1
2026-08-07T22:20:24.497489,8.949,-9,47,0,0,100,1,1
2026-08-07T22:20:24.520068,8.971,-11,44,0,0,100,1,1
2026-08-07T22:20:24.551970,9.003,-9,52,0,0,100,1,1
2026-08-07T22:20:24.573831,9.025,-10,52,0,0,100,1,1
2026-08-07T22:20:24.596108,9.047,-8,47,0,0,100,1,1
2026-08-07T22:20:24.620716,9.072,-8,50,0,0,100,1,1
2026-08-07T22:20:24.643029,9.094,-9,52,0,0,100,1,1
2026-08-07T22:20:24.673816,9.125,-9,53,0,0,100,1,1
2026-08-07T22:20:24.696686,9.148,-9,52,0,0,100,1,1
2026-08-07T22:20:24.719450,9.171,-8,53,0,0,100,1,1
2026-08-07T22:20:24.742120,9.193,-9,52,0,0,100,1,1
2026-08-07T22:20:24.766049,9.217,-9,50,0,0,100,1,1
2026-08-07T22:20:24.795800,9.247,-9,52,0,0,100,1,1
2026-08-07T22:20:24.818195,9.269,-9,52,0,0,100,1,1
2026-08-07T22:20:24.842119,9.293,-9,52,0,0,100,1,1
2026-08-07T22:20:24.864970,9.316,-9,53,0,0,100,1,1
2026-08-07T22:20:24.887087,9.338,-9,53,0,0,100,1,1
2026-08-07T22:20:24.919669,9.371,-9,52,0,0,100,1,1
2026-08-07T22:20:24.941793,9.393,-9,50,0,0,100,1,1
2026-08-07T22:20:24.963906,9.415,-9,52,0,0,100,1,1
2026-08-07T22:20:24.988635,9.440,-9,53,0,0,100,1,1
2026-08-07T22:20:25.010863,9.462,-9,51,0,0,100,1,1
2026-08-07T22:20:25.042693,9.494,-9,53,0,0,100,1,1
2026-08-07T22:20:25.064579,9.516,-9,52,0,0,100,1,1
2026-08-07T22:20:25.086940,9.538,-9,52,0,0,100,1,1
2026-08-07T22:20:25.111576,9.563,-10,53,0,0,100,1,1
2026-08-07T22:20:25.134045,9.585,-10,49,0,0,100,1,1
2026-08-07T22:20:25.163570,9.615,-8,51,0,0,100,1,1
2026-08-07T22:20:25.186996,9.638,-9,50,0,0,100,1,1
2026-08-07T22:20:25.209253,9.661,-9,54,0,0,100,1,1
2026-08-07T22:20:25.232241,9.684,-9,55,0,0,100,1,1
2026-08-07T22:20:25.255958,9.707,-9,54,0,0,100,1,1
2026-08-07T22:20:25.286091,9.737,-9,54,0,0,100,1,1
2026-08-07T22:20:25.308270,9.760,-10,51,0,0,100,1,1
2026-08-07T22:20:25.331800,9.783,-9,51,0,0,100,1,1
2026-08-07T22:20:25.354879,9.806,-9,50,0,0,100,1,1
2026-08-07T22:20:25.376945,9.828,-10,52,0,0,100,1,1
2026-08-07T22:20:25.409957,9.861,-9,54,0,0,100,1,1
2026-08-07T22:20:25.433834,9.885,-8,55,0,0,100,1,1
2026-08-07T22:20:25.455719,9.907,-9,50,0,0,100,1,1
2026-08-07T22:20:25.480578,9.932,-9,55,0,0,100,1,1
2026-08-07T22:20:25.513947,9.965,-9,54,0,0,100,1,1
2026-08-07T22:20:25.537389,9.989,-9,53,0,0,100,1,1
2026-08-07T22:20:25.560137,10.011,-9,52,0,0,100,1,1
2026-08-07T22:20:25.582863,10.034,-10,50,0,0,100,1,1
2026-08-07T22:20:25.606474,10.058,-9,54,0,0,100,1,1
2026-08-07T22:20:25.636121,10.087,-10,52,0,0,100,1,1
2026-08-07T22:20:25.658296,10.110,-9,54,0,0,100,1,1
2026-08-07T22:20:25.682147,10.133,-9,51,0,0,100,1,1
2026-08-07T22:20:25.704839,10.156,-9,51,0,0,100,1,1
2026-08-07T22:20:25.726952,10.178,-9,51,0,0,100,1,1
2026-08-07T22:20:25.760172,10.211,-10,51,0,0,100,1,1
2026-08-07T22:20:25.782162,10.233,-9,50,0,0,100,1,1
2026-08-07T22:20:25.804442,10.256,-10,52,0,0,100,1,1
2026-08-07T22:20:25.829474,10.281,-9,54,0,0,100,1,1
2026-08-07T22:20:25.851852,10.303,-9,54,0,0,100,1,1
2026-08-07T22:20:25.883366,10.335,-9,51,0,0,100,1,1
2026-08-07T22:20:25.905448,10.357,-8,54,0,0,100,1,1
2026-08-07T22:20:25.927634,10.379,-9,50,0,0,100,1,1
2026-08-07T22:20:25.952300,10.403,-9,49,0,0,100,1,1
2026-08-07T22:20:25.974421,10.426,-8,52,0,0,100,1,1
2026-08-07T22:20:26.004256,10.456,-9,55,0,0,100,1,1
2026-08-07T22:20:26.027739,10.479,-8,54,0,0,100,1,1
2026-08-07T22:20:26.049874,10.501,-8,55,0,0,100,1,1
2026-08-07T22:20:26.073033,10.524,-9,55,0,0,100,1,1
2026-08-07T22:20:26.096499,10.548,-8,55,0,0,100,1,1
2026-08-07T22:20:26.126504,10.578,-8,54,0,0,100,1,1
2026-08-07T22:20:26.148652,10.600,-8,55,0,0,100,1,1
2026-08-07T22:20:26.172601,10.624,-8,55,0,0,100,1,1
2026-08-07T22:20:26.195541,10.647,-8,55,0,0,100,1,1
2026-08-07T22:20:26.217874,10.669,-9,55,0,0,100,1,1
2026-08-07T22:20:26.250821,10.702,-8,55,0,0,100,1,1
2026-08-07T22:20:26.273203,10.724,-8,55,0,0,100,1,1
2026-08-07T22:20:26.295513,10.747,-9,52,0,0,100,1,1
2026-08-07T22:20:26.320269,10.772,-9,51,0,0,100,1,1
2026-08-07T22:20:26.342197,10.793,-10,52,0,0,100,1,1
2026-08-07T22:20:26.373519,10.825,-8,54,0,0,100,1,1
2026-08-07T22:20:26.395943,10.847,-9,52,0,0,100,1,1
2026-08-07T22:20:26.418172,10.869,-9,54,0,0,100,1,1
2026-08-07T22:20:26.442918,10.894,-9,53,0,0,100,1,1
2026-08-07T22:20:26.465043,10.916,-9,52,0,0,100,1,1
2026-08-07T22:20:26.494427,10.946,-9,55,0,0,100,1,1
2026-08-07T22:20:26.518069,10.969,-8,55,0,0,100,1,1
2026-08-07T22:20:26.540525,10.992,-9,54,0,0,100,1,1
2026-08-07T22:20:26.563284,11.015,-9,53,0,0,100,1,1
2026-08-07T22:20:26.586892,11.038,-9,54,0,0,100,1,1
2026-08-07T22:20:26.617136,11.068,-9,54,0,0,100,1,1
2026-08-07T22:20:26.639424,11.091,-9,51,0,0,100,1,1
2026-08-07T22:20:26.663096,11.114,-9,54,0,0,100,1,1
2026-08-07T22:20:26.686180,11.137,-9,54,0,0,100,1,1
2026-08-07T22:20:26.708300,11.160,-9,54,0,0,100,1,1
2026-08-07T22:20:26.741452,11.193,-10,51,0,0,100,1,1
2026-08-07T22:20:26.763454,11.215,-9,54,0,0,100,1,1
2026-08-07T22:20:26.785778,11.237,-9,54,0,0,100,1,1
2026-08-07T22:20:26.810811,11.262,-9,54,0,0,100,1,1
2026-08-07T22:20:26.833042,11.284,-10,52,0,0,100,1,1
2026-08-07T22:20:26.863566,11.315,-9,52,0,0,100,1,1
2026-08-07T22:20:26.885816,11.337,-9,52,0,0,100,1,1
2026-08-07T22:20:26.908227,11.360,-9,53,0,0,100,1,1
2026-08-07T22:20:26.933174,11.384,-10,53,0,0,100,1,1
2026-08-07T22:20:26.955361,11.407,-10,52,0,0,100,1,1
2026-08-07T22:20:26.984763,11.436,-9,53,0,0,100,1,1
2026-08-07T22:20:27.008670,11.460,-9,51,0,0,100,1,1
2026-08-07T22:20:27.030913,11.482,-9,51,0,0,100,1,1
2026-08-07T22:20:27.052886,11.504,-10,51,0,0,100,1,1
2026-08-07T22:20:27.076919,11.528,-9,53,0,0,100,1,1
2026-08-07T22:20:27.107439,11.559,-9,51,0,0,100,1,1
2026-08-07T22:20:27.129746,11.581,-9,49,0,0,100,1,1
2026-08-07T22:20:27.153416,11.605,-9,50,0,0,100,1,1
2026-08-07T22:20:27.176434,11.628,-9,49,0,0,100,1,1
2026-08-07T22:20:27.198189,11.649,-9,51,0,0,100,1,1
2026-08-07T22:20:27.231337,11.683,-10,49,0,0,100,1,1
2026-08-07T22:20:27.253878,11.705,-10,50,0,0,100,1,1
2026-08-07T22:20:27.275841,11.727,-10,49,0,0,100,1,1
2026-08-07T22:20:27.300898,11.752,-9,53,0,0,100,1,1
2026-08-07T22:20:27.322927,11.774,-10,50,0,0,100,1,1
2026-08-07T22:20:27.354382,11.806,-10,51,0,0,100,1,1
2026-08-07T22:20:27.376657,11.828,-10,51,0,0,100,1,1
2026-08-07T22:20:27.399122,11.850,-11,50,0,0,100,1,1
2026-08-07T22:20:27.423723,11.875,-11,51,0,0,100,1,1
2026-08-07T22:20:27.445977,11.897,-10,50,0,0,100,1,1
2026-08-07T22:20:27.475284,11.927,-10,45,0,0,100,1,1
2026-08-07T22:20:27.498551,11.950,-10,50,0,0,100,1,1
2026-08-07T22:20:27.520928,11.972,-11,49,0,0,100,1,1
2026-08-07T22:20:27.546205,11.997,-9,50,0,0,100,1,1
2026-08-07T22:20:27.569546,12.021,-11,48,0,0,100,1,1
2026-08-07T22:20:27.597720,12.049,-9,46,0,0,100,1,1
2026-08-07T22:20:27.619830,12.071,-10,46,0,0,100,1,1
2026-08-07T22:20:27.643651,12.095,-10,49,0,0,100,1,1
2026-08-07T22:20:27.666908,12.118,-10,47,0,0,100,1,1
2026-08-07T22:20:27.689166,12.140,-9,48,0,0,100,1,1
2026-08-07T22:20:27.721973,12.173,-11,45,0,0,100,1,1
2026-08-07T22:20:27.744022,12.195,-10,42,0,0,100,1,1
2026-08-07T22:20:27.766476,12.218,-11,45,0,0,100,1,1
2026-08-07T22:20:27.791217,12.242,-10,43,0,0,100,1,1
2026-08-07T22:20:27.813119,12.264,-11,48,0,0,100,1,1
2026-08-07T22:20:27.845012,12.296,-11,45,0,0,100,1,1
2026-08-07T22:20:27.866974,12.318,-11,43,0,0,100,1,1
2026-08-07T22:20:27.889256,12.341,-11,44,0,0,100,1,1
2026-08-07T22:20:27.913791,12.365,-12,46,0,0,100,1,1
2026-08-07T22:20:27.936176,12.387,-12,46,0,0,100,1,1
2026-08-07T22:20:27.965516,12.417,-12,45,0,0,100,1,1
2026-08-07T22:20:27.989128,12.440,-12,46,0,0,100,1,1
2026-08-07T22:20:28.011485,12.463,-11,47,0,0,100,1,1
2026-08-07T22:20:28.034790,12.486,-12,45,0,0,100,1,1
2026-08-07T22:20:28.058188,12.509,-12,44,0,0,100,1,1
2026-08-07T22:20:28.088314,12.540,-12,45,0,0,100,1,1
2026-08-07T22:20:28.110330,12.562,-12,46,0,0,100,1,1
2026-08-07T22:20:28.134354,12.586,-12,46,0,0,100,1,1
2026-08-07T22:20:28.157424,12.609,-11,45,0,0,100,1,1
2026-08-07T22:20:28.179937,12.631,-12,46,0,0,100,1,1
2026-08-07T22:20:28.212189,12.663,-11,42,0,0,100,1,1
2026-08-07T22:20:28.234027,12.685,-12,44,0,0,100,1,1
2026-08-07T22:20:28.256733,12.708,-13,42,0,0,100,1,1
2026-08-07T22:20:28.281523,12.733,-12,43,0,0,100,1,1
2026-08-07T22:20:28.303570,12.755,-12,44,0,0,100,1,1
2026-08-07T22:20:28.335139,12.786,-13,43,0,0,100,1,1
2026-08-07T22:20:28.357646,12.809,-12,43,0,0,100,1,1
2026-08-07T22:20:28.380193,12.831,-13,43,0,0,100,1,1
2026-08-07T22:20:28.404933,12.856,-13,42,0,0,100,1,1
2026-08-07T22:20:28.426937,12.878,-11,39,0,0,100,1,1
2026-08-07T22:20:28.455940,12.907,-13,42,0,0,100,1,1
2026-08-07T22:20:28.480131,12.931,-12,45,0,0,100,1,1
2026-08-07T22:20:28.502594,12.954,-13,40,0,0,100,1,1
2026-08-07T22:20:28.525946,12.977,-13,43,0,0,100,1,1
2026-08-07T22:20:28.549590,13.001,-12,43,0,0,100,1,1
2026-08-07T22:20:28.578851,13.030,-14,40,0,0,100,1,1
2026-08-07T22:20:28.600839,13.052,-14,41,0,0,100,1,1
2026-08-07T22:20:28.624874,13.076,-13,42,0,0,100,1,1
2026-08-07T22:20:28.647979,13.099,-13,40,0,0,100,1,1
2026-08-07T22:20:28.670209,13.121,-12,44,0,0,100,1,1
2026-08-07T22:20:28.702702,13.154,-13,43,0,0,100,1,1
2026-08-07T22:20:28.725289,13.177,-12,43,0,0,100,1,1
2026-08-07T22:20:28.747701,13.199,-14,40,0,0,100,1,1
2026-08-07T22:20:28.772922,13.224,-13,43,0,0,100,1,1
2026-08-07T22:20:28.795155,13.246,-14,39,0,0,100,1,1
2026-08-07T22:20:28.818009,13.269,-14,39,0,0,100,1,1
2026-08-07T22:20:28.842987,13.294,-13,42,0,0,100,1,1
2026-08-07T22:20:28.865221,13.316,-15,40,0,0,100,1,1
2026-08-07T22:20:28.895615,13.347,-14,42,0,0,100,1,1
2026-08-07T22:20:28.918283,13.370,-14,40,0,0,100,1,1
2026-08-07T22:20:28.940738,13.392,-14,41,0,0,100,1,1
2026-08-07T22:20:28.965207,13.416,-14,39,0,0,100,1,1
2026-08-07T22:20:28.987391,13.439,-14,41,0,0,100,1,1
2026-08-07T22:20:29.016485,13.468,-13,39,0,0,100,1,1
2026-08-07T22:20:29.040324,13.492,-14,41,0,0,100,1,1
2026-08-07T22:20:29.062776,13.514,-14,39,0,0,100,1,1
2026-08-07T22:20:29.085852,13.537,-14,39,0,0,100,1,1
2026-08-07T22:20:29.109574,13.561,-14,37,0,0,100,1,1
2026-08-07T22:20:29.139117,13.590,-16,36,0,0,100,1,1
2026-08-07T22:20:29.161227,13.612,-14,41,0,0,100,1,1
2026-08-07T22:20:29.185225,13.636,-14,40,0,0,100,1,1
2026-08-07T22:20:29.208346,13.660,-14,40,0,0,100,1,1
2026-08-07T22:20:29.230822,13.682,-15,39,0,0,100,1,1
2026-08-07T22:20:29.262816,13.714,-14,39,0,0,100,1,1
2026-08-07T22:20:29.285044,13.736,-13,40,0,0,100,1,1
2026-08-07T22:20:29.308017,13.759,-14,40,0,0,100,1,1
2026-08-07T22:20:29.332393,13.784,-13,40,0,0,100,1,1
2026-08-07T22:20:29.354780,13.806,-14,38,0,0,100,1,1
2026-08-07T22:20:29.385507,13.837,-12,35,0,0,100,1,1
2026-08-07T22:20:29.407842,13.859,-13,39,0,0,100,1,1
2026-08-07T22:20:29.430185,13.881,-12,35,0,0,100,1,1
2026-08-07T22:20:29.454968,13.906,-14,39,0,0,100,1,1
2026-08-07T22:20:29.477315,13.929,-14,38,0,0,100,1,1
2026-08-07T22:20:29.506834,13.958,-14,38,0,0,100,1,1
2026-08-07T22:20:29.530016,13.981,-15,38,0,0,100,1,1
2026-08-07T22:20:29.552934,14.004,-14,40,0,0,100,1,1
2026-08-07T22:20:29.575478,14.027,-14,39,0,0,100,1,1
2026-08-07T22:20:29.599135,14.050,-14,38,0,0,100,1,1
2026-08-07T22:20:29.629406,14.081,-14,39,0,0,100,1,1
2026-08-07T22:20:29.651519,14.103,-14,39,0,0,100,1,1
2026-08-07T22:20:29.676898,14.128,-14,39,0,0,100,1,1
2026-08-07T22:20:29.699918,14.151,-14,41,0,0,100,1,1
2026-08-07T22:20:29.736208,14.187,-12,40,0,0,100,1,1
2026-08-07T22:20:29.758465,14.210,-13,40,0,0,100,1,1
2026-08-07T22:20:29.780621,14.232,-14,39,0,0,100,1,1
2026-08-07T22:20:29.805439,14.257,-13,38,0,0,100,1,1
2026-08-07T22:20:29.827371,14.279,-14,37,0,0,100,1,1
2026-08-07T22:20:29.856924,14.308,-11,34,0,0,100,1,1
2026-08-07T22:20:29.880694,14.332,-11,34,0,0,100,1,1
2026-08-07T22:20:29.902924,14.354,-12,34,0,0,100,1,1
2026-08-07T22:20:29.925897,14.377,-15,42,0,0,100,1,1
2026-08-07T22:20:29.948991,14.400,-12,43,0,0,100,1,1
2026-08-07T22:20:29.979130,14.430,-11,45,0,0,100,1,1
2026-08-07T22:20:30.001381,14.453,-11,45,0,0,100,1,1
2026-08-07T22:20:30.024754,14.476,-11,46,0,0,100,1,1
2026-08-07T22:20:30.046008,14.497,-12,44,0,0,100,1,1
2026-08-07T22:20:30.068371,14.520,-9,45,0,0,100,1,1
2026-08-07T22:20:30.103528,14.555,-12,44,0,0,100,1,1
2026-08-07T22:20:30.125059,14.576,-11,45,0,0,100,1,1
2026-08-07T22:20:30.147028,14.598,-10,44,0,0,100,1,1
2026-08-07T22:20:30.171080,14.622,-10,44,0,0,100,1,1
2026-08-07T22:20:30.192849,14.644,-12,45,0,0,100,1,1
2026-08-07T22:20:30.226119,14.677,-11,45,0,0,100,1,1
2026-08-07T22:20:30.247845,14.699,-12,45,0,0,100,1,1
2026-08-07T22:20:30.269882,14.721,-11,45,0,0,100,1,1
2026-08-07T22:20:30.291316,14.743,-12,46,0,0,100,1,1
2026-08-07T22:20:30.315177,14.766,-11,45,0,0,100,1,1
2026-08-07T22:20:30.346973,14.798,-10,45,0,0,100,1,1
2026-08-07T22:20:30.370028,14.821,-12,44,0,0,100,1,1
2026-08-07T22:20:30.392163,14.843,-8,45,0,0,100,1,1
2026-08-07T22:20:30.413183,14.864,-8,46,0,0,100,1,1
2026-08-07T22:20:30.437301,14.889,-9,44,0,0,100,1,1
2026-08-07T22:20:30.469535,14.921,-13,44,0,0,100,1,1
2026-08-07T22:20:30.491215,14.942,-12,44,0,0,100,1,1
2026-08-07T22:20:30.514409,14.966,-35,41,0,0,100,1,1
2026-08-07T22:20:30.536292,14.988,-35,42,0,0,100,1,1
2026-08-07T22:20:30.558654,15.010,-35,43,0,0,100,1,1
2026-08-07T22:20:30.593685,15.045,-34,44,0,0,100,1,1
2026-08-07T22:20:30.615391,15.067,-12,44,0,0,100,1,1
2026-08-07T22:20:30.637359,15.089,-35,43,0,0,100,1,1
2026-08-07T22:20:30.661276,15.113,-35,43,0,0,100,1,1
2026-08-07T22:20:30.683346,15.135,-35,42,0,0,100,1,1
2026-08-07T22:20:30.716140,15.167,-34,44,0,0,100,1,1
2026-08-07T22:20:30.738324,15.190,-33,46,0,0,100,1,1
2026-08-07T22:20:30.760136,15.211,-34,45,0,0,100,1,1
2026-08-07T22:20:30.781525,15.233,-33,44,0,0,100,1,1
2026-08-07T22:20:30.805321,15.257,-10,46,0,0,100,1,1
2026-08-07T22:20:30.837295,15.289,-10,46,0,0,100,1,1
2026-08-07T22:20:30.860773,15.312,-32,46,0,0,100,1,1
2026-08-07T22:20:30.882610,15.334,-10,46,0,0,100,1,1
2026-08-07T22:20:30.904298,15.356,-12,45,0,0,100,1,1
2026-08-07T22:20:30.928256,15.380,-13,44,0,0,100,1,1
2026-08-07T22:20:30.960136,15.411,-14,43,0,0,100,1,1
2026-08-07T22:20:30.982081,15.433,-14,42,0,0,100,1,1
2026-08-07T22:20:31.005417,15.457,-15,42,0,0,100,1,1
2026-08-07T22:20:31.027175,15.478,-14,44,0,0,100,1,1
2026-08-07T22:20:31.049254,15.500,-14,42,0,0,100,1,1
2026-08-07T22:20:31.083848,15.535,-14,43,0,0,100,1,1
2026-08-07T22:20:31.105791,15.557,-14,44,0,0,100,1,1
2026-08-07T22:20:31.127870,15.579,-13,44,0,0,100,1,1
2026-08-07T22:20:31.151826,15.603,-14,43,0,0,100,1,1
2026-08-07T22:20:31.173643,15.625,-14,44,0,0,100,1,1
2026-08-07T22:20:31.206934,15.658,-14,44,0,0,100,1,1
2026-08-07T22:20:31.228619,15.680,-13,45,0,0,100,1,1
2026-08-07T22:20:31.250532,15.702,-13,45,0,0,100,1,1
2026-08-07T22:20:31.272116,15.723,-15,43,0,0,100,1,1
2026-08-07T22:20:31.295604,15.747,-14,44,0,0,100,1,1
2026-08-07T22:20:31.327816,15.779,-14,43,0,0,100,1,1
2026-08-07T22:20:31.350937,15.802,-15,42,0,0,100,1,1
2026-08-07T22:20:31.373425,15.825,-14,45,0,0,100,1,1
2026-08-07T22:20:31.394345,15.846,-14,43,0,0,100,1,1
2026-08-07T22:20:31.418226,15.869,-14,43,0,0,100,1,1
2026-08-07T22:20:31.450514,15.902,-14,42,0,0,100,1,1
2026-08-07T22:20:31.472177,15.923,-14,43,0,0,100,1,1
2026-08-07T22:20:31.495438,15.947,-15,43,0,0,100,1,1
2026-08-07T22:20:31.516794,15.968,-14,44,0,0,100,1,1
2026-08-07T22:20:31.539182,15.990,-14,43,0,0,100,1,1
2026-08-07T22:20:31.574271,16.026,-13,44,0,0,100,1,1
2026-08-07T22:20:31.596134,16.047,-14,44,0,0,100,1,1
2026-08-07T22:20:31.618303,16.069,-14,42,0,0,100,1,1
2026-08-07T22:20:31.641939,16.093,-33,40,0,0,100,1,1
2026-08-07T22:20:31.664042,16.115,-17,40,0,0,100,1,1
2026-08-07T22:20:31.696910,16.148,-16,42,0,0,100,1,1
2026-08-07T22:20:31.719003,16.170,-15,42,0,0,100,1,1
2026-08-07T22:20:31.741247,16.192,-15,42,0,0,100,1,1
2026-08-07T22:20:31.762239,16.213,-14,42,0,0,100,1,1
2026-08-07T22:20:31.788321,16.240,-14,43,0,0,100,1,1
2026-08-07T22:20:31.818128,16.269,-16,42,0,0,100,1,1
2026-08-07T22:20:31.841132,16.292,-13,44,0,0,100,1,1
2026-08-07T22:20:31.863427,16.315,-14,43,0,0,100,1,1
2026-08-07T22:20:31.884730,16.336,-14,44,0,0,100,1,1
2026-08-07T22:20:31.908567,16.360,-16,42,0,0,100,1,1
2026-08-07T22:20:31.940678,16.392,-14,43,0,0,100,1,1
2026-08-07T22:20:31.962582,16.414,-15,43,0,0,100,1,1
2026-08-07T22:20:31.985831,16.437,-16,41,0,0,100,1,1
2026-08-07T22:20:32.007006,16.458,-16,41,0,0,100,1,1
2026-08-07T22:20:32.029871,16.481,-16,40,0,0,100,1,1
2026-08-07T22:20:32.064934,16.516,-17,37,0,0,100,1,1
2026-08-07T22:20:32.086714,16.538,-17,38,0,0,100,1,1
2026-08-07T22:20:32.108538,16.560,-18,38,0,0,100,1,1
2026-08-07T22:20:32.132614,16.584,-19,36,0,0,100,1,1
2026-08-07T22:20:32.154302,16.606,-20,35,0,0,100,1,1
2026-08-07T22:20:32.187590,16.639,-20,34,0,0,100,1,1
2026-08-07T22:20:32.209362,16.661,-22,31,0,0,100,1,1
2026-08-07T22:20:32.231385,16.683,-18,38,0,0,100,1,1
2026-08-07T22:20:32.252730,16.704,-20,30,0,0,100,1,1
2026-08-07T22:20:32.276171,16.727,-21,29,0,0,100,1,1
2026-08-07T22:20:32.308514,16.760,-23,28,0,0,100,1,1
2026-08-07T22:20:32.331649,16.783,-23,25,0,0,100,1,1
2026-08-07T22:20:32.353825,16.805,-21,26,0,0,100,1,1
2026-08-07T22:20:32.375153,16.826,-19,27,0,0,100,1,1
2026-08-07T22:20:32.399149,16.850,-20,26,0,0,100,1,1
2026-08-07T22:20:32.430833,16.882,-19,25,0,0,100,1,1
2026-08-07T22:20:32.452917,16.904,-20,25,0,0,100,1,1
2026-08-07T22:20:32.476034,16.927,-20,23,0,0,100,1,1
2026-08-07T22:20:32.497362,16.949,-22,22,0,0,100,1,1
2026-08-07T22:20:32.520214,16.971,-20,23,0,0,100,1,1
2026-08-07T22:20:32.554983,17.006,-20,23,0,0,100,1,1
2026-08-07T22:20:32.577076,17.028,-20,23,0,0,100,1,1
2026-08-07T22:20:32.598536,17.050,-20,23,0,0,100,1,1
2026-08-07T22:20:32.623007,17.074,-23,20,0,0,100,1,1
2026-08-07T22:20:32.644620,17.096,-22,18,0,0,100,1,1
2026-08-07T22:20:32.677747,17.129,-21,18,0,0,100,1,1
2026-08-07T22:20:32.699698,17.151,-21,19,0,0,100,1,1
2026-08-07T22:20:32.722065,17.173,-23,16,0,0,100,1,1
2026-08-07T22:20:32.743161,17.194,-21,18,0,0,100,1,1
2026-08-07T22:20:32.767057,17.218,-22,16,0,0,100,1,1
2026-08-07T22:20:32.798572,17.250,-23,13,0,0,100,1,1
2026-08-07T22:20:32.821827,17.273,-21,15,0,0,100,1,1
2026-08-07T22:20:32.843503,17.295,-20,14,0,0,100,1,1
2026-08-07T22:20:32.865179,17.316,-21,14,0,0,100,1,1
2026-08-07T22:20:32.889545,17.341,-21,13,0,0,100,1,1
2026-08-07T22:20:32.921391,17.373,-19,14,0,0,100,1,1
2026-08-07T22:20:32.943260,17.394,-20,12,0,0,100,1,1
2026-08-07T22:20:32.966317,17.418,-21,10,0,0,100,1,1
2026-08-07T22:20:32.987954,17.439,-20,11,0,0,100,1,1
2026-08-07T22:20:33.010534,17.462,-22,8,0,0,100,1,1
2026-08-07T22:20:33.045393,17.497,-19,9,0,0,100,1,1
2026-08-07T22:20:33.067376,17.519,-20,7,0,0,100,1,1
2026-08-07T22:20:33.089274,17.541,-21,6,0,0,100,1,1
2026-08-07T22:20:33.113157,17.564,-20,6,0,0,100,1,1
2026-08-07T22:20:33.134961,17.586,-21,5,0,0,100,1,1
2026-08-07T22:20:33.168263,17.619,-20,4,0,0,100,1,1
2026-08-07T22:20:33.190351,17.642,-21,4,0,0,100,1,1
2026-08-07T22:20:33.212159,17.663,-23,3,0,0,100,1,1
2026-08-07T22:20:33.233893,17.685,-21,2,0,0,100,1,1
2026-08-07T22:20:33.257404,17.709,-20,3,0,0,100,1,1
2026-08-07T22:20:33.289455,17.741,-21,3,0,0,100,1,1
2026-08-07T22:20:33.312579,17.764,-20,2,0,0,100,1,1
2026-08-07T22:20:33.334316,17.786,-19,2,0,0,100,1,1
2026-08-07T22:20:33.355809,17.807,-19,3,0,0,100,1,1
2026-08-07T22:20:33.379804,17.831,-21,2,0,0,100,1,1
2026-08-07T22:20:33.411816,17.863,-22,1,0,0,100,1,1
2026-08-07T22:20:33.433780,17.885,-21,-1,0,0,100,1,1
2026-08-07T22:20:33.457341,17.909,-21,1,0,0,100,1,1
2026-08-07T22:20:33.478780,17.930,-21,1,0,0,100,1,1
2026-08-07T22:20:33.501250,17.953,-21,1,0,0,100,1,1
2026-08-07T22:20:33.536049,17.987,-19,2,0,0,100,1,1
2026-08-07T22:20:33.557858,18.009,-20,2,0,0,100,1,1
2026-08-07T22:20:33.579787,18.031,-20,3,0,0,100,1,1
2026-08-07T22:20:33.603971,18.055,-20,3,0,0,100,1,1
2026-08-07T22:20:33.625580,18.077,-19,2,0,0,100,1,1
2026-08-07T22:20:33.658947,18.110,-21,1,0,0,100,1,1
2026-08-07T22:20:33.680513,18.132,-22,0,0,0,100,1,1
2026-08-07T22:20:33.702449,18.154,-20,0,0,0,100,1,1
2026-08-07T22:20:33.723849,18.175,-20,2,0,0,100,1,1
2026-08-07T22:20:33.747411,18.199,-20,1,0,0,100,1,1
2026-08-07T22:20:33.779888,18.231,-20,-2,0,0,100,1,1
2026-08-07T22:20:33.802816,18.254,-20,2,0,0,100,1,1
2026-08-07T22:20:33.824938,18.276,-18,3,0,0,100,1,1
2026-08-07T22:20:33.846373,18.298,-19,3,0,0,100,1,1
2026-08-07T22:20:33.870238,18.322,-19,2,0,0,100,1,1
2026-08-07T22:20:33.903943,18.355,-21,0,0,0,100,1,1
2026-08-07T22:20:33.925723,18.377,-20,1,0,0,100,1,1
2026-08-07T22:20:33.949483,18.401,-19,1,0,0,100,1,1
2026-08-07T22:20:33.972220,18.423,-19,2,0,0,100,1,1
2026-08-07T22:20:33.994126,18.445,-20,1,0,0,100,1,1
2026-08-07T22:20:34.026219,18.477,-21,1,0,0,100,1,1
2026-08-07T22:20:34.047977,18.499,-20,2,0,0,100,1,1
2026-08-07T22:20:34.069802,18.521,-20,2,0,0,100,1,1
2026-08-07T22:20:34.094235,18.545,-20,2,0,0,100,1,1
2026-08-07T22:20:34.115830,18.567,-19,3,0,0,100,1,1
2026-08-07T22:20:34.148844,18.600,-21,2,0,0,100,1,1
2026-08-07T22:20:34.170817,18.622,-19,2,0,0,100,1,1
2026-08-07T22:20:34.192836,18.644,-20,1,0,0,100,1,1
2026-08-07T22:20:34.214135,18.665,-20,2,0,0,100,1,1
2026-08-07T22:20:34.237956,18.689,-21,1,0,0,100,1,1
2026-08-07T22:20:34.269974,18.721,-21,0,0,0,100,1,1
2026-08-07T22:20:34.293225,18.744,-20,0,0,0,100,1,1
2026-08-07T22:20:34.315128,18.766,-21,2,0,0,100,1,1
2026-08-07T22:20:34.336535,18.788,-22,1,0,0,100,1,1
2026-08-07T22:20:34.360793,18.812,-21,2,0,0,100,1,1
2026-08-07T22:20:34.392678,18.844,-21,1,0,0,100,1,1
2026-08-07T22:20:34.414468,18.866,-20,1,0,0,100,1,1
2026-08-07T22:20:34.437918,18.889,-21,-1,0,0,100,1,1
2026-08-07T22:20:34.459194,18.910,-19,5,0,0,100,1,1
2026-08-07T22:20:34.481812,18.933,-21,-1,0,0,100,1,1
2026-08-07T22:20:34.516619,18.968,-21,1,0,0,100,1,1
2026-08-07T22:20:34.538604,18.990,-22,0,0,0,100,1,1
2026-08-07T22:20:34.560307,19.012,-20,1,0,0,100,1,1
2026-08-07T22:20:34.583786,19.035,-19,1,0,0,100,1,1
2026-08-07T22:20:34.606408,19.058,-20,2,0,0,100,1,1
2026-08-07T22:20:34.639250,19.090,-21,0,0,0,100,1,1
2026-08-07T22:20:34.661264,19.113,-20,1,0,0,100,1,1
2026-08-07T22:20:34.683283,19.134,-19,1,0,0,100,1,1
2026-08-07T22:20:34.704289,19.156,-21,2,0,0,100,1,1
2026-08-07T22:20:34.728440,19.180,-20,2,0,0,100,1,1
2026-08-07T22:20:34.760313,19.212,-22,0,0,0,100,1,1
2026-08-07T22:20:34.783618,19.235,-21,2,0,0,100,1,1
2026-08-07T22:20:34.805824,19.257,-20,2,0,0,100,1,1
2026-08-07T22:20:34.827258,19.279,-21,1,0,0,100,1,1
2026-08-07T22:20:34.851088,19.302,-21,0,0,0,100,1,1
2026-08-07T22:20:34.883322,19.335,-20,2,0,0,100,1,1
2026-08-07T22:20:34.904858,19.356,-22,-1,0,0,100,1,1
2026-08-07T22:20:34.928571,19.380,-22,-1,0,0,100,1,1
2026-08-07T22:20:34.950176,19.401,-20,2,0,0,100,1,1
2026-08-07T22:20:34.972734,19.424,3,17,0,0,100,1,1
2026-08-07T22:20:35.007094,19.458,-21,-1,0,0,100,1,1
2026-08-07T22:20:35.029159,19.480,-22,-1,0,0,100,1,1
2026-08-07T22:20:35.051456,19.503,-21,0,0,0,100,1,1
2026-08-07T22:20:35.075499,19.527,-21,1,0,0,100,1,1
2026-08-07T22:20:35.097469,19.549,-23,-1,0,0,100,1,1
2026-08-07T22:20:35.129955,19.581,-23,1,0,0,100,1,1
2026-08-07T22:20:35.152155,19.603,-22,-1,0,0,100,1,1
2026-08-07T22:20:35.174190,19.625,-21,0,0,0,100,1,1
2026-08-07T22:20:35.198638,19.650,-21,1,0,0,100,1,1
2026-08-07T22:20:35.220799,19.672,-21,1,0,0,100,1,1
2026-08-07T22:20:35.251297,19.703,-22,1,0,0,100,1,1
2026-08-07T22:20:35.274855,19.726,-21,1,0,0,100,1,1
2026-08-07T22:20:35.297133,19.748,-21,0,0,0,100,1,1
2026-08-07T22:20:35.318360,19.770,-23,-1,0,0,100,1,1
2026-08-07T22:20:35.342966,19.794,-22,0,0,0,100,1,1
2026-08-07T22:20:35.373519,19.825,-22,0,0,0,100,1,1
2026-08-07T22:20:35.395634,19.847,-22,-1,0,0,100,1,1
2026-08-07T22:20:35.419437,19.871,-22,2,0,0,100,1,1
2026-08-07T22:20:35.440892,19.892,-22,0,0,0,100,1,1
2026-08-07T22:20:35.463840,19.915,-21,2,0,0,100,1,1
2026-08-07T22:20:35.497593,19.949,-20,3,0,0,100,1,1
2026-08-07T22:20:35.519947,19.971,-27,-1,0,0,100,1,1
2026-08-07T22:20:35.541663,19.993,-29,-2,0,0,100,1,1
2026-08-07T22:20:35.565584,20.017,-36,-11,0,0,100,1,1
2026-08-07T22:20:35.587354,20.039,-19,2,0,0,100,1,1
2026-08-07T22:20:35.620166,20.071,-19,3,0,0,100,1,1
2026-08-07T22:20:35.641860,20.093,-19,1,0,0,100,1,1
2026-08-07T22:20:35.664129,20.115,-19,2,0,0,100,1,1
2026-08-07T22:20:35.684923,20.136,-18,3,0,0,100,1,1
2026-08-07T22:20:35.709467,20.161,-21,1,0,0,100,1,1
2026-08-07T22:20:35.741247,20.192,-21,1,0,0,100,1,1
2026-08-07T22:20:35.764639,20.216,-28,-2,0,0,100,1,1
2026-08-07T22:20:35.786541,20.238,-20,1,0,0,100,1,1
2026-08-07T22:20:35.807494,20.259,-21,1,0,0,100,1,1
2026-08-07T22:20:35.832358,20.284,-29,-1,0,0,100,1,1
2026-08-07T22:20:35.863842,20.315,-22,0,0,0,100,1,1
2026-08-07T22:20:35.885526,20.337,-21,1,0,0,100,1,1
2026-08-07T22:20:35.909044,20.360,-26,1,0,0,100,1,1
2026-08-07T22:20:35.930494,20.382,-21,4,0,0,100,1,1
2026-08-07T22:20:35.952922,20.404,-20,3,0,0,100,1,1
2026-08-07T22:20:35.987856,20.439,-21,2,0,0,100,1,1
2026-08-07T22:20:36.011925,20.463,-28,-1,0,0,100,1,1
2026-08-07T22:20:36.033782,20.485,-22,0,0,0,100,1,1
2026-08-07T22:20:36.057882,20.509,-19,5,0,0,100,1,1
2026-08-07T22:20:36.091572,20.543,-27,0,0,0,100,1,1
2026-08-07T22:20:36.114718,20.566,-18,2,0,0,100,1,1
2026-08-07T22:20:36.136808,20.588,-19,1,0,0,100,1,1
2026-08-07T22:20:36.157950,20.609,-18,3,0,0,100,1,1
2026-08-07T22:20:36.182131,20.633,-16,4,0,0,100,1,1
2026-08-07T22:20:36.213979,20.665,-18,1,0,0,100,1,1
2026-08-07T22:20:36.235816,20.687,-15,3,0,0,100,1,1
2026-08-07T22:20:36.259345,20.711,-22,1,0,0,100,1,1
2026-08-07T22:20:36.280762,20.732,-22,-1,0,0,100,1,1
2026-08-07T22:20:36.303489,20.755,9,16,0,0,100,1,1
2026-08-07T22:20:36.338287,20.790,-10,4,0,0,100,1,1
2026-08-07T22:20:36.360139,20.811,-10,2,0,0,100,1,1
2026-08-07T22:20:36.382371,20.834,-9,4,0,0,100,1,1
2026-08-07T22:20:36.406413,20.858,-10,2,0,0,100,1,1
2026-08-07T22:20:36.428222,20.879,-14,3,0,0,100,1,1
2026-08-07T22:20:36.460942,20.912,-14,0,0,0,100,1,1
2026-08-07T22:20:36.482754,20.934,-6,2,0,0,100,1,1
2026-08-07T22:20:36.505090,20.956,-14,-1,0,0,100,1,1
2026-08-07T22:20:36.526323,20.978,-6,0,0,0,100,1,1
2026-08-07T22:20:36.550795,21.002,-12,0,0,0,100,1,1
2026-08-07T22:20:36.581856,21.033,-12,2,0,0,100,1,1
2026-08-07T22:20:36.605271,21.057,-3,3,0,0,100,1,1
2026-08-07T22:20:36.627339,21.079,-2,4,0,0,100,1,1
2026-08-07T22:20:36.648727,21.100,-4,1,0,0,100,1,1
2026-08-07T22:20:36.672661,21.124,-4,0,0,0,100,1,1
2026-08-07T22:20:36.704733,21.156,-3,2,0,0,100,1,1
2026-08-07T22:20:36.726741,21.178,-3,2,0,0,100,1,1
2026-08-07T22:20:36.749949,21.201,-12,1,0,0,100,1,1
2026-08-07T22:20:36.771604,21.223,-11,2,0,0,100,1,1
2026-08-07T22:20:36.793810,21.245,-1,4,0,0,100,1,1
2026-08-07T22:20:36.828488,21.280,-2,0,0,0,100,1,1
2026-08-07T22:20:36.850395,21.302,-10,1,0,0,100,1,1
2026-08-07T22:20:36.872682,21.324,0,4,0,0,100,1,1
2026-08-07T22:20:36.896770,21.348,-10,1,0,0,100,1,1
2026-08-07T22:20:36.918757,21.370,-1,3,0,0,100,1,1
2026-08-07T22:20:36.951317,21.403,1,4,0,0,100,1,1
2026-08-07T22:20:36.973427,21.425,-10,0,0,0,100,1,1
2026-08-07T22:20:36.995549,21.447,-2,2,0,0,100,1,1
2026-08-07T22:20:37.016961,21.468,-2,1,0,0,100,1,1
2026-08-07T22:20:37.041648,21.493,-9,3,0,0,100,1,1
2026-08-07T22:20:37.072285,21.524,-9,0,0,0,100,1,1
2026-08-07T22:20:37.095586,21.547,-10,0,0,0,100,1,1
2026-08-07T22:20:37.117553,21.569,-1,1,0,0,100,1,1
2026-08-07T22:20:37.139317,21.591,-1,2,0,0,100,1,1
2026-08-07T22:20:37.162811,21.614,1,4,0,0,100,1,1
2026-08-07T22:20:37.194797,21.646,2,2,0,0,100,1,1
2026-08-07T22:20:37.216550,21.668,0,2,0,0,100,1,1
2026-08-07T22:20:37.239925,21.691,3,2,0,0,100,1,1
2026-08-07T22:20:37.261456,21.713,-9,0,0,0,100,1,1
2026-08-07T22:20:37.284195,21.735,-8,-2,0,0,100,1,1
2026-08-07T22:20:37.318901,21.770,-7,1,0,0,100,1,1
2026-08-07T22:20:37.340872,21.792,-8,0,0,0,100,1,1
2026-08-07T22:20:37.363035,21.814,-7,1,0,0,100,1,1
2026-08-07T22:20:37.386998,21.838,4,1,0,0,100,1,1
2026-08-07T22:20:37.409214,21.860,-8,-1,0,0,100,1,1
2026-08-07T22:20:37.441880,21.893,-7,-1,0,0,100,1,1
2026-08-07T22:20:37.463895,21.915,7,2,0,0,100,1,1
2026-08-07T22:20:37.485859,21.937,5,2,0,0,100,1,1
2026-08-07T22:20:37.507259,21.959,6,2,0,0,100,1,1
2026-08-07T22:20:37.531797,21.983,-5,2,0,0,100,1,1
2026-08-07T22:20:37.562882,22.014,-5,2,0,0,100,1,1
2026-08-07T22:20:37.586002,22.037,-5,1,0,0,100,1,1
2026-08-07T22:20:37.608559,22.060,-5,1,0,0,100,1,1
2026-08-07T22:20:37.630054,22.081,11,2,0,0,100,1,1
2026-08-07T22:20:37.654583,22.106,10,0,0,0,100,1,1
2026-08-07T22:20:37.684930,22.136,11,0,0,0,100,1,1
2026-08-07T22:20:37.706879,22.158,11,1,0,0,100,1,1
2026-08-07T22:20:37.730478,22.182,14,3,0,0,100,1,1
2026-08-07T22:20:37.752039,22.203,-4,1,0,0,100,1,1
2026-08-07T22:20:37.774789,22.226,-4,1,0,0,100,1,1
2026-08-07T22:20:37.809409,22.261,17,3,0,0,100,1,1
2026-08-07T22:20:37.831418,22.283,16,2,0,0,100,1,1
2026-08-07T22:20:37.853635,22.305,-4,1,0,0,100,1,1
2026-08-07T22:20:37.877813,22.329,-3,2,0,0,100,1,1
2026-08-07T22:20:37.899815,22.351,14,0,0,0,100,1,1
2026-08-07T22:20:37.931982,22.383,-3,0,0,0,100,1,1
2026-08-07T22:20:37.953878,22.405,-4,1,0,0,100,1,1
2026-08-07T22:20:37.976597,22.428,-3,0,0,0,100,1,1
2026-08-07T22:20:37.997912,22.449,14,0,0,0,100,1,1
2026-08-07T22:20:38.022642,22.474,16,2,0,0,100,1,1
2026-08-07T22:20:38.053202,22.504,16,2,0,0,100,1,1
2026-08-07T22:20:38.076644,22.528,-3,1,0,0,100,1,1
2026-08-07T22:20:38.098844,22.550,17,1,0,0,100,1,1
2026-08-07T22:20:38.120064,22.571,-2,1,0,0,100,1,1
2026-08-07T22:20:38.145192,22.596,-4,-1,0,0,100,1,1
2026-08-07T22:20:38.176148,22.627,26,0,0,0,100,1,1
2026-08-07T22:20:38.198046,22.649,3,1,0,0,100,1,1
2026-08-07T22:20:38.221528,22.673,31,-1,0,0,100,1,1
2026-08-07T22:20:38.243588,22.695,31,-1,0,0,100,1,1
2026-08-07T22:20:38.266385,22.718,31,-2,0,0,100,1,1
2026-08-07T22:20:38.299867,22.751,4,-2,0,0,100,1,1
2026-08-07T22:20:38.321780,22.773,30,-2,0,0,100,1,1
2026-08-07T22:20:38.344188,22.795,30,-2,0,0,100,1,1
2026-08-07T22:20:38.368857,22.820,31,-2,0,0,100,1,1
2026-08-07T22:20:38.390771,22.842,31,-2,0,0,100,1,1
2026-08-07T22:20:38.422864,22.874,3,0,0,0,100,1,1
2026-08-07T22:20:38.444910,22.896,31,-1,0,0,100,1,1
2026-08-07T22:20:38.467394,22.919,31,-2,0,0,100,1,1
2026-08-07T22:20:38.492019,22.943,32,-1,0,0,100,1,1
2026-08-07T22:20:38.513962,22.965,4,-1,0,0,100,1,1
2026-08-07T22:20:38.543425,22.995,31,-2,0,0,100,1,1
2026-08-07T22:20:38.567006,23.018,4,0,0,0,100,1,1
2026-08-07T22:20:38.589124,23.040,31,-2,0,0,100,1,1
2026-08-07T22:20:38.610845,23.062,3,-2,0,0,100,1,1
2026-08-07T22:20:38.635277,23.087,33,-1,0,0,100,1,1
2026-08-07T22:20:38.666049,23.117,32,-1,0,0,100,1,1
2026-08-07T22:20:38.688116,23.139,31,-2,0,0,100,1,1
2026-08-07T22:20:38.711668,23.163,31,-2,0,0,100,1,1
2026-08-07T22:20:38.733319,23.185,33,-1,0,0,100,1,1
2026-08-07T22:20:38.755811,23.207,32,-2,0,0,100,1,1
2026-08-07T22:20:38.789955,23.241,33,-2,0,0,100,1,1
2026-08-07T22:20:38.812477,23.264,34,-2,0,0,100,1,1
2026-08-07T22:20:38.834586,23.286,35,-2,0,0,100,1,1
2026-08-07T22:20:38.859225,23.310,36,-2,0,0,100,1,1
2026-08-07T22:20:38.881272,23.333,35,-2,0,0,100,1,1
2026-08-07T22:20:38.912960,23.364,37,-2,0,0,100,1,1
2026-08-07T22:20:38.934950,23.386,36,-2,0,0,100,1,1
2026-08-07T22:20:38.957332,23.409,37,-2,0,0,100,1,1
2026-08-07T22:20:38.981867,23.433,37,-2,0,0,100,1,1
2026-08-07T22:20:39.003818,23.455,36,-4,0,0,100,1,1
2026-08-07T22:20:39.033967,23.485,36,-3,0,0,100,1,1
2026-08-07T22:20:39.057165,23.508,36,-3,0,0,100,1,1
2026-08-07T22:20:39.079405,23.531,36,-3,0,0,100,1,1
2026-08-07T22:20:39.101279,23.553,6,-1,0,0,100,1,1
2026-08-07T22:20:39.125703,23.577,7,-1,0,0,100,1,1
2026-08-07T22:20:39.156365,23.608,40,-3,0,0,100,1,1
2026-08-07T22:20:39.178444,23.630,41,-2,0,0,100,1,1
2026-08-07T22:20:39.201804,23.653,59,-4,0,0,100,1,1
2026-08-07T22:20:39.223520,23.675,51,-1,0,0,100,1,1
2026-08-07T22:20:39.245857,23.697,5,-3,0,0,100,1,1
2026-08-07T22:20:39.280704,23.732,33,-2,0,0,100,1,1
2026-08-07T22:20:39.302662,23.754,36,-1,0,0,100,1,1
2026-08-07T22:20:39.324772,23.776,52,0,0,0,100,1,1
2026-08-07T22:20:39.348942,23.800,53,0,0,0,100,1,1
2026-08-07T22:20:39.370994,23.822,54,-1,0,0,100,1,1
2026-08-07T22:20:39.403657,23.855,38,-3,0,0,100,1,1
2026-08-07T22:20:39.425853,23.877,38,-4,0,0,100,1,1
2026-08-07T22:20:39.448097,23.899,54,-1,0,0,100,1,1
2026-08-07T22:20:39.472462,23.924,38,-4,0,0,100,1,1
2026-08-07T22:20:39.494487,23.946,38,-3,0,0,100,1,1
2026-08-07T22:20:39.524282,23.976,37,-3,0,0,100,1,1
2026-08-07T22:20:39.548026,23.999,53,-1,0,0,100,1,1
2026-08-07T22:20:39.570198,24.021,39,-3,0,0,100,1,1
2026-08-07T22:20:39.592276,24.044,54,-1,0,0,100,1,1
2026-08-07T22:20:39.616570,24.068,52,0,0,0,100,1,1
2026-08-07T22:20:39.647186,24.098,38,-2,0,0,100,1,1
2026-08-07T22:20:39.669234,24.121,37,-3,0,0,100,1,1
2026-08-07T22:20:39.693030,24.144,38,-3,0,0,100,1,1
2026-08-07T22:20:39.716353,24.168,37,-2,0,0,100,1,1
2026-08-07T22:20:39.738144,24.189,37,-3,0,0,100,1,1
2026-08-07T22:20:39.770891,24.222,37,-2,0,0,100,1,1
2026-08-07T22:20:39.792985,24.244,36,-3,0,0,100,1,1
2026-08-07T22:20:39.815649,24.267,37,-2,0,0,100,1,1
2026-08-07T22:20:39.840270,24.292,36,-3,0,0,100,1,1
2026-08-07T22:20:39.862609,24.314,37,-2,0,0,100,1,1
2026-08-07T22:20:39.893591,24.345,36,-3,0,0,100,1,1
2026-08-07T22:20:39.916094,24.367,37,-3,0,0,100,1,1
2026-08-07T22:20:39.938185,24.389,37,-2,0,0,100,1,1
2026-08-07T22:20:39.963042,24.414,37,-2,0,0,100,1,1
2026-08-07T22:20:39.985041,24.436,39,-2,0,0,100,1,1
2026-08-07T22:20:40.014584,24.466,37,-2,0,0,100,1,1
2026-08-07T22:20:40.038289,24.490,39,-2,0,0,100,1,1
2026-08-07T22:20:40.060831,24.512,39,-2,0,0,100,1,1
2026-08-07T22:20:40.083811,24.535,39,-2,0,0,100,1,1
2026-08-07T22:20:40.107153,24.558,39,-2,0,0,100,1,1
2026-08-07T22:20:40.137416,24.589,37,-3,0,0,100,1,1
2026-08-07T22:20:40.159425,24.611,37,-2,0,0,100,1,1
2026-08-07T22:20:40.183349,24.635,31,-2,0,0,100,1,1
2026-08-07T22:20:40.206315,24.658,28,0,0,0,100,1,1
2026-08-07T22:20:40.228813,24.680,44,3,0,0,100,1,1
2026-08-07T22:20:40.263330,24.715,25,-1,0,0,100,1,1
2026-08-07T22:20:40.285786,24.737,24,-3,0,0,100,1,1
2026-08-07T22:20:40.308039,24.759,24,-3,0,0,100,1,1
2026-08-07T22:20:40.332451,24.784,24,-1,0,0,100,1,1
2026-08-07T22:20:40.364985,24.816,23,-1,0,0,100,1,1
2026-08-07T22:20:40.388783,24.840,23,-2,0,0,100,1,1
2026-08-07T22:20:40.410943,24.862,24,-2,0,0,100,1,1
2026-08-07T22:20:40.434173,24.885,24,-1,0,0,100,1,1
2026-08-07T22:20:40.457506,24.909,25,-2,0,0,100,1,1
2026-08-07T22:20:40.487793,24.939,25,-2,0,0,100,1,1
2026-08-07T22:20:40.509899,24.961,23,-2,0,0,100,1,1
2026-08-07T22:20:40.533333,24.985,22,-2,0,0,100,1,1
2026-08-07T22:20:40.556205,25.007,23,-1,0,0,100,1,1
2026-08-07T22:20:40.578429,25.030,22,-2,0,0,100,1,1
2026-08-07T22:20:40.611702,25.063,20,-2,0,0,100,1,1
2026-08-07T22:20:40.633781,25.085,20,-2,0,0,100,1,1
2026-08-07T22:20:40.656477,25.108,23,0,0,0,100,1,1
2026-08-07T22:20:40.680935,25.132,20,-1,0,0,100,1,1
2026-08-07T22:20:40.703041,25.154,19,-2,0,0,100,1,1
2026-08-07T22:20:40.734093,25.185,40,5,0,0,100,1,1
2026-08-07T22:20:40.756638,25.208,20,-1,0,0,100,1,1
2026-08-07T22:20:40.778830,25.230,21,-1,0,0,100,1,1
2026-08-07T22:20:40.803604,25.255,21,0,0,0,100,1,1
2026-08-07T22:20:40.825596,25.277,18,-1,0,0,100,1,1
2026-08-07T22:20:40.855314,25.307,18,-1,0,0,100,1,1
2026-08-07T22:20:40.878847,25.330,20,-1,0,0,100,1,1
2026-08-07T22:20:40.900972,25.352,15,-1,0,0,100,1,1
2026-08-07T22:20:40.922989,25.374,12,-2,0,0,100,1,1
2026-08-07T22:20:40.947294,25.399,12,-1,0,0,100,1,1
2026-08-07T22:20:40.978092,25.429,10,-2,0,0,100,1,1
2026-08-07T22:20:41.000185,25.451,31,8,0,0,100,1,1
2026-08-07T22:20:41.024066,25.475,8,-3,0,0,100,1,1
2026-08-07T22:20:41.046963,25.498,9,-2,0,0,100,1,1
2026-08-07T22:20:41.069026,25.520,12,0,0,0,100,1,1
2026-08-07T22:20:41.101798,25.553,11,-1,0,0,100,1,1
2026-08-07T22:20:41.124278,25.576,-5,-2,0,0,100,1,1
2026-08-07T22:20:41.146542,25.598,8,-3,0,0,100,1,1
2026-08-07T22:20:41.170929,25.622,9,-2,0,0,100,1,1
2026-08-07T22:20:41.193077,25.644,7,-2,0,0,100,1,1
2026-08-07T22:20:41.224790,25.676,6,-1,0,0,100,1,1
2026-08-07T22:20:41.246886,25.698,5,-2,0,0,100,1,1
2026-08-07T22:20:41.269153,25.720,3,-3,0,0,100,1,1
2026-08-07T22:20:41.293893,25.745,3,-4,0,0,100,1,1
2026-08-07T22:20:41.315798,25.767,4,-1,0,0,100,1,1
2026-08-07T22:20:41.345905,25.797,5,0,0,0,100,1,1
2026-08-07T22:20:41.369523,25.821,4,-1,0,0,100,1,1
2026-08-07T22:20:41.391959,25.843,28,8,0,0,100,1,1
2026-08-07T22:20:41.415044,25.866,4,-1,0,0,100,1,1
2026-08-07T22:20:41.438549,25.890,5,-1,0,0,100,1,1
2026-08-07T22:20:41.468398,25.920,3,-1,0,0,100,1,1
2026-08-07T22:20:41.490823,25.942,3,-2,0,0,100,1,1
2026-08-07T22:20:41.514498,25.966,6,-2,0,0,100,1,1
2026-08-07T22:20:41.537728,25.989,5,-1,0,0,100,1,1
2026-08-07T22:20:41.559835,26.011,4,-3,0,0,100,1,1
2026-08-07T22:20:41.592532,26.044,4,-1,0,0,100,1,1
2026-08-07T22:20:41.614499,26.066,2,-3,0,0,100,1,1
2026-08-07T22:20:41.636943,26.088,3,-1,0,0,100,1,1
2026-08-07T22:20:41.661767,26.113,5,0,0,0,100,1,1
2026-08-07T22:20:41.683860,26.135,4,-2,0,0,100,1,1
2026-08-07T22:20:41.715156,26.166,3,-2,0,0,100,1,1
2026-08-07T22:20:41.737218,26.188,1,-4,0,0,100,1,1
2026-08-07T22:20:41.759504,26.211,4,-2,0,0,100,1,1
2026-08-07T22:20:41.783883,26.235,1,-4,0,0,100,1,1
2026-08-07T22:20:41.806216,26.257,3,-2,0,0,100,1,1
2026-08-07T22:20:41.836128,26.287,4,-1,0,0,100,1,1
2026-08-07T22:20:41.859943,26.311,2,-3,0,0,100,1,1
2026-08-07T22:20:41.882094,26.333,4,-2,0,0,100,1,1
2026-08-07T22:20:41.905000,26.356,3,-2,0,0,100,1,1
2026-08-07T22:20:41.928462,26.380,2,-4,0,0,100,1,1
2026-08-07T22:20:41.958624,26.410,5,-1,0,0,100,1,1
2026-08-07T22:20:41.980845,26.432,3,-1,0,0,100,1,1
2026-08-07T22:20:42.004780,26.456,4,-1,0,0,100,1,1
2026-08-07T22:20:42.028253,26.479,4,0,0,0,100,1,1
2026-08-07T22:20:42.049812,26.501,3,-3,0,0,100,1,1
2026-08-07T22:20:42.082815,26.534,2,-1,0,0,100,1,1
2026-08-07T22:20:42.104739,26.556,4,-1,0,0,100,1,1
2026-08-07T22:20:42.127309,26.579,4,0,0,0,100,1,1
2026-08-07T22:20:42.151790,26.603,3,-1,0,0,100,1,1
2026-08-07T22:20:42.173856,26.625,3,-2,0,0,100,1,1
2026-08-07T22:20:42.205475,26.657,28,10,0,0,100,1,1
2026-08-07T22:20:42.228085,26.679,-9,-6,0,0,100,1,1
2026-08-07T22:20:42.250074,26.701,2,-3,0,0,100,1,1
2026-08-07T22:20:42.274918,26.726,3,-1,0,0,100,1,1
2026-08-07T22:20:42.296772,26.748,3,0,0,0,100,1,1
2026-08-07T22:20:42.326443,26.778,3,1,0,0,100,1,1
2026-08-07T22:20:42.349901,26.801,3,0,0,0,100,1,1
2026-08-07T22:20:42.373629,26.825,2,-1,0,0,100,1,1
2026-08-07T22:20:42.396552,26.848,3,0,0,0,100,1,1
2026-08-07T22:20:42.419862,26.871,4,0,0,0,100,1,1
2026-08-07T22:20:42.442400,26.894,2,-1,0,0,100,1,1
2026-08-07T22:20:42.464200,26.915,2,0,0,0,100,1,1
2026-08-07T22:20:42.488908,26.940,3,-1,0,0,100,1,1
2026-08-07T22:20:42.518943,26.970,5,0,0,0,100,1,1
2026-08-07T22:20:42.541050,26.992,4,-1,0,0,100,1,1
2026-08-07T22:20:42.564500,27.016,4,-1,0,0,100,1,1
2026-08-07T22:20:42.586187,27.037,2,-2,0,0,100,1,1
2026-08-07T22:20:42.609627,27.061,3,-2,0,0,100,1,1
2026-08-07T22:20:42.643130,27.094,5,0,0,0,100,1,1
2026-08-07T22:20:42.665046,27.116,3,0,0,0,100,1,1
2026-08-07T22:20:42.687120,27.138,4,-1,0,0,100,1,1
2026-08-07T22:20:42.711635,27.163,3,-2,0,0,100,1,1
2026-08-07T22:20:42.733333,27.185,5,-1,0,0,100,1,1
2026-08-07T22:20:42.765860,27.217,1,-2,0,0,100,1,1
2026-08-07T22:20:42.787934,27.239,3,-1,0,0,100,1,1
2026-08-07T22:20:42.810153,27.261,1,-2,0,0,100,1,1
2026-08-07T22:20:42.831664,27.283,5,1,0,0,100,1,1
2026-08-07T22:20:42.856324,27.308,3,-2,0,0,100,1,1
2026-08-07T22:20:42.886804,27.338,5,0,0,0,100,1,1
2026-08-07T22:20:42.910393,27.362,4,-2,0,0,100,1,1
2026-08-07T22:20:42.932460,27.384,4,-2,0,0,100,1,1
2026-08-07T22:20:42.953858,27.405,3,-1,0,0,100,1,1
2026-08-07T22:20:42.978340,27.430,5,0,0,0,100,1,1
2026-08-07T22:20:43.009726,27.461,4,0,0,0,100,1,1
2026-08-07T22:20:43.031485,27.483,5,-2,0,0,100,1,1
2026-08-07T22:20:43.055111,27.506,6,-1,0,0,100,1,1
2026-08-07T22:20:43.076803,27.528,4,-1,0,0,100,1,1
2026-08-07T22:20:43.099721,27.551,3,-1,0,0,100,1,1
2026-08-07T22:20:43.133827,27.585,3,-2,0,0,100,1,1
2026-08-07T22:20:43.155438,27.607,4,-2,0,0,100,1,1
2026-08-07T22:20:43.177655,27.629,5,0,0,0,100,1,1
2026-08-07T22:20:43.201443,27.653,6,-1,0,0,100,1,1
2026-08-07T22:20:43.223409,27.675,3,-2,0,0,100,1,1
2026-08-07T22:20:43.255945,27.707,5,0,0,0,100,1,1
2026-08-07T22:20:43.278003,27.729,5,0,0,0,100,1,1
2026-08-07T22:20:43.299833,27.751,4,-2,0,0,100,1,1
2026-08-07T22:20:43.321274,27.773,6,-1,0,0,100,1,1
2026-08-07T22:20:43.345209,27.796,4,0,0,0,100,1,1
2026-08-07T22:20:43.377136,27.828,5,0,0,0,100,1,1
2026-08-07T22:20:43.400311,27.852,6,0,0,0,100,1,1
2026-08-07T22:20:43.422433,27.874,7,-1,0,0,100,1,1
2026-08-07T22:20:43.443605,27.895,6,-1,0,0,100,1,1
2026-08-07T22:20:43.467788,27.919,5,-2,0,0,100,1,1
2026-08-07T22:20:43.499748,27.951,7,0,0,0,100,1,1
2026-08-07T22:20:43.521495,27.973,6,0,0,0,100,1,1
2026-08-07T22:20:43.544927,27.996,6,-1,0,0,100,1,1
2026-08-07T22:20:43.566124,28.017,7,0,0,0,100,1,1
2026-08-07T22:20:43.588948,28.040,7,0,0,0,100,1,1
2026-08-07T22:20:43.623636,28.075,7,0,0,0,100,1,1
2026-08-07T22:20:43.645518,28.097,8,0,0,0,100,1,1
2026-08-07T22:20:43.667814,28.119,8,-1,0,0,100,1,1
2026-08-07T22:20:43.691688,28.143,8,0,0,0,100,1,1
2026-08-07T22:20:43.713526,28.165,7,-1,0,0,100,1,1
2026-08-07T22:20:43.746617,28.198,9,-1,0,0,100,1,1
2026-08-07T22:20:43.768653,28.220,8,-2,0,0,100,1,1
2026-08-07T22:20:43.790799,28.242,9,0,0,0,100,1,1
2026-08-07T22:20:43.812189,28.263,10,0,0,0,100,1,1
2026-08-07T22:20:43.836536,28.288,8,-1,0,0,100,1,1
2026-08-07T22:20:43.867605,28.319,9,0,0,0,100,1,1
2026-08-07T22:20:43.890829,28.342,10,0,0,0,100,1,1
2026-08-07T22:20:43.912637,28.364,10,0,0,0,100,1,1
2026-08-07T22:20:43.934185,28.385,9,0,0,0,100,1,1
2026-08-07T22:20:43.958209,28.409,11,0,0,0,100,1,1
2026-08-07T22:20:43.990056,28.441,10,-1,0,0,100,1,1
2026-08-07T22:20:44.012014,28.463,9,-2,0,0,100,1,1
2026-08-07T22:20:44.035095,28.486,10,0,0,0,100,1,1
2026-08-07T22:20:44.056750,28.508,9,-1,0,0,100,1,1
2026-08-07T22:20:44.079376,28.531,10,0,0,0,100,1,1
2026-08-07T22:20:44.114116,28.565,9,0,0,0,100,1,1
2026-08-07T22:20:44.136208,28.587,9,-1,0,0,100,1,1
2026-08-07T22:20:44.158185,28.609,9,0,0,0,100,1,1
2026-08-07T22:20:44.182434,28.634,10,-1,0,0,100,1,1
2026-08-07T22:20:44.204181,28.655,10,-1,0,0,100,1,1
2026-08-07T22:20:44.236652,28.688,9,0,0,0,100,1,1
2026-08-07T22:20:44.258800,28.710,10,-1,0,0,100,1,1
2026-08-07T22:20:44.280848,28.732,9,-1,0,0,100,1,1
2026-08-07T22:20:44.302314,28.754,9,0,0,0,100,1,1
2026-08-07T22:20:44.326861,28.778,10,0,0,0,100,1,1
2026-08-07T22:20:44.357943,28.809,10,0,0,0,100,1,1
2026-08-07T22:20:44.381272,28.833,9,1,0,0,100,1,1
2026-08-07T22:20:44.403302,28.855,8,0,0,0,100,1,1
2026-08-07T22:20:44.425197,28.876,9,-1,0,0,100,1,1
2026-08-07T22:20:44.448708,28.900,9,0,0,0,100,1,1
2026-08-07T22:20:44.482895,28.934,10,0,0,0,100,1,1
2026-08-07T22:20:44.505053,28.956,9,-1,0,0,100,1,1
2026-08-07T22:20:44.528475,28.980,9,1,0,0,100,1,1
2026-08-07T22:20:44.551500,29.003,11,0,0,0,100,1,1
2026-08-07T22:20:44.587203,29.038,9,0,0,0,100,1,1
2026-08-07T22:20:44.609464,29.061,11,0,0,0,100,1,1
2026-08-07T22:20:44.631192,29.082,9,-1,0,0,100,1,1
2026-08-07T22:20:44.652717,29.104,10,0,0,0,100,1,1
2026-08-07T22:20:44.677079,29.128,9,1,0,0,100,1,1
2026-08-07T22:20:44.708088,29.159,9,-1,0,0,100,1,1
2026-08-07T22:20:44.731359,29.183,10,0,0,0,100,1,1
2026-08-07T22:20:44.753764,29.205,8,-1,0,0,100,1,1
2026-08-07T22:20:44.774761,29.226,10,-1,0,0,100,1,1
2026-08-07T22:20:44.798857,29.250,10,-1,0,0,100,1,1
2026-08-07T22:20:44.830520,29.282,10,0,0,0,100,1,1
2026-08-07T22:20:44.852859,29.304,9,-2,0,0,100,1,1
2026-08-07T22:20:44.875968,29.327,9,-1,0,0,100,1,1
2026-08-07T22:20:44.897331,29.349,10,0,0,0,100,1,1
2026-08-07T22:20:44.920012,29.371,10,0,0,0,100,1,1
2026-08-07T22:20:44.954836,29.406,10,1,0,0,100,1,1
2026-08-07T22:20:44.976946,29.428,10,0,0,0,100,1,1
2026-08-07T22:20:44.999069,29.450,10,0,0,0,100,1,1
2026-08-07T22:20:45.022866,29.474,8,-1,0,0,100,1,1
2026-08-07T22:20:45.044457,29.496,10,0,0,0,100,1,1
2026-08-07T22:20:45.077340,29.529,9,-1,0,0,100,1,1
2026-08-07T22:20:45.099082,29.550,9,-2,0,0,100,1,1
2026-08-07T22:20:45.121336,29.573,10,0,0,0,100,1,1
2026-08-07T22:20:45.142844,29.594,8,-3,0,0,100,1,1
2026-08-07T22:20:45.167107,29.618,8,0,0,0,100,1,1
2026-08-07T22:20:45.198332,29.650,11,1,0,0,100,1,1
2026-08-07T22:20:45.221603,29.673,9,-1,0,0,100,1,1
2026-08-07T22:20:45.243423,29.695,10,-1,0,0,100,1,1
2026-08-07T22:20:45.264871,29.716,10,0,0,0,100,1,1
2026-08-07T22:20:45.289059,29.740,9,0,0,0,100,1,1
2026-08-07T22:20:45.321118,29.772,10,0,0,0,100,1,1
2026-08-07T22:20:45.343116,29.794,10,1,0,0,100,1,1
2026-08-07T22:20:45.365930,29.817,9,-1,0,0,100,1,1
2026-08-07T22:20:45.387564,29.839,9,-1,0,0,100,1,1
2026-08-07T22:20:45.409897,29.861,9,-1,0,0,100,1,1
2026-08-07T22:20:45.445114,29.896,11,0,0,0,100,1,1
2026-08-07T22:20:45.466971,29.918,10,0,0,0,100,1,1
2026-08-07T22:20:45.488935,29.940,12,1,0,0,100,1,1
2026-08-07T22:20:45.513018,29.964,9,-1,0,0,100,1,1
2026-08-07T22:20:45.534791,29.986,10,-1,0,0,100,1,1
2026-08-07T22:20:45.567529,30.019,9,-2,0,0,100,1,1
2026-08-07T22:20:45.589883,30.041,9,-2,0,0,100,1,1
2026-08-07T22:20:45.611657,30.063,8,-4,0,0,100,1,1
2026-08-07T22:20:45.633080,30.084,9,-2,0,0,100,1,1
2026-08-07T22:20:45.656880,30.108,7,-3,0,0,100,1,1
2026-08-07T22:20:45.689019,30.140,9,-3,0,0,100,1,1
2026-08-07T22:20:45.712260,30.164,7,-4,0,0,100,1,1
2026-08-07T22:20:45.734186,30.185,8,-4,0,0,100,1,1
2026-08-07T22:20:45.755816,30.207,9,-3,0,0,100,1,1
2026-08-07T22:20:45.779310,30.231,11,-1,0,0,100,1,1
2026-08-07T22:20:45.811414,30.263,10,-2,0,0,100,1,1
2026-08-07T22:20:45.833050,30.284,9,-2,0,0,100,1,1
2026-08-07T22:20:45.856462,30.308,9,-3,0,0,100,1,1
2026-08-07T22:20:45.877695,30.329,9,-3,0,0,100,1,1
2026-08-07T22:20:45.900414,30.352,10,-2,0,0,100,1,1
2026-08-07T22:20:45.935220,30.386,9,-1,0,0,100,1,1
2026-08-07T22:20:45.957459,30.409,11,-2,0,0,100,1,1
2026-08-07T22:20:45.979297,30.431,8,-3,0,0,100,1,1
2026-08-07T22:20:46.003135,30.454,9,-2,0,0,100,1,1
2026-08-07T22:20:46.024776,30.476,10,-2,0,0,100,1,1
2026-08-07T22:20:46.058183,30.509,9,-3,0,0,100,1,1
2026-08-07T22:20:46.080025,30.531,9,-4,0,0,100,1,1
2026-08-07T22:20:46.101837,30.553,9,-2,0,0,100,1,1
2026-08-07T22:20:46.123317,30.575,9,-1,0,0,100,1,1
2026-08-07T22:20:46.146884,30.598,10,-1,0,0,100,1,1
2026-08-07T22:20:46.179151,30.630,10,-2,0,0,100,1,1
2026-08-07T22:20:46.202129,30.653,9,-3,0,0,100,1,1
2026-08-07T22:20:46.224125,30.675,10,-1,0,0,100,1,1
2026-08-07T22:20:46.245549,30.697,9,-2,0,0,100,1,1
2026-08-07T22:20:46.269629,30.721,7,-4,0,0,100,1,1
2026-08-07T22:20:46.301871,30.753,10,-1,0,0,100,1,1
2026-08-07T22:20:46.323648,30.775,8,-3,0,0,100,1,1
2026-08-07T22:20:46.346864,30.798,9,-1,0,0,100,1,1
2026-08-07T22:20:46.368314,30.820,9,-2,0,0,100,1,1
2026-08-07T22:20:46.391045,30.842,9,-4,0,0,100,1,1
2026-08-07T22:20:46.426264,30.877,10,-2,0,0,100,1,1
2026-08-07T22:20:46.447492,30.899,9,-2,0,0,100,1,1
2026-08-07T22:20:46.469637,30.921,9,-3,0,0,100,1,1
2026-08-07T22:20:46.492901,30.944,9,-2,0,0,100,1,1
2026-08-07T22:20:46.515101,30.966,9,-2,0,0,100,1,1
2026-08-07T22:20:46.548763,31.000,9,-2,0,0,100,1,1
2026-08-07T22:20:46.570492,31.022,8,-3,0,0,100,1,1
2026-08-07T22:20:46.593808,31.045,9,-3,0,0,100,1,1
2026-08-07T22:20:46.617798,31.069,9,-2,0,0,100,1,1
2026-08-07T22:20:46.640009,31.091,9,-2,0,0,100,1,1
2026-08-07T22:20:46.669508,31.121,8,-4,0,0,100,1,1
2026-08-07T22:20:46.692917,31.144,10,-2,0,0,100,1,1
2026-08-07T22:20:46.714404,31.166,9,-2,0,0,100,1,1
2026-08-07T22:20:46.735975,31.187,11,-1,0,0,100,1,1
2026-08-07T22:20:46.760217,31.211,9,-2,0,0,100,1,1
2026-08-07T22:20:46.792308,31.244,8,-4,0,0,100,1,1
2026-08-07T22:20:46.814157,31.265,9,-3,0,0,100,1,1
2026-08-07T22:20:46.837181,31.288,9,-2,0,0,100,1,1
2026-08-07T22:20:46.858665,31.310,8,-3,0,0,100,1,1
2026-08-07T22:20:46.880968,31.332,10,-1,0,0,100,1,1
2026-08-07T22:20:46.916293,31.368,7,-3,0,0,100,1,1
2026-08-07T22:20:46.937896,31.389,9,-2,0,0,100,1,1
2026-08-07T22:20:46.959963,31.411,9,-3,0,0,100,1,1
2026-08-07T22:20:46.983834,31.435,7,-5,0,0,100,1,1
2026-08-07T22:20:47.006070,31.457,9,-2,0,0,100,1,1
2026-08-07T22:20:47.038822,31.490,9,-2,0,0,100,1,1
2026-08-07T22:20:47.060921,31.512,10,-1,0,0,100,1,1
2026-08-07T22:20:47.082909,31.534,9,-2,0,0,100,1,1
2026-08-07T22:20:47.104176,31.555,8,-4,0,0,100,1,1
2026-08-07T22:20:47.128236,31.579,9,-3,0,0,100,1,1
2026-08-07T22:20:47.160122,31.611,10,-1,0,0,100,1,1
2026-08-07T22:20:47.183283,31.635,8,-2,0,0,100,1,1
2026-08-07T22:20:47.205029,31.656,9,-3,0,0,100,1,1
2026-08-07T22:20:47.226582,31.678,9,-2,0,0,100,1,1
2026-08-07T22:20:47.250698,31.702,8,-3,0,0,100,1,1
2026-08-07T22:20:47.282480,31.734,10,-1,0,0,100,1,1
2026-08-07T22:20:47.304090,31.755,10,-1,0,0,100,1,1
2026-08-07T22:20:47.327394,31.779,9,-1,0,0,100,1,1
2026-08-07T22:20:47.348966,31.800,8,-3,0,0,100,1,1
2026-08-07T22:20:47.371565,31.823,9,-3,0,0,100,1,1
2026-08-07T22:20:47.406611,31.858,8,-3,0,0,100,1,1
2026-08-07T22:20:47.428293,31.880,8,-3,0,0,100,1,1
2026-08-07T22:20:47.450390,31.902,9,-2,0,0,100,1,1
2026-08-07T22:20:47.474381,31.926,8,-3,0,0,100,1,1
2026-08-07T22:20:47.495983,31.947,9,-2,0,0,100,1,1
2026-08-07T22:20:47.529441,31.981,9,-3,0,0,100,1,1
2026-08-07T22:20:47.551393,32.003,10,-1,0,0,100,1,1
2026-08-07T22:20:47.573127,32.024,10,-2,0,0,100,1,1
2026-08-07T22:20:47.594639,32.046,9,-3,0,0,100,1,1
2026-08-07T22:20:47.617996,32.069,8,-3,0,0,100,1,1
2026-08-07T22:20:47.650254,32.102,7,-3,0,0,100,1,1
2026-08-07T22:20:47.673420,32.125,8,-3,0,0,100,1,1
2026-08-07T22:20:47.695520,32.147,9,-3,0,0,100,1,1
2026-08-07T22:20:47.716854,32.168,9,-2,0,0,100,1,1
2026-08-07T22:20:47.740789,32.192,9,-1,0,0,100,1,1
2026-08-07T22:20:47.773019,32.224,9,-2,0,0,100,1,1
2026-08-07T22:20:47.794583,32.246,9,-3,0,0,100,1,1
2026-08-07T22:20:47.818282,32.270,9,-2,0,0,100,1,1
2026-08-07T22:20:47.839353,32.291,9,-3,0,0,100,1,1
2026-08-07T22:20:47.862090,32.313,10,-3,0,0,100,1,1
2026-08-07T22:20:47.896858,32.348,8,-3,0,0,100,1,1
2026-08-07T22:20:47.918840,32.370,10,-2,0,0,100,1,1
2026-08-07T22:20:47.940492,32.392,9,-2,0,0,100,1,1
2026-08-07T22:20:47.964788,32.416,9,-2,0,0,100,1,1
2026-08-07T22:20:47.986383,32.438,7,-5,0,0,100,1,1
2026-08-07T22:20:48.020025,32.471,10,-2,0,0,100,1,1
2026-08-07T22:20:48.041723,32.493,8,-3,0,0,100,1,1
2026-08-07T22:20:48.063597,32.515,11,-1,0,0,100,1,1
2026-08-07T22:20:48.084951,32.536,12,-1,0,0,100,1,1
2026-08-07T22:20:48.108798,32.560,10,-1,0,0,100,1,1
2026-08-07T22:20:48.140398,32.592,9,-2,0,0,100,1,1
2026-08-07T22:20:48.163991,32.615,10,-1,0,0,100,1,1
2026-08-07T22:20:48.185600,32.637,8,-4,0,0,100,1,1
2026-08-07T22:20:48.207001,32.658,9,-1,0,0,100,1,1
2026-08-07T22:20:48.231249,32.683,9,-3,0,0,100,1,1
2026-08-07T22:20:48.263291,32.715,8,-2,0,0,100,1,1
2026-08-07T22:20:48.285203,32.736,8,-2,0,0,100,1,1
2026-08-07T22:20:48.308467,32.760,9,-3,0,0,100,1,1
2026-08-07T22:20:48.330028,32.781,9,-2,0,0,100,1,1
2026-08-07T22:20:48.352516,32.804,9,-3,0,0,100,1,1
2026-08-07T22:20:48.387298,32.839,9,-2,0,0,100,1,1
2026-08-07T22:20:48.408856,32.860,7,-3,0,0,100,1,1
2026-08-07T22:20:48.431185,32.882,9,-3,0,0,100,1,1
2026-08-07T22:20:48.454390,32.906,10,-1,0,0,100,1,1
2026-08-07T22:20:48.476979,32.928,8,-4,0,0,100,1,1
2026-08-07T22:20:48.509963,32.961,10,-2,0,0,100,1,1
2026-08-07T22:20:48.531892,32.983,11,-1,0,0,100,1,1
2026-08-07T22:20:48.553842,33.005,9,-2,0,0,100,1,1
2026-08-07T22:20:48.574939,33.026,10,-1,0,0,100,1,1
2026-08-07T22:20:48.599035,33.050,11,-2,0,0,100,1,1
2026-08-07T22:20:48.631135,33.082,9,-2,0,0,100,1,1
2026-08-07T22:20:48.654379,33.106,9,-2,0,0,100,1,1
2026-08-07T22:20:48.676187,33.127,10,-1,0,0,100,1,1
2026-08-07T22:20:48.697728,33.149,8,-2,0,0,100,1,1
2026-08-07T22:20:48.723950,33.175,10,-1,0,0,100,1,1
2026-08-07T22:20:48.753491,33.205,8,-3,0,0,100,1,1
2026-08-07T22:20:48.775494,33.227,9,-3,0,0,100,1,1
2026-08-07T22:20:48.799041,33.250,8,-3,0,0,100,1,1
2026-08-07T22:20:48.820212,33.271,9,-2,0,0,100,1,1
2026-08-07T22:20:48.842997,33.294,9,-2,0,0,100,1,1
2026-08-07T22:20:48.877549,33.329,9,-2,0,0,100,1,1
2026-08-07T22:20:48.899768,33.351,10,-2,0,0,100,1,1
2026-08-07T22:20:48.921515,33.373,8,-3,0,0,100,1,1
2026-08-07T22:20:48.945311,33.397,9,-2,0,0,100,1,1
2026-08-07T22:20:48.967280,33.419,11,-1,0,0,100,1,1
2026-08-07T22:20:49.000352,33.452,11,-2,0,0,100,1,1
2026-08-07T22:20:49.022382,33.474,9,-3,0,0,100,1,1
2026-08-07T22:20:49.044224,33.495,9,-2,0,0,100,1,1
2026-08-07T22:20:49.065612,33.517,10,-2,0,0,100,1,1
2026-08-07T22:20:49.089252,33.541,9,-2,0,0,100,1,1
2026-08-07T22:20:49.121417,33.573,9,-2,0,0,100,1,1
2026-08-07T22:20:49.144646,33.596,8,-4,0,0,100,1,1
2026-08-07T22:20:49.166778,33.618,9,-2,0,0,100,1,1
2026-08-07T22:20:49.187806,33.639,11,-2,0,0,100,1,1
2026-08-07T22:20:49.211935,33.663,9,-1,0,0,100,1,1
2026-08-07T22:20:49.244028,33.695,8,-4,0,0,100,1,1
2026-08-07T22:20:49.265702,33.717,9,-2,0,0,100,1,1
2026-08-07T22:20:49.289165,33.740,8,-3,0,0,100,1,1
2026-08-07T22:20:49.310512,33.762,8,-2,0,0,100,1,1
2026-08-07T22:20:49.333268,33.785,9,-3,0,0,100,1,1
2026-08-07T22:20:49.368145,33.819,8,-4,0,0,100,1,1
2026-08-07T22:20:49.389882,33.841,9,-1,0,0,100,1,1
2026-08-07T22:20:49.411590,33.863,9,-3,0,0,100,1,1
2026-08-07T22:20:49.435809,33.887,9,-2,0,0,100,1,1
2026-08-07T22:20:49.457312,33.909,11,-2,0,0,100,1,1
2026-08-07T22:20:49.490991,33.942,9,-4,0,0,100,1,1
2026-08-07T22:20:49.512607,33.964,9,-2,0,0,100,1,1
2026-08-07T22:20:49.534799,33.986,8,-3,0,0,100,1,1
2026-08-07T22:20:49.555904,34.007,8,-3,0,0,100,1,1
2026-08-07T22:20:49.579672,34.031,8,-3,0,0,100,1,1
2026-08-07T22:20:49.612028,34.063,8,-2,0,0,100,1,1
2026-08-07T22:20:49.635258,34.087,7,-4,0,0,100,1,1
2026-08-07T22:20:49.657538,34.109,7,-5,0,0,100,1,1
2026-08-07T22:20:49.678818,34.130,8,-4,0,0,100,1,1
2026-08-07T22:20:49.702694,34.154,9,-4,0,0,100,1,1
2026-08-07T22:20:49.734509,34.186,10,-6,0,0,100,1,1
2026-08-07T22:20:49.756823,34.208,9,-4,0,0,100,1,1
2026-08-07T22:20:49.780512,34.232,10,-4,0,0,100,1,1
2026-08-07T22:20:49.803553,34.255,9,2,0,0,100,1,1
2026-08-07T22:20:49.825327,34.277,10,0,0,0,100,1,1
2026-08-07T22:20:49.858507,34.310,9,0,0,0,100,1,1
2026-08-07T22:20:49.880047,34.331,9,0,0,0,100,1,1
2026-08-07T22:20:49.902153,34.353,8,-1,0,0,100,1,1
2026-08-07T22:20:49.925873,34.377,10,1,0,0,100,1,1
2026-08-07T22:20:49.948345,34.400,10,1,0,0,100,1,1
2026-08-07T22:20:49.981020,34.432,8,0,0,0,100,1,1
2026-08-07T22:20:50.002876,34.454,10,1,0,0,100,1,1
2026-08-07T22:20:50.024859,34.476,8,0,0,0,100,1,1
2026-08-07T22:20:50.046229,34.497,8,-1,0,0,100,1,1
2026-08-07T22:20:50.069905,34.521,10,0,0,0,100,1,1
2026-08-07T22:20:50.102132,34.553,9,0,0,0,100,1,1
2026-08-07T22:20:50.125254,34.577,9,0,0,0,100,1,1
2026-08-07T22:20:50.147154,34.598,8,0,0,0,100,1,1
2026-08-07T22:20:50.168447,34.620,8,-1,0,0,100,1,1
2026-08-07T22:20:50.192500,34.644,9,-1,0,0,100,1,1
2026-08-07T22:20:50.225101,34.676,11,1,0,0,100,1,1
2026-08-07T22:20:50.246513,34.698,10,1,0,0,100,1,1
2026-08-07T22:20:50.269925,34.721,10,0,0,0,100,1,1
2026-08-07T22:20:50.291221,34.742,9,-1,0,0,100,1,1
2026-08-07T22:20:50.313812,34.765,9,0,0,0,100,1,1
2026-08-07T22:20:50.348828,34.800,9,0,0,0,100,1,1
2026-08-07T22:20:50.370498,34.822,11,1,0,0,100,1,1
2026-08-07T22:20:50.392357,34.844,10,0,0,0,100,1,1
2026-08-07T22:20:50.416438,34.868,10,1,0,0,100,1,1
2026-08-07T22:20:50.438200,34.889,9,-1,0,0,100,1,1
2026-08-07T22:20:50.471302,34.923,10,0,0,0,100,1,1
2026-08-07T22:20:50.493080,34.944,11,1,0,0,100,1,1
2026-08-07T22:20:50.514913,34.966,8,-1,0,0,100,1,1
2026-08-07T22:20:50.536230,34.987,9,0,0,0,100,1,1
2026-08-07T22:20:50.560901,35.012,10,1,0,0,100,1,1
2026-08-07T22:20:50.592465,35.044,9,0,0,0,100,1,1
2026-08-07T22:20:50.615533,35.067,9,0,0,0,100,1,1
2026-08-07T22:20:50.637323,35.089,8,-1,0,0,100,1,1
2026-08-07T22:20:50.658765,35.110,10,-1,0,0,100,1,1
2026-08-07T22:20:50.682801,35.134,9,-2,0,0,100,1,1
2026-08-07T22:20:50.715324,35.167,10,0,0,0,100,1,1
2026-08-07T22:20:50.736943,35.188,9,-1,0,0,100,1,1
2026-08-07T22:20:50.760356,35.212,9,0,0,0,100,1,1
2026-08-07T22:20:50.781636,35.233,10,0,0,0,100,1,1
2026-08-07T22:20:50.804271,35.256,9,0,0,0,100,1,1
2026-08-07T22:20:50.840144,35.291,9,0,0,0,100,1,1
2026-08-07T22:20:50.861940,35.313,9,-1,0,0,100,1,1
2026-08-07T22:20:50.884224,35.335,10,-1,0,0,100,1,1
2026-08-07T22:20:50.908213,35.359,10,-1,0,0,100,1,1
2026-08-07T22:20:50.929878,35.381,8,-1,0,0,100,1,1
2026-08-07T22:20:50.961994,35.413,9,-2,0,0,100,1,1
2026-08-07T22:20:50.983842,35.435,10,0,0,0,100,1,1
2026-08-07T22:20:51.005694,35.457,10,0,0,0,100,1,1
2026-08-07T22:20:51.026841,35.478,10,-1,0,0,100,1,1
2026-08-07T22:20:51.050902,35.502,9,0,0,0,100,1,1
2026-08-07T22:20:51.083087,35.534,9,0,0,0,100,1,1
2026-08-07T22:20:51.106085,35.557,10,1,0,0,100,1,1
2026-08-07T22:20:51.127834,35.579,9,-1,0,0,100,1,1
2026-08-07T22:20:51.149268,35.601,10,0,0,0,100,1,1
2026-08-07T22:20:51.173525,35.625,9,-1,0,0,100,1,1
2026-08-07T22:20:51.205575,35.657,9,0,0,0,100,1,1
2026-08-07T22:20:51.227015,35.678,9,0,0,0,100,1,1
2026-08-07T22:20:51.250346,35.702,11,2,0,0,100,1,1
2026-08-07T22:20:51.272095,35.723,10,0,0,0,100,1,1
2026-08-07T22:20:51.294765,35.746,9,0,0,0,100,1,1
2026-08-07T22:20:51.329401,35.781,9,0,0,0,100,1,1
2026-08-07T22:20:51.351099,35.802,9,0,0,0,100,1,1
2026-08-07T22:20:51.373176,35.824,10,1,0,0,100,1,1
2026-08-07T22:20:51.397192,35.848,10,0,0,0,100,1,1
2026-08-07T22:20:51.419075,35.870,9,-1,0,0,100,1,1
2026-08-07T22:20:51.452264,35.904,10,1,0,0,100,1,1
2026-08-07T22:20:51.474229,35.925,9,0,0,0,100,1,1
2026-08-07T22:20:51.495832,35.947,11,1,0,0,100,1,1
2026-08-07T22:20:51.517166,35.968,9,0,0,0,100,1,1
2026-08-07T22:20:51.541015,35.992,9,0,0,0,100,1,1
2026-08-07T22:20:51.573252,36.024,9,0,0,0,100,1,1
2026-08-07T22:20:51.596163,36.047,10,1,0,0,100,1,1
2026-08-07T22:20:51.618021,36.069,8,0,0,0,100,1,1
2026-08-07T22:20:51.639512,36.091,9,0,0,0,100,1,1
2026-08-07T22:20:51.663779,36.115,9,0,0,0,100,1,1
2026-08-07T22:20:51.696097,36.147,10,0,0,0,100,1,1
2026-08-07T22:20:51.717559,36.169,9,-1,0,0,100,1,1
2026-08-07T22:20:51.740883,36.192,9,0,0,0,100,1,1
2026-08-07T22:20:51.762497,36.214,9,0,0,0,100,1,1
2026-08-07T22:20:51.784950,36.236,9,-1,0,0,100,1,1
2026-08-07T22:20:51.820026,36.271,8,-2,0,0,100,1,1
2026-08-07T22:20:51.841870,36.293,9,0,0,0,100,1,1
2026-08-07T22:20:51.863412,36.315,9,-1,0,0,100,1,1
2026-08-07T22:20:51.887661,36.339,10,-1,0,0,100,1,1
2026-08-07T22:20:51.909565,36.361,9,0,0,0,100,1,1
2026-08-07T22:20:51.942649,36.394,10,-1,0,0,100,1,1
2026-08-07T22:20:51.964228,36.416,10,-1,0,0,100,1,1
2026-08-07T22:20:51.986137,36.437,10,0,0,0,100,1,1
2026-08-07T22:20:52.007429,36.459,9,0,0,0,100,1,1
2026-08-07T22:20:52.031693,36.483,8,-1,0,0,100,1,1
2026-08-07T22:20:52.063667,36.515,10,0,0,0,100,1,1
2026-08-07T22:20:52.086863,36.538,10,0,0,0,100,1,1
2026-08-07T22:20:52.108528,36.560,10,0,0,0,100,1,1
2026-08-07T22:20:52.130105,36.581,8,-2,0,0,100,1,1
2026-08-07T22:20:52.154199,36.605,9,0,0,0,100,1,1
2026-08-07T22:20:52.186233,36.637,10,0,0,0,100,1,1
2026-08-07T22:20:52.208044,36.659,10,1,0,0,100,1,1
2026-08-07T22:20:52.231186,36.682,11,0,0,0,100,1,1
2026-08-07T22:20:52.252577,36.704,9,0,0,0,100,1,1
2026-08-07T22:20:52.275210,36.726,9,-1,0,0,100,1,1
2026-08-07T22:20:52.310393,36.762,9,1,0,0,100,1,1
2026-08-07T22:20:52.332127,36.783,9,1,0,0,100,1,1
2026-08-07T22:20:52.354046,36.805,9,-1,0,0,100,1,1
2026-08-07T22:20:52.377444,36.829,9,0,0,0,100,1,1
2026-08-07T22:20:52.399589,36.851,9,0,0,0,100,1,1
2026-08-07T22:20:52.432869,36.884,9,-1,0,0,100,1,1
2026-08-07T22:20:52.454962,36.906,9,1,0,0,100,1,1
2026-08-07T22:20:52.476853,36.928,8,-1,0,0,100,1,1
2026-08-07T22:20:52.497817,36.949,9,0,0,0,100,1,1
2026-08-07T22:20:52.522231,36.973,9,-2,0,0,100,1,1
2026-08-07T22:20:52.554160,37.005,8,-1,0,0,100,1,1
2026-08-07T22:20:52.577191,37.028,9,0,0,0,100,1,1
2026-08-07T22:20:52.599024,37.050,9,0,0,0,100,1,1
2026-08-07T22:20:52.620458,37.072,9,1,0,0,100,1,1
2026-08-07T22:20:52.644462,37.096,10,0,0,0,100,1,1
2026-08-07T22:20:52.676717,37.128,9,-1,0,0,100,1,1
2026-08-07T22:20:52.698227,37.150,9,0,0,0,100,1,1
2026-08-07T22:20:52.721744,37.173,10,0,0,0,100,1,1
2026-08-07T22:20:52.742923,37.194,9,-1,0,0,100,1,1
2026-08-07T22:20:52.765524,37.217,10,1,0,0,100,1,1
2026-08-07T22:20:52.800814,37.252,9,0,0,0,100,1,1
2026-08-07T22:20:52.822321,37.274,9,0,0,0,100,1,1
2026-08-07T22:20:52.844107,37.295,10,-1,0,0,100,1,1
2026-08-07T22:20:52.867700,37.319,10,0,0,0,100,1,1
2026-08-07T22:20:52.889992,37.341,10,0,0,0,100,1,1
2026-08-07T22:20:52.923385,37.375,10,-1,0,0,100,1,1
2026-08-07T22:20:52.945128,37.396,10,0,0,0,100,1,1
2026-08-07T22:20:52.969230,37.420,10,0,0,0,100,1,1
2026-08-07T22:20:52.993557,37.445,10,0,0,0,100,1,1
2026-08-07T22:20:53.027297,37.479,9,-1,0,0,100,1,1
2026-08-07T22:20:53.048837,37.500,9,-2,0,0,100,1,1
2026-08-07T22:20:53.072219,37.523,11,0,0,0,100,1,1
2026-08-07T22:20:53.093527,37.545,9,0,0,0,100,1,1
2026-08-07T22:20:53.115910,37.567,9,0,0,0,100,1,1
2026-08-07T22:20:53.151003,37.602,9,0,0,0,100,1,1
2026-08-07T22:20:53.172800,37.624,10,1,0,0,100,1,1
2026-08-07T22:20:53.194643,37.646,10,0,0,0,100,1,1
2026-08-07T22:20:53.217923,37.669,9,1,0,0,100,1,1
2026-08-07T22:20:53.240526,37.692,9,0,0,0,100,1,1
2026-08-07T22:20:53.273748,37.725,10,0,0,0,100,1,1
2026-08-07T22:20:53.295543,37.747,10,0,0,0,100,1,1
2026-08-07T22:20:53.317571,37.769,10,0,0,0,100,1,1
2026-08-07T22:20:53.338657,37.790,10,1,0,0,100,1,1
2026-08-07T22:20:53.362636,37.814,10,1,0,0,100,1,1
2026-08-07T22:20:53.394584,37.846,8,-1,0,0,100,1,1
2026-08-07T22:20:53.417825,37.869,9,-1,0,0,100,1,1
2026-08-07T22:20:53.439869,37.891,10,1,0,0,100,1,1
2026-08-07T22:20:53.461254,37.913,9,0,0,0,100,1,1
2026-08-07T22:20:53.485137,37.936,10,0,0,0,100,1,1
2026-08-07T22:20:53.517285,37.969,9,0,0,0,100,1,1
2026-08-07T22:20:53.539068,37.990,9,-1,0,0,100,1,1
2026-08-07T22:20:53.562209,38.013,8,0,0,0,100,1,1
2026-08-07T22:20:53.583617,38.035,8,0,0,0,100,1,1
2026-08-07T22:20:53.606471,38.058,9,0,0,0,100,1,1
2026-08-07T22:20:53.641206,38.092,10,0,0,0,100,1,1
2026-08-07T22:20:53.663223,38.114,10,0,0,0,100,1,1
2026-08-07T22:20:53.685067,38.136,9,-2,0,0,100,1,1
2026-08-07T22:20:53.708343,38.160,9,0,0,0,100,1,1
2026-08-07T22:20:53.730667,38.182,9,-1,0,0,100,1,1
2026-08-07T22:20:53.763978,38.215,9,0,0,0,100,1,1
2026-08-07T22:20:53.785989,38.237,10,0,0,0,100,1,1
2026-08-07T22:20:53.807870,38.259,10,0,0,0,100,1,1
2026-08-07T22:20:53.829116,38.280,9,-2,0,0,100,1,1
2026-08-07T22:20:53.853111,38.304,9,-1,0,0,100,1,1
2026-08-07T22:20:53.885050,38.336,9,0,0,0,100,1,1
2026-08-07T22:20:53.908029,38.359,10,1,0,0,100,1,1
2026-08-07T22:20:53.929841,38.381,9,0,0,0,100,1,1
2026-08-07T22:20:53.951585,38.403,9,-1,0,0,100,1,1
2026-08-07T22:20:53.975517,38.427,11,1,0,0,100,1,1
2026-08-07T22:20:54.007648,38.459,9,0,0,0,100,1,1
2026-08-07T22:20:54.029413,38.481,10,1,0,0,100,1,1
2026-08-07T22:20:54.052628,38.504,9,0,0,0,100,1,1
2026-08-07T22:20:54.073852,38.525,10,0,0,0,100,1,1
2026-08-07T22:20:54.096725,38.548,10,-1,0,0,100,1,1
2026-08-07T22:20:54.131691,38.583,9,1,0,0,100,1,1
2026-08-07T22:20:54.153361,38.605,8,0,0,0,100,1,1
2026-08-07T22:20:54.175179,38.626,9,0,0,0,100,1,1
2026-08-07T22:20:54.199377,38.651,8,0,0,0,100,1,1
2026-08-07T22:20:54.221198,38.672,11,2,0,0,100,1,1
2026-08-07T22:20:54.254274,38.706,10,0,0,0,100,1,1
2026-08-07T22:20:54.276352,38.727,10,0,0,0,100,1,1
2026-08-07T22:20:54.297991,38.749,9,-1,0,0,100,1,1
2026-08-07T22:20:54.319318,38.771,11,0,0,0,100,1,1
2026-08-07T22:20:54.343447,38.795,9,-1,0,0,100,1,1
2026-08-07T22:20:54.375413,38.827,9,0,0,0,100,1,1
2026-08-07T22:20:54.398626,38.850,10,0,0,0,100,1,1
2026-08-07T22:20:54.420195,38.871,10,0,0,0,100,1,1
2026-08-07T22:20:54.441905,38.893,10,0,0,0,100,1,1
2026-08-07T22:20:54.465945,38.917,9,-1,0,0,100,1,1
2026-08-07T22:20:54.498217,38.949,9,-1,0,0,100,1,1
2026-08-07T22:20:54.519998,38.971,10,0,0,0,100,1,1
2026-08-07T22:20:54.542969,38.994,9,0,0,0,100,1,1
2026-08-07T22:20:54.564597,39.016,10,0,0,0,100,1,1
2026-08-07T22:20:54.587180,39.038,9,-1,0,0,100,1,1
2026-08-07T22:20:54.622167,39.073,9,0,0,0,100,1,1
2026-08-07T22:20:54.643951,39.095,9,0,0,0,100,1,1
2026-08-07T22:20:54.665862,39.117,9,-1,0,0,100,1,1
2026-08-07T22:20:54.689821,39.141,9,-1,0,0,100,1,1
2026-08-07T22:20:54.711532,39.163,10,0,0,0,100,1,1
2026-08-07T22:20:54.744737,39.196,9,0,0,0,100,1,1
2026-08-07T22:20:54.766850,39.218,11,2,0,0,100,1,1
2026-08-07T22:20:54.788831,39.240,9,-1,0,0,100,1,1
2026-08-07T22:20:54.810030,39.261,9,-1,0,0,100,1,1
2026-08-07T22:20:54.833888,39.285,8,-2,0,0,100,1,1
2026-08-07T22:20:54.865885,39.317,9,1,0,0,100,1,1
2026-08-07T22:20:54.889204,39.340,9,0,0,0,100,1,1
2026-08-07T22:20:54.910575,39.362,10,0,0,0,100,1,1
2026-08-07T22:20:54.932518,39.384,10,1,0,0,100,1,1
2026-08-07T22:20:54.956175,39.407,9,1,0,0,100,1,1
2026-08-07T22:20:54.988273,39.440,9,0,0,0,100,1,1
2026-08-07T22:20:55.010098,39.461,10,0,0,0,100,1,1
2026-08-07T22:20:55.033304,39.485,10,0,0,0,100,1,1
2026-08-07T22:20:55.054941,39.506,9,0,0,0,100,1,1
2026-08-07T22:20:55.078754,39.530,9,0,0,0,100,1,1
2026-08-07T22:20:55.112349,39.564,9,-1,0,0,100,1,1
2026-08-07T22:20:55.134032,39.585,9,-1,0,0,100,1,1
2026-08-07T22:20:55.155900,39.607,10,-1,0,0,100,1,1
2026-08-07T22:20:55.179457,39.631,9,-1,0,0,100,1,1
2026-08-07T22:20:55.201794,39.653,10,1,0,0,100,1,1
2026-08-07T22:20:55.235168,39.686,9,-1,0,0,100,1,1
2026-08-07T22:20:55.257049,39.708,10,0,0,0,100,1,1
2026-08-07T22:20:55.279025,39.730,10,-2,0,0,100,1,1
2026-08-07T22:20:55.300587,39.752,10,1,0,0,100,1,1
2026-08-07T22:20:55.324135,39.775,9,-1,0,0,100,1,1
2026-08-07T22:20:55.356229,39.808,9,-1,0,0,100,1,1
2026-08-07T22:20:55.379277,39.831,8,-3,0,0,100,1,1
2026-08-07T22:20:55.401218,39.852,10,1,0,0,100,1,1
2026-08-07T22:20:55.422664,39.874,11,0,0,0,100,1,1
2026-08-07T22:20:55.446665,39.898,9,1,0,0,100,1,1
2026-08-07T22:20:55.478605,39.930,10,1,0,0,100,1,1
2026-08-07T22:20:55.500658,39.952,11,1,0,0,100,1,1
2026-08-07T22:20:55.524035,39.975,9,0,0,0,100,1,1
2026-08-07T22:20:55.545330,39.997,10,0,0,0,100,1,1
2026-08-07T22:20:55.567962,40.019,9,0,0,0,100,1,1
2026-08-07T22:20:55.603075,40.054,10,1,0,0,100,1,1
2026-08-07T22:20:55.624868,40.076,10,2,0,0,100,1,1
2026-08-07T22:20:55.646472,40.098,9,1,0,0,100,1,1
2026-08-07T22:20:55.670429,40.122,10,0,0,0,100,1,1
2026-08-07T22:20:55.692386,40.144,8,-1,0,0,100,1,1
2026-08-07T22:20:55.725217,40.176,10,1,0,0,100,1,1
2026-08-07T22:20:55.747284,40.199,10,-1,0,0,100,1,1
2026-08-07T22:20:55.769259,40.221,9,0,0,0,100,1,1
2026-08-07T22:20:55.790534,40.242,9,0,0,0,100,1,1
2026-08-07T22:20:55.814468,40.266,9,0,0,0,100,1,1
2026-08-07T22:20:55.846647,40.298,9,0,0,0,100,1,1
2026-08-07T22:20:55.869971,40.321,11,1,0,0,100,1,1
2026-08-07T22:20:55.891844,40.343,9,0,0,0,100,1,1
2026-08-07T22:20:55.912855,40.364,9,0,0,0,100,1,1
2026-08-07T22:20:55.936986,40.388,9,-1,0,0,100,1,1
2026-08-07T22:20:55.969047,40.420,8,0,0,0,100,1,1
2026-08-07T22:20:55.991110,40.442,8,0,0,0,100,1,1
2026-08-07T22:20:56.014251,40.465,8,0,0,0,100,1,1
2026-08-07T22:20:56.035879,40.487,10,-1,0,0,100,1,1
2026-08-07T22:20:56.058330,40.510,9,0,0,0,100,1,1
2026-08-07T22:20:56.093111,40.544,8,0,0,0,100,1,1
2026-08-07T22:20:56.114795,40.566,10,0,0,0,100,1,1
2026-08-07T22:20:56.136961,40.588,7,-1,0,0,100,1,1
2026-08-07T22:20:56.160196,40.611,10,1,0,0,100,1,1
2026-08-07T22:20:56.182688,40.634,10,1,0,0,100,1,1
2026-08-07T22:20:56.215966,40.667,9,-1,0,0,100,1,1
2026-08-07T22:20:56.237752,40.689,10,0,0,0,100,1,1
2026-08-07T22:20:56.259667,40.711,10,1,0,0,100,1,1
2026-08-07T22:20:56.280936,40.732,9,1,0,0,100,1,1
2026-08-07T22:20:56.304972,40.756,9,0,0,0,100,1,1
2026-08-07T22:20:56.337374,40.789,10,0,0,0,100,1,1
2026-08-07T22:20:56.360107,40.811,9,0,0,0,100,1,1
2026-08-07T22:20:56.381857,40.833,11,0,0,0,100,1,1
2026-08-07T22:20:56.403241,40.855,8,0,0,0,100,1,1
2026-08-07T22:20:56.427572,40.879,10,-1,0,0,100,1,1
2026-08-07T22:20:56.459402,40.911,10,0,0,0,100,1,1
2026-08-07T22:20:56.481153,40.932,10,0,0,0,100,1,1
2026-08-07T22:20:56.504370,40.956,10,1,0,0,100,1,1
2026-08-07T22:20:56.526052,40.977,9,0,0,0,100,1,1
2026-08-07T22:20:56.548508,41.000,9,0,0,0,100,1,1
2026-08-07T22:20:56.583725,41.035,9,-1,0,0,100,1,1
2026-08-07T22:20:56.605358,41.057,9,0,0,0,100,1,1
2026-08-07T22:20:56.627064,41.078,10,0,0,0,100,1,1
2026-08-07T22:20:56.650643,41.102,10,0,0,0,100,1,1
2026-08-07T22:20:56.672854,41.124,9,0,0,0,100,1,1
2026-08-07T22:20:56.706538,41.158,9,0,0,0,100,1,1
2026-08-07T22:20:56.728230,41.180,10,0,0,0,100,1,1
2026-08-07T22:20:56.749923,41.201,10,0,0,0,100,1,1
2026-08-07T22:20:56.771450,41.223,10,0,0,0,100,1,1
2026-08-07T22:20:56.795107,41.246,10,0,0,0,100,1,1
2026-08-07T22:20:56.827255,41.279,9,1,0,0,100,1,1
2026-08-07T22:20:56.850486,41.302,9,0,0,0,100,1,1
2026-08-07T22:20:56.872378,41.324,10,1,0,0,100,1,1
2026-08-07T22:20:56.893834,41.345,9,0,0,0,100,1,1
2026-08-07T22:20:56.917905,41.369,9,-1,0,0,100,1,1
2026-08-07T22:20:56.949928,41.401,10,0,0,0,100,1,1
2026-08-07T22:20:56.971607,41.423,9,0,0,0,100,1,1
2026-08-07T22:20:56.994996,41.446,9,-1,0,0,100,1,1
2026-08-07T22:20:57.016463,41.468,8,0,0,0,100,1,1
2026-08-07T22:20:57.039074,41.490,8,-1,0,0,100,1,1
2026-08-07T22:20:57.074016,41.525,9,1,0,0,100,1,1
2026-08-07T22:20:57.095674,41.547,10,1,0,0,100,1,1
2026-08-07T22:20:57.117445,41.569,10,1,0,0,100,1,1
2026-08-07T22:20:57.141713,41.593,9,1,0,0,100,1,1
2026-08-07T22:20:57.163470,41.615,9,0,0,0,100,1,1
2026-08-07T22:20:57.198897,41.650,9,-1,0,0,100,1,1
2026-08-07T22:20:57.220867,41.672,9,0,0,0,100,1,1
2026-08-07T22:20:57.242667,41.694,9,0,0,0,100,1,1
2026-08-07T22:20:57.266694,41.718,8,0,0,0,100,1,1
2026-08-07T22:20:57.288274,41.740,9,1,0,0,100,1,1
2026-08-07T22:20:57.317550,41.769,9,0,0,0,100,1,1
2026-08-07T22:20:57.340938,41.792,10,1,0,0,100,1,1
2026-08-07T22:20:57.362714,41.814,9,0,0,0,100,1,1
2026-08-07T22:20:57.384178,41.835,9,0,0,0,100,1,1
2026-08-07T22:20:57.408171,41.859,9,1,0,0,100,1,1
2026-08-07T22:20:57.440543,41.892,10,0,0,0,100,1,1
2026-08-07T22:20:57.462075,41.913,10,0,0,0,100,1,1
2026-08-07T22:20:57.485293,41.937,10,1,0,0,100,1,1
2026-08-07T22:20:57.507063,41.958,10,0,0,0,100,1,1
2026-08-07T22:20:57.529393,41.981,8,-1,0,0,100,1,1
2026-08-07T22:20:57.564492,42.016,9,-1,0,0,100,1,1
2026-08-07T22:20:57.586324,42.038,10,0,0,0,100,1,1
2026-08-07T22:20:57.608336,42.060,10,1,0,0,100,1,1
2026-08-07T22:20:57.631499,42.083,9,1,0,0,100,1,1
2026-08-07T22:20:57.653978,42.105,10,0,0,0,100,1,1
2026-08-07T22:20:57.686886,42.138,10,0,0,0,100,1,1
2026-08-07T22:20:57.708813,42.160,9,0,0,0,100,1,1
2026-08-07T22:20:57.730721,42.182,10,0,0,0,100,1,1
2026-08-07T22:20:57.751794,42.203,10,-1,0,0,100,1,1
2026-08-07T22:20:57.776010,42.227,9,0,0,0,100,1,1
2026-08-07T22:20:57.808501,42.260,9,0,0,0,100,1,1
2026-08-07T22:20:57.831198,42.282,10,0,0,0,100,1,1
2026-08-07T22:20:57.852999,42.304,10,1,0,0,100,1,1
2026-08-07T22:20:57.874632,42.326,8,-1,0,0,100,1,1
2026-08-07T22:20:57.898607,42.350,9,0,0,0,100,1,1
2026-08-07T22:20:57.930472,42.382,10,0,0,0,100,1,1
2026-08-07T22:20:57.952288,42.404,10,0,0,0,100,1,1
2026-08-07T22:20:57.975545,42.427,8,-2,0,0,100,1,1
2026-08-07T22:20:57.997015,42.448,10,0,0,0,100,1,1
2026-08-07T22:20:58.019748,42.471,9,-1,0,0,100,1,1
2026-08-07T22:20:58.054993,42.506,10,0,0,0,100,1,1
2026-08-07T22:20:58.076548,42.528,9,0,0,0,100,1,1
2026-08-07T22:20:58.098383,42.550,8,-1,0,0,100,1,1
2026-08-07T22:20:58.121927,42.573,8,-1,0,0,100,1,1
2026-08-07T22:20:58.144026,42.595,10,1,0,0,100,1,1
2026-08-07T22:20:58.177458,42.629,9,0,0,0,100,1,1
2026-08-07T22:20:58.199387,42.651,9,1,0,0,100,1,1
2026-08-07T22:20:58.221197,42.672,10,0,0,0,100,1,1
2026-08-07T22:20:58.242389,42.694,9,1,0,0,100,1,1
2026-08-07T22:20:58.266288,42.718,9,-1,0,0,100,1,1
2026-08-07T22:20:58.298627,42.750,10,2,0,0,100,1,1
2026-08-07T22:20:58.321838,42.773,10,-1,0,0,100,1,1
2026-08-07T22:20:58.343641,42.795,10,0,0,0,100,1,1
2026-08-07T22:20:58.364959,42.816,9,-1,0,0,100,1,1
2026-08-07T22:20:58.388997,42.840,10,1,0,0,100,1,1
2026-08-07T22:20:58.421076,42.872,9,0,0,0,100,1,1
2026-08-07T22:20:58.442772,42.894,9,0,0,0,100,1,1
2026-08-07T22:20:58.466075,42.917,9,0,0,0,100,1,1
2026-08-07T22:20:58.487539,42.939,9,0,0,0,100,1,1
2026-08-07T22:20:58.510016,42.961,10,1,0,0,100,1,1
2026-08-07T22:20:58.545158,42.996,8,0,0,0,100,1,1
2026-08-07T22:20:58.566891,43.018,9,-1,0,0,100,1,1
2026-08-07T22:20:58.589099,43.040,9,0,0,0,100,1,1
2026-08-07T22:20:58.612920,43.064,9,1,0,0,100,1,1
2026-08-07T22:20:58.634511,43.086,10,1,0,0,100,1,1
2026-08-07T22:20:58.667766,43.119,10,1,0,0,100,1,1
2026-08-07T22:20:58.689660,43.141,9,2,0,0,100,1,1
2026-08-07T22:20:58.711618,43.163,9,0,0,0,100,1,1
2026-08-07T22:20:58.732667,43.184,8,1,0,0,100,1,1
2026-08-07T22:20:58.757026,43.208,9,0,0,0,100,1,1
2026-08-07T22:20:58.788793,43.240,10,0,0,0,100,1,1
2026-08-07T22:20:58.812018,43.263,9,-1,0,0,100,1,1
2026-08-07T22:20:58.833851,43.285,10,2,0,0,100,1,1
2026-08-07T22:20:58.855197,43.306,9,0,0,0,100,1,1
2026-08-07T22:20:58.879368,43.331,10,0,0,0,100,1,1
2026-08-07T22:20:58.911236,43.363,10,1,0,0,100,1,1
2026-08-07T22:20:58.933063,43.384,8,1,0,0,100,1,1
2026-08-07T22:20:58.956410,43.408,10,0,0,0,100,1,1
2026-08-07T22:20:58.978134,43.429,9,0,0,0,100,1,1
2026-08-07T22:20:59.000349,43.452,8,-1,0,0,100,1,1
2026-08-07T22:20:59.035626,43.487,11,0,0,0,100,1,1
2026-08-07T22:20:59.057482,43.509,10,1,0,0,100,1,1
2026-08-07T22:20:59.079269,43.531,8,0,0,0,100,1,1
2026-08-07T22:20:59.102713,43.554,9,0,0,0,100,1,1
2026-08-07T22:20:59.124895,43.576,10,2,0,0,100,1,1
2026-08-07T22:20:59.158359,43.610,9,0,0,0,100,1,1
2026-08-07T22:20:59.180078,43.631,8,-1,0,0,100,1,1
2026-08-07T22:20:59.201872,43.653,9,0,0,0,100,1,1
2026-08-07T22:20:59.223356,43.675,9,1,0,0,100,1,1
2026-08-07T22:20:59.247106,43.698,10,0,0,0,100,1,1
2026-08-07T22:20:59.279323,43.731,10,0,0,0,100,1,1
2026-08-07T22:20:59.302554,43.754,10,-1,0,0,100,1,1
2026-08-07T22:20:59.325863,43.777,11,-2,0,0,100,1,1
2026-08-07T22:20:59.348862,43.800,7,-3,0,0,100,1,1
2026-08-07T22:20:59.371856,43.823,9,0,0,0,100,1,1
2026-08-07T22:20:59.401588,43.853,9,0,0,0,100,1,1
2026-08-07T22:20:59.423542,43.875,10,0,0,0,100,1,1
2026-08-07T22:20:59.446797,43.898,11,0,0,0,100,1,1
2026-08-07T22:20:59.468069,43.919,11,1,0,0,100,1,1
2026-08-07T22:20:59.490871,43.942,9,0,0,0,100,1,1
2026-08-07T22:20:59.525802,43.977,9,1,0,0,100,1,1
2026-08-07T22:20:59.547595,43.999,9,-1,0,0,100,1,1
2026-08-07T22:20:59.569298,44.021,10,2,0,0,100,1,1
2026-08-07T22:20:59.593462,44.045,10,0,0,0,100,1,1
2026-08-07T22:20:59.615203,44.066,10,0,0,0,100,1,1
2026-08-07T22:20:59.648591,44.100,9,0,0,0,100,1,1
2026-08-07T22:20:59.670401,44.122,8,0,0,0,100,1,1
2026-08-07T22:20:59.692506,44.144,10,0,0,0,100,1,1
2026-08-07T22:20:59.713470,44.165,9,0,0,0,100,1,1
2026-08-07T22:20:59.737400,44.189,10,0,0,0,100,1,1
2026-08-07T22:20:59.769542,44.221,10,0,0,0,100,1,1
2026-08-07T22:20:59.792798,44.244,10,0,0,0,100,1,1
2026-08-07T22:20:59.814598,44.266,9,0,0,0,100,1,1
2026-08-07T22:20:59.836127,44.287,11,1,0,0,100,1,1
2026-08-07T22:20:59.859934,44.311,9,-1,0,0,100,1,1
2026-08-07T22:20:59.892346,44.344,9,1,0,0,100,1,1
2026-08-07T22:20:59.913967,44.365,10,0,0,0,100,1,1
2026-08-07T22:20:59.937461,44.389,9,-1,0,0,100,1,1
2026-08-07T22:20:59.958774,44.410,9,0,0,0,100,1,1
2026-08-07T22:20:59.981319,44.433,10,0,0,0,100,1,1
2026-08-07T22:21:00.016133,44.467,9,0,0,0,100,1,1
2026-08-07T22:21:00.038103,44.489,10,0,0,0,100,1,1
2026-08-07T22:21:00.059897,44.511,9,0,0,0,100,1,1
2026-08-07T22:21:00.083326,44.535,9,0,0,0,100,1,1
2026-08-07T22:21:00.105842,44.557,10,2,0,0,100,1,1
2026-08-07T22:21:00.138889,44.590,9,0,0,0,100,1,1
2026-08-07T22:21:00.160773,44.612,11,-1,0,0,100,1,1
2026-08-07T22:21:00.182696,44.634,10,0,0,0,100,1,1
2026-08-07T22:21:00.203906,44.655,10,1,0,0,100,1,1
2026-08-07T22:21:00.227952,44.679,9,0,0,0,100,1,1
2026-08-07T22:21:00.260017,44.711,10,0,0,0,100,1,1
2026-08-07T22:21:00.283012,44.734,9,0,0,0,100,1,1
2026-08-07T22:21:00.305286,44.756,9,0,0,0,100,1,1
2026-08-07T22:21:00.326395,44.778,8,-1,0,0,100,1,1
2026-08-07T22:21:00.350432,44.802,9,-1,0,0,100,1,1
2026-08-07T22:21:00.382663,44.834,11,1,0,0,100,1,1
2026-08-07T22:21:00.404432,44.856,9,0,0,0,100,1,1
2026-08-07T22:21:00.427534,44.879,10,0,0,0,100,1,1
2026-08-07T22:21:00.449172,44.900,10,0,0,0,100,1,1
2026-08-07T22:21:00.471730,44.923,9,0,0,0,100,1,1
2026-08-07T22:21:00.506952,44.958,11,1,0,0,100,1,1
2026-08-07T22:21:00.528474,44.980,10,0,0,0,100,1,1
2026-08-07T22:21:00.550183,45.001,9,0,0,0,100,1,1
2026-08-07T22:21:00.574610,45.026,12,1,0,0,100,1,1
2026-08-07T22:21:00.596080,45.047,9,-1,0,0,100,1,1
2026-08-07T22:21:00.629318,45.081,9,0,0,0,100,1,1
2026-08-07T22:21:00.651030,45.102,10,1,0,0,100,1,1
2026-08-07T22:21:00.672878,45.124,10,1,0,0,100,1,1
2026-08-07T22:21:00.693923,45.145,10,1,0,0,100,1,1
2026-08-07T22:21:00.718259,45.170,9,-1,0,0,100,1,1
2026-08-07T22:21:00.750436,45.202,10,1,0,0,100,1,1
2026-08-07T22:21:00.773480,45.225,9,0,0,0,100,1,1
2026-08-07T22:21:00.795507,45.247,9,0,0,0,100,1,1
2026-08-07T22:21:00.816844,45.268,9,1,0,0,100,1,1
2026-08-07T22:21:00.841273,45.292,11,1,0,0,100,1,1
2026-08-07T22:21:00.873169,45.324,8,0,0,0,100,1,1
2026-08-07T22:21:00.894608,45.346,9,0,0,0,100,1,1
2026-08-07T22:21:00.918111,45.369,10,1,0,0,100,1,1
2026-08-07T22:21:00.939483,45.391,9,1,0,0,100,1,1
2026-08-07T22:21:00.962185,45.413,9,-1,0,0,100,1,1
2026-08-07T22:21:00.996889,45.448,8,0,0,0,100,1,1
2026-08-07T22:21:01.018771,45.470,9,1,0,0,100,1,1
2026-08-07T22:21:01.040677,45.492,9,2,0,0,100,1,1
2026-08-07T22:21:01.063900,45.515,8,-1,0,0,100,1,1
2026-08-07T22:21:01.086206,45.537,10,1,0,0,100,1,1
2026-08-07T22:21:01.119604,45.571,10,1,0,0,100,1,1
2026-08-07T22:21:01.141473,45.593,9,-1,0,0,100,1,1
2026-08-07T22:21:01.163542,45.615,9,0,0,0,100,1,1
2026-08-07T22:21:01.184624,45.636,8,0,0,0,100,1,1
2026-08-07T22:21:01.208583,45.660,10,0,0,0,100,1,1
2026-08-07T22:21:01.240768,45.692,8,-1,0,0,100,1,1
2026-08-07T22:21:01.263888,45.715,8,-1,0,0,100,1,1
2026-08-07T22:21:01.285600,45.737,9,0,0,0,100,1,1
2026-08-07T22:21:01.307222,45.758,8,-1,0,0,100,1,1
2026-08-07T22:21:01.331085,45.782,9,0,0,0,100,1,1
2026-08-07T22:21:01.363036,45.814,11,0,0,0,100,1,1
2026-08-07T22:21:01.384962,45.836,10,1,0,0,100,1,1
2026-08-07T22:21:01.408175,45.859,10,0,0,0,100,1,1
2026-08-07T22:21:01.429829,45.881,11,1,0,0,100,1,1
2026-08-07T22:21:01.454643,45.906,9,0,0,0,100,1,1
2026-08-07T22:21:01.487542,45.939,10,1,0,0,100,1,1
2026-08-07T22:21:01.509359,45.961,10,0,0,0,100,1,1
2026-08-07T22:21:01.531127,45.982,9,0,0,0,100,1,1
2026-08-07T22:21:01.555173,46.006,9,0,0,0,100,1,1
2026-08-07T22:21:01.576828,46.028,10,0,0,0,100,1,1
2026-08-07T22:21:01.610044,46.061,7,-1,0,0,100,1,1
2026-08-07T22:21:01.631648,46.083,8,0,0,0,100,1,1
2026-08-07T22:21:01.653641,46.105,10,1,0,0,100,1,1
2026-08-07T22:21:01.674833,46.126,10,0,0,0,100,1,1
2026-08-07T22:21:01.698989,46.150,10,1,0,0,100,1,1
2026-08-07T22:21:01.731143,46.182,10,1,0,0,100,1,1
2026-08-07T22:21:01.754217,46.205,10,1,0,0,100,1,1
2026-08-07T22:21:01.775900,46.227,10,1,0,0,100,1,1
2026-08-07T22:21:01.797359,46.249,10,0,0,0,100,1,1
2026-08-07T22:21:01.821549,46.273,9,1,0,0,100,1,1
2026-08-07T22:21:01.853633,46.305,9,1,0,0,100,1,1
2026-08-07T22:21:01.875516,46.327,10,2,0,0,100,1,1
2026-08-07T22:21:01.898783,46.350,9,1,0,0,100,1,1
2026-08-07T22:21:01.920012,46.371,10,2,0,0,100,1,1
2026-08-07T22:21:01.942733,46.394,10,1,0,0,100,1,1
2026-08-07T22:21:01.978074,46.429,9,1,0,0,100,1,1
2026-08-07T22:21:01.999267,46.451,9,1,0,0,100,1,1
2026-08-07T22:21:02.021313,46.473,10,1,0,0,100,1,1
2026-08-07T22:21:02.044766,46.496,10,1,0,0,100,1,1
2026-08-07T22:21:02.067118,46.518,10,1,0,0,100,1,1
2026-08-07T22:21:02.100395,46.552,10,1,0,0,100,1,1
2026-08-07T22:21:02.122620,46.574,9,1,0,0,100,1,1
2026-08-07T22:21:02.144044,46.595,11,1,0,0,100,1,1
2026-08-07T22:21:02.165158,46.616,10,0,0,0,100,1,1
2026-08-07T22:21:02.189630,46.641,9,0,0,0,100,1,1
2026-08-07T22:21:02.221609,46.673,8,0,0,0,100,1,1
2026-08-07T22:21:02.244606,46.696,9,2,0,0,100,1,1
2026-08-07T22:21:02.266487,46.718,11,3,0,0,100,1,1
2026-08-07T22:21:02.288279,46.739,10,2,0,0,100,1,1
2026-08-07T22:21:02.311911,46.763,9,2,0,0,100,1,1
2026-08-07T22:21:02.344023,46.795,10,3,0,0,100,1,1
2026-08-07T22:21:02.365816,46.817,10,1,0,0,100,1,1
2026-08-07T22:21:02.389082,46.840,9,1,0,0,100,1,1
2026-08-07T22:21:02.410801,46.862,9,2,0,0,100,1,1
2026-08-07T22:21:02.433319,46.885,9,2,0,0,100,1,1
2026-08-07T22:21:02.468261,46.919,11,1,0,0,100,1,1
2026-08-07T22:21:02.490352,46.942,9,1,0,0,100,1,1
2026-08-07T22:21:02.512536,46.964,10,3,0,0,100,1,1
2026-08-07T22:21:02.536463,46.988,10,1,0,0,100,1,1
2026-08-07T22:21:02.558620,47.010,11,0,0,0,100,1,1
2026-08-07T22:21:02.591300,47.043,11,0,0,0,100,1,1
2026-08-07T22:21:02.613432,47.065,11,-1,0,0,100,1,1
2026-08-07T22:21:02.635638,47.087,10,-1,0,0,100,1,1
2026-08-07T22:21:02.660189,47.111,14,1,0,0,100,1,1
2026-08-07T22:21:02.682403,47.134,32,8,0,0,100,1,1
2026-08-07T22:21:02.712367,47.163,13,1,0,0,100,1,1
2026-08-07T22:21:02.735694,47.187,11,0,0,0,100,1,1
2026-08-07T22:21:02.758036,47.209,11,0,0,0,100,1,1
2026-08-07T22:21:02.779792,47.231,31,8,0,0,100,1,1
2026-08-07T22:21:02.804210,47.255,10,-2,0,0,100,1,1
2026-08-07T22:21:02.835148,47.286,33,8,0,0,100,1,1
2026-08-07T22:21:02.857317,47.309,7,-3,0,0,100,1,1
2026-08-07T22:21:02.881417,47.333,-16,-14,0,0,100,1,1
2026-08-07T22:21:02.904368,47.356,33,7,0,0,100,1,1
2026-08-07T22:21:02.926616,47.378,39,5,0,0,100,1,1
2026-08-07T22:21:02.959192,47.410,38,7,0,0,100,1,1
2026-08-07T22:21:02.981129,47.432,32,8,0,0,100,1,1
2026-08-07T22:21:03.003610,47.455,41,5,0,0,100,1,1
2026-08-07T22:21:03.028231,47.480,-17,-15,0,0,100,1,1
2026-08-07T22:21:03.050230,47.502,42,4,0,0,100,1,1
2026-08-07T22:21:03.081729,47.533,-16,-14,0,0,100,1,1
2026-08-07T22:21:03.103781,47.555,-17,-16,0,0,100,1,1
2026-08-07T22:21:03.126241,47.578,-17,-14,0,0,100,1,1
2026-08-07T22:21:03.150773,47.602,34,8,0,0,100,1,1
2026-08-07T22:21:03.173140,47.624,34,7,0,0,100,1,1
2026-08-07T22:21:03.202530,47.654,-17,-14,0,0,100,1,1
2026-08-07T22:21:03.226246,47.678,34,9,0,0,100,1,1
2026-08-07T22:21:03.248824,47.700,-17,-17,0,0,100,1,1
2026-08-07T22:21:03.271585,47.723,38,7,0,0,100,1,1
2026-08-07T22:21:03.295193,47.746,33,7,0,0,100,1,1
2026-08-07T22:21:03.325426,47.777,41,5,0,0,100,1,1
2026-08-07T22:21:03.347511,47.799,35,8,0,0,100,1,1
2026-08-07T22:21:03.371826,47.823,-17,-13,0,0,100,1,1
2026-08-07T22:21:03.394658,47.846,39,7,0,0,100,1,1
2026-08-07T22:21:03.416701,47.868,-17,-16,0,0,100,1,1
2026-08-07T22:21:03.449171,47.900,40,6,0,0,100,1,1
2026-08-07T22:21:03.471048,47.922,39,6,0,0,100,1,1
2026-08-07T22:21:03.493857,47.945,39,6,0,0,100,1,1
2026-08-07T22:21:03.518261,47.969,37,6,0,0,100,1,1
2026-08-07T22:21:03.540668,47.992,43,4,0,0,100,1,1
2026-08-07T22:21:03.573630,48.025,-17,-14,0,0,100,1,1
2026-08-07T22:21:03.595633,48.047,-17,-15,0,0,100,1,1
2026-08-07T22:21:03.617976,48.069,41,5,0,0,100,1,1
2026-08-07T22:21:03.642434,48.094,35,8,0,0,100,1,1
2026-08-07T22:21:03.675531,48.127,42,3,0,0,100,1,1
2026-08-07T22:21:03.697510,48.149,40,6,0,0,100,1,1
2026-08-07T22:21:03.721754,48.173,41,5,0,0,100,1,1
2026-08-07T22:21:03.744573,48.196,39,7,0,0,100,1,1
2026-08-07T22:21:03.766920,48.218,41,5,0,0,100,1,1
2026-08-07T22:21:03.799485,48.251,-17,-15,0,0,100,1,1
2026-08-07T22:21:03.821785,48.273,-17,-15,0,0,100,1,1
2026-08-07T22:21:03.844067,48.295,-17,-14,0,0,100,1,1
2026-08-07T22:21:03.868869,48.320,37,8,0,0,100,1,1
2026-08-07T22:21:03.891031,48.342,-16,-13,0,0,100,1,1
2026-08-07T22:21:03.922087,48.373,5,-1,0,0,100,1,1
2026-08-07T22:21:03.943849,48.395,4,0,0,0,100,1,1
2026-08-07T22:21:03.965928,48.417,3,0,0,0,100,1,1
2026-08-07T22:21:03.987366,48.439,5,0,0,0,100,1,1
2026-08-07T22:21:04.011129,48.462,10,0,0,0,100,1,1
2026-08-07T22:21:04.042916,48.494,10,0,0,0,100,1,1
2026-08-07T22:21:04.065901,48.517,10,0,0,0,100,1,1
2026-08-07T22:21:04.087655,48.539,10,-1,0,0,100,1,1
2026-08-07T22:21:04.109191,48.560,9,-1,0,0,100,1,1
2026-08-07T22:21:04.133531,48.585,8,-1,0,0,100,1,1
2026-08-07T22:21:04.165652,48.617,9,-1,0,0,100,1,1
2026-08-07T22:21:04.187168,48.638,10,0,0,0,100,1,1
2026-08-07T22:21:04.210463,48.662,11,0,0,0,100,1,1
2026-08-07T22:21:04.231871,48.683,10,-1,0,0,100,1,1
2026-08-07T22:21:04.254534,48.706,10,0,0,0,100,1,1
2026-08-07T22:21:04.289665,48.741,9,0,0,0,100,1,1
2026-08-07T22:21:04.311364,48.763,11,0,0,0,100,1,1
2026-08-07T22:21:04.333214,48.784,9,-1,0,0,100,1,1
2026-08-07T22:21:04.357195,48.808,9,0,0,0,100,1,1
2026-08-07T22:21:04.379074,48.830,10,1,0,0,100,1,1
2026-08-07T22:21:04.412172,48.863,10,0,0,0,100,1,1
2026-08-07T22:21:04.434276,48.886,11,1,0,0,100,1,1
2026-08-07T22:21:04.455971,48.907,11,0,0,0,100,1,1
2026-08-07T22:21:04.477061,48.928,9,-1,0,0,100,1,1
2026-08-07T22:21:04.500984,48.952,10,0,0,0,100,1,1
2026-08-07T22:21:04.533334,48.985,10,-1,0,0,100,1,1
2026-08-07T22:21:04.556492,49.008,9,-1,0,0,100,1,1
2026-08-07T22:21:04.578154,49.029,10,0,0,0,100,1,1
2026-08-07T22:21:04.599768,49.051,10,0,0,0,100,1,1
2026-08-07T22:21:04.623800,49.075,9,0,0,0,100,1,1
2026-08-07T22:21:04.655999,49.107,9,-1,0,0,100,1,1
2026-08-07T22:21:04.677735,49.129,8,-1,0,0,100,1,1
2026-08-07T22:21:04.700844,49.152,10,-1,0,0,100,1,1
2026-08-07T22:21:04.722253,49.173,10,0,0,0,100,1,1
2026-08-07T22:21:04.745058,49.196,10,0,0,0,100,1,1
2026-08-07T22:21:04.779853,49.231,9,-1,0,0,100,1,1
2026-08-07T22:21:04.801904,49.253,9,0,0,0,100,1,1
2026-08-07T22:21:04.823497,49.275,10,1,0,0,100,1,1
2026-08-07T22:21:04.847489,49.299,11,1,0,0,100,1,1
2026-08-07T22:21:04.869220,49.321,10,-1,0,0,100,1,1
2026-08-07T22:21:04.902609,49.354,9,-1,0,0,100,1,1
2026-08-07T22:21:04.924406,49.376,10,0,0,0,100,1,1
2026-08-07T22:21:04.946284,49.398,10,0,0,0,100,1,1
2026-08-07T22:21:04.967643,49.419,10,0,0,0,100,1,1
2026-08-07T22:21:04.991544,49.443,8,-2,0,0,100,1,1
2026-08-07T22:21:05.023692,49.475,10,1,0,0,100,1,1
2026-08-07T22:21:05.046796,49.498,11,0,0,0,100,1,1
2026-08-07T22:21:05.068860,49.520,10,-2,0,0,100,1,1
2026-08-07T22:21:05.090171,49.541,10,-2,0,0,100,1,1
2026-08-07T22:21:05.114187,49.565,8,-3,0,0,100,1,1
2026-08-07T22:21:05.146058,49.597,10,-1,0,0,100,1,1
2026-08-07T22:21:05.167940,49.619,11,-1,0,0,100,1,1
2026-08-07T22:21:05.191242,49.643,10,-1,0,0,100,1,1
2026-08-07T22:21:05.212520,49.664,11,-1,0,0,100,1,1
2026-08-07T22:21:05.235416,49.687,9,-1,0,0,100,1,1
2026-08-07T22:21:05.270487,49.722,9,0,0,0,100,1,1
2026-08-07T22:21:05.292030,49.743,10,-1,0,0,100,1,1
2026-08-07T22:21:05.313912,49.765,10,1,0,0,100,1,1
2026-08-07T22:21:05.337229,49.789,8,-1,0,0,100,1,1
2026-08-07T22:21:05.359832,49.811,9,-1,0,0,100,1,1
2026-08-07T22:21:05.393063,49.844,10,0,0,0,100,1,1
2026-08-07T22:21:05.414951,49.866,10,0,0,0,100,1,1
2026-08-07T22:21:05.436540,49.888,11,1,0,0,100,1,1
2026-08-07T22:21:05.457914,49.909,10,0,0,0,100,1,1
2026-08-07T22:21:05.481887,49.933,9,0,0,0,100,1,1
2026-08-07T22:21:05.514063,49.965,10,0,0,0,100,1,1
2026-08-07T22:21:05.537075,49.988,10,0,0,0,100,1,1
2026-08-07T22:21:05.558809,50.010,11,0,0,0,100,1,1
2026-08-07T22:21:05.580249,50.032,11,0,0,0,100,1,1
2026-08-07T22:21:05.604408,50.056,9,0,0,0,100,1,1
2026-08-07T22:21:05.636693,50.088,9,0,0,0,100,1,1
2026-08-07T22:21:05.658365,50.110,9,-1,0,0,100,1,1
2026-08-07T22:21:05.683942,50.135,9,0,0,0,100,1,1
2026-08-07T22:21:05.706874,50.158,9,-1,0,0,100,1,1
2026-08-07T22:21:05.743355,50.195,11,1,0,0,100,1,1
2026-08-07T22:21:05.765096,50.216,8,-1,0,0,100,1,1
2026-08-07T22:21:05.787037,50.238,8,-1,0,0,100,1,1
2026-08-07T22:21:05.808286,50.260,9,0,0,0,100,1,1
2026-08-07T22:21:05.832307,50.284,8,-2,0,0,100,1,1
2026-08-07T22:21:05.863998,50.315,9,1,0,0,100,1,1
2026-08-07T22:21:05.887081,50.338,8,-1,0,0,100,1,1
2026-08-07T22:21:05.909183,50.360,8,0,0,0,100,1,1
2026-08-07T22:21:05.930783,50.382,8,-1,0,0,100,1,1
2026-08-07T22:21:05.954951,50.406,9,0,0,0,100,1,1
2026-08-07T22:21:05.986769,50.438,11,2,0,0,100,1,1
2026-08-07T22:21:06.008747,50.460,9,0,0,0,100,1,1
2026-08-07T22:21:06.031886,50.483,11,0,0,0,100,1,1
2026-08-07T22:21:06.053277,50.505,9,0,0,0,100,1,1
2026-08-07T22:21:06.076013,50.527,10,-1,0,0,100,1,1
2026-08-07T22:21:06.110888,50.562,8,-1,0,0,100,1,1
2026-08-07T22:21:06.132818,50.584,10,-1,0,0,100,1,1
2026-08-07T22:21:06.154473,50.606,10,1,0,0,100,1,1
2026-08-07T22:21:06.178039,50.629,10,-1,0,0,100,1,1
2026-08-07T22:21:06.200198,50.651,9,-1,0,0,100,1,1
2026-08-07T22:21:06.233393,50.685,9,0,0,0,100,1,1
2026-08-07T22:21:06.255427,50.707,9,0,0,0,100,1,1
2026-08-07T22:21:06.277103,50.728,10,0,0,0,100,1,1
2026-08-07T22:21:06.298600,50.750,9,0,0,0,100,1,1
2026-08-07T22:21:06.322607,50.774,10,2,0,0,100,1,1
2026-08-07T22:21:06.354860,50.806,9,-1,0,0,100,1,1
2026-08-07T22:21:06.377858,50.829,8,-1,0,0,100,1,1
2026-08-07T22:21:06.399781,50.851,8,-1,0,0,100,1,1
2026-08-07T22:21:06.420921,50.872,8,-1,0,0,100,1,1
2026-08-07T22:21:06.445173,50.896,11,1,0,0,100,1,1
2026-08-07T22:21:06.477359,50.929,11,2,0,0,100,1,1
2026-08-07T22:21:06.499073,50.950,10,0,0,0,100,1,1
2026-08-07T22:21:06.522173,50.973,10,-1,0,0,100,1,1
2026-08-07T22:21:06.543810,50.995,10,-1,0,0,100,1,1
2026-08-07T22:21:06.566162,51.017,10,1,0,0,100,1,1
2026-08-07T22:21:06.601218,51.052,10,1,0,0,100,1,1
2026-08-07T22:21:06.623334,51.075,9,0,0,0,100,1,1
2026-08-07T22:21:06.645176,51.096,9,-1,0,0,100,1,1
2026-08-07T22:21:06.668291,51.120,9,0,0,0,100,1,1
2026-08-07T22:21:06.690600,51.142,10,2,0,0,100,1,1
2026-08-07T22:21:06.723923,51.175,9,-1,0,0,100,1,1
2026-08-07T22:21:06.745901,51.197,9,-1,0,0,100,1,1
2026-08-07T22:21:06.767805,51.219,9,0,0,0,100,1,1
2026-08-07T22:21:06.788944,51.240,8,-1,0,0,100,1,1
2026-08-07T22:21:06.813076,51.264,8,0,0,0,100,1,1
2026-08-07T22:21:06.845006,51.296,9,-1,0,0,100,1,1
2026-08-07T22:21:06.868457,51.320,10,1,0,0,100,1,1
2026-08-07T22:21:06.890054,51.341,9,1,0,0,100,1,1
2026-08-07T22:21:06.911459,51.363,10,0,0,0,100,1,1
2026-08-07T22:21:06.935415,51.387,10,0,0,0,100,1,1
2026-08-07T22:21:06.967508,51.419,9,0,0,0,100,1,1
2026-08-07T22:21:06.989668,51.441,10,0,0,0,100,1,1
2026-08-07T22:21:07.012515,51.464,9,0,0,0,100,1,1
2026-08-07T22:21:07.034021,51.485,10,1,0,0,100,1,1
2026-08-07T22:21:07.056977,51.508,7,-1,0,0,100,1,1
2026-08-07T22:21:07.091588,51.543,9,2,0,0,100,1,1
2026-08-07T22:21:07.113527,51.565,10,1,0,0,100,1,1
2026-08-07T22:21:07.135405,51.587,10,1,0,0,100,1,1
2026-08-07T22:21:07.159205,51.610,10,1,0,0,100,1,1
2026-08-07T22:21:07.181096,51.632,10,1,0,0,100,1,1
2026-08-07T22:21:07.214570,51.666,10,1,0,0,100,1,1
2026-08-07T22:21:07.236594,51.688,9,-2,0,0,100,1,1
2026-08-07T22:21:07.258427,51.710,10,-1,0,0,100,1,1
2026-08-07T22:21:07.279652,51.731,9,-1,0,0,100,1,1
2026-08-07T22:21:07.303228,51.755,11,1,0,0,100,1,1
2026-08-07T22:21:07.335490,51.787,10,1,0,0,100,1,1
2026-08-07T22:21:07.358774,51.810,10,0,0,0,100,1,1
2026-08-07T22:21:07.380445,51.832,11,0,0,0,100,1,1
2026-08-07T22:21:07.402099,51.853,11,1,0,0,100,1,1
2026-08-07T22:21:07.425940,51.877,10,-1,0,0,100,1,1
2026-08-07T22:21:07.457970,51.909,10,-1,0,0,100,1,1
2026-08-07T22:21:07.480076,51.931,11,0,0,0,100,1,1
2026-08-07T22:21:07.503254,51.955,12,1,0,0,100,1,1
2026-08-07T22:21:07.524367,51.976,10,0,0,0,100,1,1
2026-08-07T22:21:07.547233,51.998,11,0,0,0,100,1,1
2026-08-07T22:21:07.582264,52.034,8,0,0,0,100,1,1
2026-08-07T22:21:07.603808,52.055,10,-1,0,0,100,1,1
2026-08-07T22:21:07.625884,52.077,9,-1,0,0,100,1,1
2026-08-07T22:21:07.649066,52.100,9,-1,0,0,100,1,1
2026-08-07T22:21:07.671807,52.123,9,-1,0,0,100,1,1
2026-08-07T22:21:07.704937,52.156,9,-1,0,0,100,1,1
2026-08-07T22:21:07.726564,52.178,8,-2,0,0,100,1,1
2026-08-07T22:21:07.748641,52.200,8,-3,0,0,100,1,1
2026-08-07T22:21:07.769957,52.221,8,-1,0,0,100,1,1
2026-08-07T22:21:07.793851,52.245,9,-2,0,0,100,1,1
2026-08-07T22:21:07.825769,52.277,10,-1,0,0,100,1,1
2026-08-07T22:21:07.848976,52.300,10,0,0,0,100,1,1
2026-08-07T22:21:07.870653,52.322,9,-1,0,0,100,1,1
2026-08-07T22:21:07.892197,52.343,9,-2,0,0,100,1,1
2026-08-07T22:21:07.916167,52.367,8,-2,0,0,100,1,1
2026-08-07T22:21:07.948430,52.400,6,-4,0,0,100,1,1
2026-08-07T22:21:07.970191,52.421,9,-1,0,0,100,1,1
2026-08-07T22:21:07.993375,52.445,9,-2,0,0,100,1,1
2026-08-07T22:21:08.014893,52.466,10,-1,0,0,100,1,1
2026-08-07T22:21:08.037723,52.489,6,-4,0,0,100,1,1
2026-08-07T22:21:08.072732,52.524,6,-4,0,0,100,1,1
2026-08-07T22:21:08.094612,52.546,5,-5,0,0,100,1,1
2026-08-07T22:21:08.116571,52.568,6,-5,0,0,100,1,1
2026-08-07T22:21:08.140898,52.592,6,-4,0,0,100,1,1
2026-08-07T22:21:08.162874,52.614,7,-3,0,0,100,1,1
2026-08-07T22:21:08.195378,52.647,6,-4,0,0,100,1,1
2026-08-07T22:21:08.217058,52.668,8,2,0,0,100,1,1
2026-08-07T22:21:08.238974,52.690,9,2,0,0,100,1,1
2026-08-07T22:21:08.260188,52.711,8,2,0,0,100,1,1
2026-08-07T22:21:08.283962,52.735,8,3,0,0,100,1,1
2026-08-07T22:21:08.316196,52.767,9,2,0,0,100,1,1
2026-08-07T22:21:08.339487,52.791,9,2,0,0,100,1,1
2026-08-07T22:21:08.361104,52.812,9,2,0,0,100,1,1
2026-08-07T22:21:08.382642,52.834,8,2,0,0,100,1,1
2026-08-07T22:21:08.406664,52.858,9,0,0,0,100,1,1
2026-08-07T22:21:08.438826,52.890,9,1,0,0,100,1,1
2026-08-07T22:21:08.460300,52.912,9,3,0,0,100,1,1
2026-08-07T22:21:08.483456,52.935,8,1,0,0,100,1,1
2026-08-07T22:21:08.505274,52.956,8,2,0,0,100,1,1
2026-08-07T22:21:08.527907,52.979,10,2,0,0,100,1,1
2026-08-07T22:21:08.562870,53.014,9,1,0,0,100,1,1
2026-08-07T22:21:08.584427,53.036,9,2,0,0,100,1,1
2026-08-07T22:21:08.606494,53.058,9,2,0,0,100,1,1
2026-08-07T22:21:08.629670,53.081,9,0,0,0,100,1,1
2026-08-07T22:21:08.652258,53.103,10,3,0,0,100,1,1
2026-08-07T22:21:08.685593,53.137,9,1,0,0,100,1,1
2026-08-07T22:21:08.707164,53.158,7,1,0,0,100,1,1
2026-08-07T22:21:08.728992,53.180,9,1,0,0,100,1,1
2026-08-07T22:21:08.750444,53.202,9,0,0,0,100,1,1
2026-08-07T22:21:08.774387,53.226,9,0,0,0,100,1,1
2026-08-07T22:21:08.806377,53.258,9,2,0,0,100,1,1
2026-08-07T22:21:08.829707,53.281,9,0,0,0,100,1,1
2026-08-07T22:21:08.851432,53.303,10,1,0,0,100,1,1
2026-08-07T22:21:08.873034,53.324,11,2,0,0,100,1,1
2026-08-07T22:21:08.896943,53.348,9,2,0,0,100,1,1
2026-08-07T22:21:08.929072,53.380,10,2,0,0,100,1,1
2026-08-07T22:21:08.950869,53.402,9,3,0,0,100,1,1
2026-08-07T22:21:08.974033,53.425,9,2,0,0,100,1,1
2026-08-07T22:21:08.995702,53.447,7,1,0,0,100,1,1
2026-08-07T22:21:09.018087,53.469,9,1,0,0,100,1,1
2026-08-07T22:21:09.053043,53.504,9,1,0,0,100,1,1
2026-08-07T22:21:09.074897,53.526,10,3,0,0,100,1,1
2026-08-07T22:21:09.096829,53.548,10,3,0,0,100,1,1
2026-08-07T22:21:09.120048,53.571,10,0,0,0,100,1,1
2026-08-07T22:21:09.142480,53.594,9,1,0,0,100,1,1
2026-08-07T22:21:09.175856,53.627,9,2,0,0,100,1,1
2026-08-07T22:21:09.197725,53.649,10,2,0,0,100,1,1
2026-08-07T22:21:09.219712,53.671,9,2,0,0,100,1,1
2026-08-07T22:21:09.240769,53.692,9,2,0,0,100,1,1
2026-08-07T22:21:09.264821,53.716,11,1,0,0,100,1,1
2026-08-07T22:21:09.296985,53.748,9,2,0,0,100,1,1
2026-08-07T22:21:09.320070,53.771,9,2,0,0,100,1,1
2026-08-07T22:21:09.342078,53.793,10,1,0,0,100,1,1
2026-08-07T22:21:09.363528,53.815,9,1,0,0,100,1,1
2026-08-07T22:21:09.387269,53.839,9,1,0,0,100,1,1
2026-08-07T22:21:09.419451,53.871,9,1,0,0,100,1,1
2026-08-07T22:21:09.441078,53.892,8,0,0,0,100,1,1
2026-08-07T22:21:09.464450,53.916,9,2,0,0,100,1,1
2026-08-07T22:21:09.486138,53.937,8,1,0,0,100,1,1
2026-08-07T22:21:09.508557,53.960,9,0,0,0,100,1,1
2026-08-07T22:21:09.543239,53.995,8,0,0,0,100,1,1
2026-08-07T22:21:09.565069,54.016,9,0,0,0,100,1,1
2026-08-07T22:21:09.587193,54.038,9,0,0,0,100,1,1
2026-08-07T22:21:09.611139,54.062,9,0,0,0,100,1,1
2026-08-07T22:21:09.632906,54.084,10,1,0,0,100,1,1
2026-08-07T22:21:09.666235,54.118,-6,0,0,0,100,1,1
2026-08-07T22:21:09.688212,54.139,11,3,0,0,100,1,1
2026-08-07T22:21:09.709807,54.161,10,3,0,0,100,1,1
2026-08-07T22:21:09.731171,54.182,9,1,0,0,100,1,1
2026-08-07T22:21:09.755262,54.207,11,3,0,0,100,1,1
2026-08-07T22:21:09.787357,54.239,10,3,0,0,100,1,1
2026-08-07T22:21:09.810829,54.262,11,3,0,0,100,1,1
2026-08-07T22:21:09.833270,54.285,9,2,0,0,100,1,1
2026-08-07T22:21:09.854204,54.305,10,2,0,0,100,1,1
2026-08-07T22:21:09.877768,54.329,-7,0,0,0,100,1,1
2026-08-07T22:21:09.910462,54.362,-6,1,0,0,100,1,1
2026-08-07T22:21:09.933830,54.385,-6,1,0,0,100,1,1
2026-08-07T22:21:09.957764,54.409,30,9,0,0,100,1,1
2026-08-07T22:21:09.980358,54.432,21,2,0,0,100,1,1
2026-08-07T22:21:10.016822,54.468,35,4,0,0,100,1,1
2026-08-07T22:21:10.038725,54.490,35,4,0,0,100,1,1
2026-08-07T22:21:10.060685,54.512,38,2,0,0,100,1,1
2026-08-07T22:21:10.081919,54.533,42,1,0,0,100,1,1
2026-08-07T22:21:10.106335,54.558,44,-1,0,0,100,1,1
2026-08-07T22:21:10.137526,54.589,39,1,0,0,100,1,1
2026-08-07T22:21:10.160871,54.612,39,1,0,0,100,1,1
2026-08-07T22:21:10.182787,54.634,39,1,0,0,100,1,1
2026-08-07T22:21:10.203783,54.655,39,1,0,0,100,1,1
2026-08-07T22:21:10.228370,54.680,43,-2,0,0,100,1,1
2026-08-07T22:21:10.259972,54.711,42,-1,0,0,100,1,1
2026-08-07T22:21:10.281811,54.733,44,-2,0,0,100,1,1
2026-08-07T22:21:10.305048,54.756,43,-2,0,0,100,1,1
2026-08-07T22:21:10.326529,54.778,44,-2,0,0,100,1,1
2026-08-07T22:21:10.349287,54.801,44,-2,0,0,100,1,1
2026-08-07T22:21:10.384064,54.835,45,-3,0,0,100,1,1
2026-08-07T22:21:10.405644,54.857,45,-3,0,0,100,1,1
2026-08-07T22:21:10.427443,54.879,45,-3,0,0,100,1,1
2026-08-07T22:21:10.450534,54.902,46,-4,0,0,100,1,1
2026-08-07T22:21:10.473244,54.924,46,-4,0,0,100,1,1
2026-08-07T22:21:10.506799,54.958,47,-5,0,0,100,1,1
2026-08-07T22:21:10.528371,54.980,46,-3,0,0,100,1,1
2026-08-07T22:21:10.550041,55.001,46,-4,0,0,100,1,1
2026-08-07T22:21:10.571290,55.023,47,-4,0,0,100,1,1
2026-08-07T22:21:10.595430,55.047,46,-4,0,0,100,1,1
2026-08-07T22:21:10.627724,55.079,46,-3,0,0,100,1,1
2026-08-07T22:21:10.650605,55.102,46,-4,0,0,100,1,1
2026-08-07T22:21:10.672520,55.124,47,-4,0,0,100,1,1
2026-08-07T22:21:10.693876,55.145,47,-4,0,0,100,1,1
2026-08-07T22:21:10.718165,55.169,46,-3,0,0,100,1,1
2026-08-07T22:21:10.750300,55.202,46,-4,0,0,100,1,1
2026-08-07T22:21:10.772134,55.223,46,-3,0,0,100,1,1
2026-08-07T22:21:10.795196,55.246,46,-4,0,0,100,1,1
2026-08-07T22:21:10.816528,55.268,45,-2,0,0,100,1,1
2026-08-07T22:21:10.839303,55.291,45,-2,0,0,100,1,1
2026-08-07T22:21:10.874242,55.326,46,-3,0,0,100,1,1
2026-08-07T22:21:10.895982,55.347,47,-4,0,0,100,1,1
2026-08-07T22:21:10.917610,55.369,47,-4,0,0,100,1,1
2026-08-07T22:21:10.940565,55.392,47,-3,0,0,100,1,1
2026-08-07T22:21:10.963351,55.415,46,-3,0,0,100,1,1
2026-08-07T22:21:10.997103,55.448,46,-3,0,0,100,1,1
2026-08-07T22:21:11.018915,55.470,45,-2,0,0,100,1,1
2026-08-07T22:21:11.040615,55.492,46,-4,0,0,100,1,1
2026-08-07T22:21:11.061707,55.513,45,-2,0,0,100,1,1
2026-08-07T22:21:11.086319,55.537,46,-3,0,0,100,1,1
2026-08-07T22:21:11.118153,55.569,46,-3,0,0,100,1,1
2026-08-07T22:21:11.140988,55.592,46,-3,0,0,100,1,1
2026-08-07T22:21:11.163007,55.614,46,-3,0,0,100,1,1
2026-08-07T22:21:11.184127,55.635,46,-3,0,0,100,1,1
2026-08-07T22:21:11.208691,55.660,46,-3,0,0,100,1,1
2026-08-07T22:21:11.240612,55.692,47,-3,0,0,100,1,1
2026-08-07T22:21:11.262327,55.714,46,-2,0,0,100,1,1
2026-08-07T22:21:11.285282,55.737,46,-2,0,0,100,1,1
2026-08-07T22:21:11.306703,55.758,46,-2,0,0,100,1,1
2026-08-07T22:21:11.329850,55.781,46,-3,0,0,100,1,1
2026-08-07T22:21:11.364867,55.816,45,-2,0,0,100,1,1
2026-08-07T22:21:11.386357,55.838,46,-3,0,0,100,1,1
2026-08-07T22:21:11.407928,55.859,46,-3,0,0,100,1,1
2026-08-07T22:21:11.431059,55.882,46,-2,0,0,100,1,1
2026-08-07T22:21:11.453771,55.905,47,-3,0,0,100,1,1
2026-08-07T22:21:11.487436,55.939,46,-3,0,0,100,1,1
2026-08-07T22:21:11.509079,55.960,46,-3,0,0,100,1,1
2026-08-07T22:21:11.530803,55.982,46,-3,0,0,100,1,1
2026-08-07T22:21:11.552010,56.003,47,-4,0,0,100,1,1
2026-08-07T22:21:11.576298,56.028,47,-3,0,0,100,1,1
2026-08-07T22:21:11.608400,56.060,48,-3,0,0,100,1,1
2026-08-07T22:21:11.631440,56.083,48,-4,0,0,100,1,1
2026-08-07T22:21:11.652946,56.104,47,-2,0,0,100,1,1
2026-08-07T22:21:11.674210,56.125,47,-2,0,0,100,1,1
2026-08-07T22:21:11.698527,56.150,47,-3,0,0,100,1,1
2026-08-07T22:21:11.731090,56.182,48,-4,0,0,100,1,1
2026-08-07T22:21:11.752800,56.204,47,-3,0,0,100,1,1
2026-08-07T22:21:11.775841,56.227,47,-4,0,0,100,1,1
2026-08-07T22:21:11.797118,56.248,47,-4,0,0,100,1,1
2026-08-07T22:21:11.819859,56.271,46,-3,0,0,100,1,1
2026-08-07T22:21:11.855268,56.307,46,-3,0,0,100,1,1
2026-08-07T22:21:11.877149,56.328,47,-4,0,0,100,1,1
2026-08-07T22:21:11.898574,56.350,47,-4,0,0,100,1,1
2026-08-07T22:21:11.921496,56.373,47,-4,0,0,100,1,1
2026-08-07T22:21:11.944240,56.395,46,-3,0,0,100,1,1
2026-08-07T22:21:11.977627,56.429,46,-2,0,0,100,1,1
2026-08-07T22:21:11.999404,56.451,45,-2,0,0,100,1,1
2026-08-07T22:21:12.021251,56.473,46,-2,0,0,100,1,1
2026-08-07T22:21:12.043605,56.495,46,-2,0,0,100,1,1
2026-08-07T22:21:12.067761,56.519,45,-1,0,0,100,1,1
2026-08-07T22:21:12.099035,56.550,45,-2,0,0,100,1,1
2026-08-07T22:21:12.122049,56.573,45,-2,0,0,100,1,1
2026-08-07T22:21:12.143665,56.595,46,-2,0,0,100,1,1
2026-08-07T22:21:12.165252,56.616,45,-2,0,0,100,1,1
2026-08-07T22:21:12.189904,56.641,44,-2,0,0,100,1,1
2026-08-07T22:21:12.221360,56.673,45,-3,0,0,100,1,1
2026-08-07T22:21:12.242916,56.694,46,-3,0,0,100,1,1
2026-08-07T22:21:12.265848,56.717,45,-3,0,0,100,1,1
2026-08-07T22:21:12.287199,56.738,45,-3,0,0,100,1,1
2026-08-07T22:21:12.310360,56.762,44,-3,0,0,100,1,1
2026-08-07T22:21:12.345534,56.797,44,-4,0,0,100,1,1
2026-08-07T22:21:12.367172,56.818,44,-4,0,0,100,1,1
2026-08-07T22:21:12.389036,56.840,42,-3,0,0,100,1,1
2026-08-07T22:21:12.413341,56.865,43,-3,0,0,100,1,1
2026-08-07T22:21:12.435273,56.887,43,-4,0,0,100,1,1
2026-08-07T22:21:12.468189,56.919,44,-4,0,0,100,1,1
2026-08-07T22:21:12.490044,56.941,45,-5,0,0,100,1,1
2026-08-07T22:21:12.511881,56.963,45,-5,0,0,100,1,1
2026-08-07T22:21:12.532905,56.984,44,-5,0,0,100,1,1
2026-08-07T22:21:12.557255,57.009,44,-5,0,0,100,1,1
2026-08-07T22:21:12.589509,57.041,44,-4,0,0,100,1,1
2026-08-07T22:21:12.612453,57.064,44,-5,0,0,100,1,1
2026-08-07T22:21:12.634146,57.085,44,-5,0,0,100,1,1
2026-08-07T22:21:12.655613,57.107,44,-5,0,0,100,1,1
2026-08-07T22:21:12.679553,57.131,42,-4,0,0,100,1,1
2026-08-07T22:21:12.712325,57.164,42,-5,0,0,100,1,1
2026-08-07T22:21:12.734108,57.185,43,-6,0,0,100,1,1
2026-08-07T22:21:12.757260,57.209,43,-6,0,0,100,1,1
2026-08-07T22:21:12.778324,57.230,43,-6,0,0,100,1,1
2026-08-07T22:21:12.801159,57.252,41,-6,0,0,100,1,1
2026-08-07T22:21:12.835909,57.287,40,-6,0,0,100,1,1
2026-08-07T22:21:12.857483,57.309,40,-6,0,0,100,1,1
2026-08-07T22:21:12.879095,57.330,40,-6,0,0,100,1,1
2026-08-07T22:21:12.902065,57.353,39,-6,0,0,100,1,1
2026-08-07T22:21:12.924708,57.376,39,-6,0,0,100,1,1
2026-08-07T22:21:12.958494,57.410,38,-6,0,0,100,1,1
2026-08-07T22:21:12.980209,57.431,38,-6,0,0,100,1,1
2026-08-07T22:21:13.002169,57.453,38,-6,0,0,100,1,1
2026-08-07T22:21:13.023423,57.475,38,-6,0,0,100,1,1
2026-08-07T22:21:13.047858,57.499,37,-6,0,0,100,1,1
2026-08-07T22:21:13.079798,57.531,37,-7,0,0,100,1,1
2026-08-07T22:21:13.102575,57.554,37,-7,0,0,100,1,1
2026-08-07T22:21:13.124551,57.576,36,-7,0,0,100,1,1
2026-08-07T22:21:13.146160,57.597,36,-7,0,0,100,1,1
2026-08-07T22:21:13.170218,57.621,35,-7,0,0,100,1,1
2026-08-07T22:21:13.202612,57.654,35,-7,0,0,100,1,1
2026-08-07T22:21:13.224310,57.675,35,-7,0,0,100,1,1
2026-08-07T22:21:13.247094,57.698,35,-7,0,0,100,1,1
2026-08-07T22:21:13.268726,57.720,35,-7,0,0,100,1,1
2026-08-07T22:21:13.291287,57.743,36,-7,0,0,100,1,1
2026-08-07T22:21:13.326390,57.778,36,-7,0,0,100,1,1
2026-08-07T22:21:13.348039,57.799,36,-7,0,0,100,1,1
2026-08-07T22:21:13.369934,57.821,36,-7,0,0,100,1,1
2026-08-07T22:21:13.393198,57.844,36,-7,0,0,100,1,1
2026-08-07T22:21:13.415612,57.867,36,-7,0,0,100,1,1
2026-08-07T22:21:13.449115,57.900,36,-7,0,0,100,1,1
2026-08-07T22:21:13.470962,57.922,36,-7,0,0,100,1,1
2026-08-07T22:21:13.492796,57.944,36,-7,0,0,100,1,1
2026-08-07T22:21:13.513996,57.965,36,-7,0,0,100,1,1
2026-08-07T22:21:13.538290,57.989,36,-7,0,0,100,1,1
2026-08-07T22:21:13.570227,58.021,36,-7,0,0,100,1,1
2026-08-07T22:21:13.593015,58.044,36,-7,0,0,100,1,1
2026-08-07T22:21:13.614784,58.066,36,-7,0,0,100,1,1
2026-08-07T22:21:13.636205,58.087,36,-7,0,0,100,1,1
2026-08-07T22:21:13.660516,58.112,36,-7,0,0,100,1,1
2026-08-07T22:21:13.692581,58.144,36,-7,0,0,100,1,1
2026-08-07T22:21:13.714267,58.166,36,-7,0,0,100,1,1
2026-08-07T22:21:13.737520,58.189,36,-7,0,0,100,1,1
2026-08-07T22:21:13.758906,58.210,36,-7,0,0,100,1,1
2026-08-07T22:21:13.781882,58.233,36,-7,0,0,100,1,1
2026-08-07T22:21:13.816545,58.268,36,-7,0,0,100,1,1
2026-08-07T22:21:13.838461,58.290,36,-7,0,0,100,1,1
2026-08-07T22:21:13.860056,58.311,36,-7,0,0,100,1,1
2026-08-07T22:21:13.883572,58.335,36,-7,0,0,100,1,1
2026-08-07T22:21:13.905822,58.357,36,-7,0,0,100,1,1
2026-08-07T22:21:13.939504,58.391,36,-7,0,0,100,1,1
2026-08-07T22:21:13.961335,58.413,36,-7,0,0,100,1,1
2026-08-07T22:21:13.983153,58.434,36,-7,0,0,100,1,1
2026-08-07T22:21:14.004337,58.456,36,-7,0,0,100,1,1
2026-08-07T22:21:14.028346,58.480,36,-7,0,0,100,1,1
2026-08-07T22:21:14.060238,58.512,36,-7,0,0,100,1,1
2026-08-07T22:21:14.083517,58.535,36,-7,0,0,100,1,1
2026-08-07T22:21:14.105299,58.557,36,-7,0,0,100,1,1
2026-08-07T22:21:14.126533,58.578,36,-7,0,0,100,1,1
2026-08-07T22:21:14.150927,58.602,36,-7,0,0,100,1,1
2026-08-07T22:21:14.183090,58.634,36,-7,0,0,100,1,1
2026-08-07T22:21:14.204831,58.656,36,-7,0,0,100,1,1
2026-08-07T22:21:14.227812,58.679,36,-7,0,0,100,1,1
2026-08-07T22:21:14.249207,58.700,36,-7,0,0,100,1,1
2026-08-07T22:21:14.272179,58.723,36,-7,0,0,100,1,1
2026-08-07T22:21:14.307144,58.758,36,-7,0,0,100,1,1
2026-08-07T22:21:14.328682,58.780,36,-7,0,0,100,1,1
2026-08-07T22:21:14.350488,58.802,36,-7,0,0,100,1,1
2026-08-07T22:21:14.373817,58.825,36,-7,0,0,100,1,1
2026-08-07T22:21:14.396286,58.848,36,-7,0,0,100,1,1
2026-08-07T22:21:14.430023,58.881,36,-7,0,0,100,1,1
2026-08-07T22:21:14.451432,58.903,36,-7,0,0,100,1,1
2026-08-07T22:21:14.473060,58.924,36,-7,0,0,100,1,1
2026-08-07T22:21:14.494669,58.946,36,-7,0,0,100,1,1
2026-08-07T22:21:14.518884,58.970,36,-7,0,0,100,1,1
2026-08-07T22:21:14.550904,59.002,36,-6,0,0,100,1,1
2026-08-07T22:21:14.573904,59.025,36,-7,0,0,100,1,1
2026-08-07T22:21:14.595773,59.047,36,-7,0,0,100,1,1
2026-08-07T22:21:14.617076,59.068,36,-7,0,0,100,1,1
2026-08-07T22:21:14.641209,59.092,36,-7,0,0,100,1,1
2026-08-07T22:21:14.673433,59.125,36,-7,0,0,100,1,1
2026-08-07T22:21:14.695001,59.146,36,-7,0,0,100,1,1
2026-08-07T22:21:14.718098,59.169,36,-7,0,0,100,1,1
2026-08-07T22:21:14.739803,59.191,36,-7,0,0,100,1,1
2026-08-07T22:21:14.762624,59.214,36,-7,0,0,100,1,1
2026-08-07T22:21:14.797513,59.249,36,-7,0,0,100,1,1
2026-08-07T22:21:14.819127,59.270,36,-7,0,0,100,1,1
2026-08-07T22:21:14.840900,59.292,36,-7,0,0,100,1,1
2026-08-07T22:21:14.864193,59.315,36,-7,0,0,100,1,1
2026-08-07T22:21:14.886717,59.338,36,-7,0,0,100,1,1
2026-08-07T22:21:14.920027,59.371,36,-7,0,0,100,1,1
2026-08-07T22:21:14.942106,59.393,36,-6,0,0,100,1,1
2026-08-07T22:21:14.963585,59.415,36,-7,0,0,100,1,1
2026-08-07T22:21:14.985021,59.436,36,-7,0,0,100,1,1
2026-08-07T22:21:15.009142,59.460,36,-7,0,0,100,1,1
2026-08-07T22:21:15.041188,59.492,36,-7,0,0,100,1,1
2026-08-07T22:21:15.064612,59.516,36,-7,0,0,100,1,1
2026-08-07T22:21:15.085876,59.537,36,-7,0,0,100,1,1
2026-08-07T22:21:15.107342,59.559,36,-7,0,0,100,1,1
2026-08-07T22:21:15.131446,59.583,36,-7,0,0,100,1,1
2026-08-07T22:21:15.163785,59.615,36,-7,0,0,100,1,1
2026-08-07T22:21:15.185412,59.637,36,-7,0,0,100,1,1
2026-08-07T22:21:15.208515,59.660,36,-7,0,0,100,1,1
2026-08-07T22:21:15.229853,59.681,36,-7,0,0,100,1,1
2026-08-07T22:21:15.252858,59.704,36,-7,0,0,100,1,1
2026-08-07T22:21:15.287811,59.739,36,-6,0,0,100,1,1
2026-08-07T22:21:15.309441,59.761,36,-7,0,0,100,1,1
2026-08-07T22:21:15.331064,59.782,36,-6,0,0,100,1,1
2026-08-07T22:21:15.355020,59.806,36,-7,0,0,100,1,1
2026-08-07T22:21:15.376991,59.828,36,-7,0,0,100,1,1
2026-08-07T22:21:15.410460,59.862,36,-6,0,0,100,1,1
2026-08-07T22:21:15.432285,59.884,36,-7,0,0,100,1,1
2026-08-07T22:21:15.454057,59.905,36,-7,0,0,100,1,1
2026-08-07T22:21:15.475559,59.927,36,-6,0,0,100,1,1
2026-08-07T22:21:15.499799,59.951,36,-7,0,0,100,1,1
2026-08-07T22:21:15.531549,59.983,36,-7,0,0,100,1,1
2026-08-07T22:21:15.554554,60.006,36,-7,0,0,100,1,1
2026-08-07T22:21:15.576356,60.028,36,-6,0,0,100,1,1
2026-08-07T22:21:15.597659,60.049,36,-7,0,0,100,1,1
2026-08-07T22:21:15.622165,60.073,36,-6,0,0,100,1,1
2026-08-07T22:21:15.654051,60.105,36,-7,0,0,100,1,1
2026-08-07T22:21:15.675891,60.127,36,-7,0,0,100,1,1
2026-08-07T22:21:15.699110,60.150,36,-6,0,0,100,1,1
2026-08-07T22:21:15.720487,60.172,36,-6,0,0,100,1,1
2026-08-07T22:21:15.743173,60.194,36,-7,0,0,100,1,1
2026-08-07T22:21:15.778157,60.229,36,-7,0,0,100,1,1
2026-08-07T22:21:15.799904,60.251,36,-7,0,0,100,1,1
2026-08-07T22:21:15.821839,60.273,36,-7,0,0,100,1,1
2026-08-07T22:21:15.844693,60.296,36,-7,0,0,100,1,1
2026-08-07T22:21:15.867362,60.319,36,-6,0,0,100,1,1
2026-08-07T22:21:15.900817,60.352,36,-7,0,0,100,1,1
2026-08-07T22:21:15.922832,60.374,36,-7,0,0,100,1,1
2026-08-07T22:21:15.944316,60.396,36,-7,0,0,100,1,1
2026-08-07T22:21:15.965928,60.417,36,-7,0,0,100,1,1
2026-08-07T22:21:15.989896,60.441,36,-7,0,0,100,1,1
2026-08-07T22:21:16.022132,60.473,36,-6,0,0,100,1,1
2026-08-07T22:21:16.044970,60.496,36,-7,0,0,100,1,1
2026-08-07T22:21:16.067229,60.518,36,-7,0,0,100,1,1
2026-08-07T22:21:16.088220,60.539,36,-7,0,0,100,1,1
2026-08-07T22:21:16.112628,60.564,36,-7,0,0,100,1,1
2026-08-07T22:21:16.144609,60.596,36,-7,0,0,100,1,1
2026-08-07T22:21:16.166294,60.618,36,-6,0,0,100,1,1
2026-08-07T22:21:16.189614,60.641,36,-7,0,0,100,1,1
2026-08-07T22:21:16.210853,60.662,36,-7,0,0,100,1,1
2026-08-07T22:21:16.233662,60.685,36,-7,0,0,100,1,1
2026-08-07T22:21:16.268626,60.720,36,-6,0,0,100,1,1
2026-08-07T22:21:16.290429,60.742,36,-7,0,0,100,1,1
2026-08-07T22:21:16.312233,60.763,36,-7,0,0,100,1,1
2026-08-07T22:21:16.335744,60.787,36,-6,0,0,100,1,1
2026-08-07T22:21:16.357970,60.809,36,-6,0,0,100,1,1
2026-08-07T22:21:16.391377,60.843,36,-7,0,0,100,1,1
2026-08-07T22:21:16.413098,60.864,36,-7,0,0,100,1,1
2026-08-07T22:21:16.435117,60.886,36,-7,0,0,100,1,1
2026-08-07T22:21:16.456345,60.908,36,-7,0,0,100,1,1
2026-08-07T22:21:16.480182,60.931,36,-7,0,0,100,1,1
2026-08-07T22:21:16.512460,60.964,36,-7,0,0,100,1,1
2026-08-07T22:21:16.535470,60.987,36,-7,0,0,100,1,1
2026-08-07T22:21:16.557166,61.008,36,-6,0,0,100,1,1
2026-08-07T22:21:16.578689,61.030,36,-7,0,0,100,1,1
2026-08-07T22:21:16.602746,61.054,36,-7,0,0,100,1,1
2026-08-07T22:21:16.634839,61.086,36,-6,0,0,100,1,1
2026-08-07T22:21:16.656715,61.108,36,-6,0,0,100,1,1
2026-08-07T22:21:16.679914,61.131,36,-6,0,0,100,1,1
2026-08-07T22:21:16.701258,61.153,36,-6,0,0,100,1,1
2026-08-07T22:21:16.724220,61.175,36,-6,0,0,100,1,1
2026-08-07T22:21:16.758930,61.210,36,-7,0,0,100,1,1
2026-08-07T22:21:16.780651,61.232,36,-7,0,0,100,1,1
2026-08-07T22:21:16.802226,61.254,36,-7,0,0,100,1,1
2026-08-07T22:21:16.825321,61.277,36,-7,0,0,100,1,1
2026-08-07T22:21:16.848246,61.300,36,-7,0,0,100,1,1
2026-08-07T22:21:16.881879,61.333,36,-7,0,0,100,1,1
2026-08-07T22:21:16.903516,61.355,36,-7,0,0,100,1,1
2026-08-07T22:21:16.925121,61.376,36,-7,0,0,100,1,1
2026-08-07T22:21:16.946568,61.398,36,-7,0,0,100,1,1
2026-08-07T22:21:16.970453,61.422,36,-7,0,0,100,1,1
2026-08-07T22:21:17.003166,61.454,36,-6,0,0,100,1,1
2026-08-07T22:21:17.026063,61.477,36,-7,0,0,100,1,1
2026-08-07T22:21:17.047483,61.499,36,-7,0,0,100,1,1
2026-08-07T22:21:17.068857,61.520,36,-6,0,0,100,1,1
2026-08-07T22:21:17.093138,61.544,36,-7,0,0,100,1,1
2026-08-07T22:21:17.125128,61.576,36,-6,0,0,100,1,1
2026-08-07T22:21:17.146870,61.598,36,-7,0,0,100,1,1
2026-08-07T22:21:17.170016,61.621,36,-6,0,0,100,1,1
2026-08-07T22:21:17.191478,61.643,36,-7,0,0,100,1,1
2026-08-07T22:21:17.214792,61.666,36,-6,0,0,100,1,1
2026-08-07T22:21:17.249351,61.701,36,-6,0,0,100,1,1
2026-08-07T22:21:17.271178,61.722,36,-7,0,0,100,1,1
2026-08-07T22:21:17.292905,61.744,36,-6,0,0,100,1,1
2026-08-07T22:21:17.316322,61.768,36,-6,0,0,100,1,1
2026-08-07T22:21:17.339045,61.790,36,-7,0,0,100,1,1
2026-08-07T22:21:17.372105,61.823,36,-6,0,0,100,1,1
2026-08-07T22:21:17.393606,61.845,36,-6,0,0,100,1,1
2026-08-07T22:21:17.415416,61.867,36,-7,0,0,100,1,1
2026-08-07T22:21:17.436817,61.888,36,-7,0,0,100,1,1
2026-08-07T22:21:17.461177,61.912,36,-7,0,0,100,1,1
2026-08-07T22:21:17.493056,61.944,36,-7,0,0,100,1,1
2026-08-07T22:21:17.516592,61.968,36,-7,0,0,100,1,1
2026-08-07T22:21:17.538284,61.990,36,-7,0,0,100,1,1
2026-08-07T22:21:17.559471,62.011,36,-7,0,0,100,1,1
2026-08-07T22:21:17.583835,62.035,36,-6,0,0,100,1,1
2026-08-07T22:21:17.615904,62.067,36,-7,0,0,100,1,1
2026-08-07T22:21:17.637615,62.089,36,-7,0,0,100,1,1
2026-08-07T22:21:17.660725,62.112,36,-7,0,0,100,1,1
2026-08-07T22:21:17.681975,62.133,36,-7,0,0,100,1,1
2026-08-07T22:21:17.704808,62.156,36,-7,0,0,100,1,1
2026-08-07T22:21:17.739695,62.191,36,-7,0,0,100,1,1
2026-08-07T22:21:17.761289,62.213,36,-6,0,0,100,1,1
2026-08-07T22:21:17.783145,62.234,36,-6,0,0,100,1,1
2026-08-07T22:21:17.806542,62.258,36,-6,0,0,100,1,1
2026-08-07T22:21:17.829277,62.281,36,-7,0,0,100,1,1
2026-08-07T22:21:17.862312,62.314,36,-7,0,0,100,1,1
2026-08-07T22:21:17.884160,62.335,36,-7,0,0,100,1,1
2026-08-07T22:21:17.906012,62.357,36,-7,0,0,100,1,1
2026-08-07T22:21:17.927144,62.378,36,-7,0,0,100,1,1
2026-08-07T22:21:17.951204,62.402,36,-6,0,0,100,1,1
2026-08-07T22:21:17.983729,62.435,36,-7,0,0,100,1,1
2026-08-07T22:21:18.006654,62.458,36,-7,0,0,100,1,1
2026-08-07T22:21:18.028290,62.480,36,-7,0,0,100,1,1
2026-08-07T22:21:18.049712,62.501,36,-6,0,0,100,1,1
2026-08-07T22:21:18.074076,62.525,36,-7,0,0,100,1,1
2026-08-07T22:21:18.105923,62.557,36,-7,0,0,100,1,1
2026-08-07T22:21:18.127851,62.579,36,-7,0,0,100,1,1
2026-08-07T22:21:18.150978,62.602,36,-6,0,0,100,1,1
2026-08-07T22:21:18.172353,62.624,36,-6,0,0,100,1,1
2026-08-07T22:21:18.194938,62.646,36,-7,0,0,100,1,1
2026-08-07T22:21:18.229973,62.681,36,-7,0,0,100,1,1
2026-08-07T22:21:18.251825,62.703,36,-6,0,0,100,1,1
2026-08-07T22:21:18.273716,62.725,36,-6,0,0,100,1,1
2026-08-07T22:21:18.296598,62.748,36,-7,0,0,100,1,1
2026-08-07T22:21:18.319375,62.771,36,-7,0,0,100,1,1
2026-08-07T22:21:18.352994,62.804,36,-6,0,0,100,1,1
2026-08-07T22:21:18.374666,62.826,36,-6,0,0,100,1,1
2026-08-07T22:21:18.396428,62.848,36,-7,0,0,100,1,1
2026-08-07T22:21:18.422383,62.874,36,-6,0,0,100,1,1
2026-08-07T22:21:18.443862,62.895,36,-7,0,0,100,1,1
2026-08-07T22:21:18.473986,62.925,36,-7,0,0,100,1,1
2026-08-07T22:21:18.496845,62.948,36,-7,0,0,100,1,1
2026-08-07T22:21:18.519079,62.970,36,-6,0,0,100,1,1
2026-08-07T22:21:18.540139,62.991,36,-6,0,0,100,1,1
2026-08-07T22:21:18.564434,63.016,36,-6,0,0,100,1,1
2026-08-07T22:21:18.596238,63.048,36,-6,0,0,100,1,1
2026-08-07T22:21:18.617947,63.069,36,-7,0,0,100,1,1
2026-08-07T22:21:18.641519,63.093,36,-7,0,0,100,1,1
2026-08-07T22:21:18.662486,63.114,36,-7,0,0,100,1,1
2026-08-07T22:21:18.685353,63.137,36,-7,0,0,100,1,1
2026-08-07T22:21:18.720635,63.172,36,-7,0,0,100,1,1
2026-08-07T22:21:18.742301,63.194,36,-7,0,0,100,1,1
2026-08-07T22:21:18.764069,63.215,36,-7,0,0,100,1,1
2026-08-07T22:21:18.787325,63.239,36,-7,0,0,100,1,1
2026-08-07T22:21:18.809448,63.261,36,-7,0,0,100,1,1
2026-08-07T22:21:18.843317,63.295,36,-7,0,0,100,1,1
2026-08-07T22:21:18.865013,63.316,36,-6,0,0,100,1,1
2026-08-07T22:21:18.886662,63.338,36,-7,0,0,100,1,1
2026-08-07T22:21:18.908170,63.359,36,-6,0,0,100,1,1
2026-08-07T22:21:18.932229,63.383,36,-7,0,0,100,1,1
2026-08-07T22:21:18.964093,63.415,36,-6,0,0,100,1,1
2026-08-07T22:21:18.987273,63.439,36,-6,0,0,100,1,1
2026-08-07T22:21:19.009042,63.460,36,-6,0,0,100,1,1
2026-08-07T22:21:19.030477,63.482,36,-6,0,0,100,1,1
2026-08-07T22:21:19.054641,63.506,36,-6,0,0,100,1,1
2026-08-07T22:21:19.086841,63.538,36,-7,0,0,100,1,1
2026-08-07T22:21:19.108554,63.560,36,-6,0,0,100,1,1
2026-08-07T22:21:19.131524,63.583,36,-6,0,0,100,1,1
2026-08-07T22:21:19.153070,63.604,36,-7,0,0,100,1,1
2026-08-07T22:21:19.175837,63.627,36,-6,0,0,100,1,1
2026-08-07T22:21:19.211118,63.662,36,-6,0,0,100,1,1
2026-08-07T22:21:19.232640,63.684,36,-6,0,0,100,1,1
2026-08-07T22:21:19.254869,63.706,36,-6,0,0,100,1,1
2026-08-07T22:21:19.277988,63.729,36,-6,0,0,100,1,1
2026-08-07T22:21:19.300232,63.751,36,-7,0,0,100,1,1
2026-08-07T22:21:19.333521,63.785,36,-7,0,0,100,1,1
2026-08-07T22:21:19.355554,63.807,36,-7,0,0,100,1,1
2026-08-07T22:21:19.377227,63.828,36,-6,0,0,100,1,1
2026-08-07T22:21:19.398394,63.850,36,-6,0,0,100,1,1
2026-08-07T22:21:19.422643,63.874,36,-7,0,0,100,1,1
2026-08-07T22:21:19.454582,63.906,36,-7,0,0,100,1,1
2026-08-07T22:21:19.477579,63.929,36,-7,0,0,100,1,1
2026-08-07T22:21:19.499252,63.951,36,-7,0,0,100,1,1
2026-08-07T22:21:19.520898,63.972,36,-6,0,0,100,1,1
2026-08-07T22:21:19.545020,63.996,36,-6,0,0,100,1,1
2026-08-07T22:21:19.577178,64.028,36,-7,0,0,100,1,1
2026-08-07T22:21:19.598840,64.050,36,-7,0,0,100,1,1
2026-08-07T22:21:19.621852,64.073,36,-7,0,0,100,1,1
2026-08-07T22:21:19.643359,64.095,36,-6,0,0,100,1,1
2026-08-07T22:21:19.666187,64.117,36,-6,0,0,100,1,1
2026-08-07T22:21:19.701182,64.152,36,-6,0,0,100,1,1
2026-08-07T22:21:19.722900,64.174,36,-7,0,0,100,1,1
2026-08-07T22:21:19.744521,64.196,36,-7,0,0,100,1,1
2026-08-07T22:21:19.767978,64.219,36,-7,0,0,100,1,1
2026-08-07T22:21:19.790421,64.242,36,-6,0,0,100,1,1
2026-08-07T22:21:19.824128,64.275,36,-7,0,0,100,1,1
2026-08-07T22:21:19.846027,64.297,36,-6,0,0,100,1,1
2026-08-07T22:21:19.867568,64.319,36,-7,0,0,100,1,1
2026-08-07T22:21:19.888992,64.340,36,-7,0,0,100,1,1
2026-08-07T22:21:19.912821,64.364,36,-6,0,0,100,1,1
2026-08-07T22:21:19.945095,64.396,36,-7,0,0,100,1,1
2026-08-07T22:21:19.967915,64.419,36,-6,0,0,100,1,1
2026-08-07T22:21:19.989834,64.441,36,-7,0,0,100,1,1
2026-08-07T22:21:20.011064,64.462,36,-7,0,0,100,1,1
2026-08-07T22:21:20.035539,64.487,36,-6,0,0,100,1,1
2026-08-07T22:21:20.067575,64.519,36,-6,0,0,100,1,1
2026-08-07T22:21:20.089337,64.541,36,-7,0,0,100,1,1
2026-08-07T22:21:20.112265,64.564,36,-7,0,0,100,1,1
2026-08-07T22:21:20.133691,64.585,36,-6,0,0,100,1,1
2026-08-07T22:21:20.156700,64.608,36,-6,0,0,100,1,1
2026-08-07T22:21:20.191544,64.643,36,-6,0,0,100,1,1
2026-08-07T22:21:20.213186,64.664,36,-7,0,0,100,1,1
2026-08-07T22:21:20.234880,64.686,36,-7,0,0,100,1,1
2026-08-07T22:21:20.258304,64.710,36,-6,0,0,100,1,1
2026-08-07T22:21:20.280642,64.732,36,-6,0,0,100,1,1
2026-08-07T22:21:20.314215,64.765,36,-6,0,0,100,1,1
2026-08-07T22:21:20.336027,64.787,36,-7,0,0,100,1,1
2026-08-07T22:21:20.357851,64.809,36,-7,0,0,100,1,1
2026-08-07T22:21:20.379212,64.830,36,-7,0,0,100,1,1
2026-08-07T22:21:20.403235,64.854,36,-6,0,0,100,1,1
2026-08-07T22:21:20.435421,64.887,36,-7,0,0,100,1,1
2026-08-07T22:21:20.458579,64.910,36,-6,0,0,100,1,1
2026-08-07T22:21:20.480114,64.931,36,-7,0,0,100,1,1
2026-08-07T22:21:20.501520,64.953,36,-6,0,0,100,1,1
2026-08-07T22:21:20.525810,64.977,36,-7,0,0,100,1,1
2026-08-07T22:21:20.558106,65.009,36,-6,0,0,100,1,1
2026-08-07T22:21:20.579778,65.031,36,-7,0,0,100,1,1
2026-08-07T22:21:20.602844,65.054,36,-6,0,0,100,1,1
2026-08-07T22:21:20.624222,65.075,36,-7,0,0,100,1,1
2026-08-07T22:21:20.646906,65.098,36,-7,0,0,100,1,1
2026-08-07T22:21:20.681996,65.133,36,-6,0,0,100,1,1
2026-08-07T22:21:20.703966,65.155,36,-7,0,0,100,1,1
2026-08-07T22:21:20.725653,65.177,36,-7,0,0,100,1,1
2026-08-07T22:21:20.749240,65.200,36,-6,0,0,100,1,1
2026-08-07T22:21:20.771414,65.223,36,-7,0,0,100,1,1
2026-08-07T22:21:20.804794,65.256,36,-7,0,0,100,1,1
2026-08-07T22:21:20.826599,65.278,36,-6,0,0,100,1,1
2026-08-07T22:21:20.848320,65.300,36,-7,0,0,100,1,1
2026-08-07T22:21:20.869408,65.321,36,-7,0,0,100,1,1
2026-08-07T22:21:20.893555,65.345,36,-7,0,0,100,1,1
2026-08-07T22:21:20.925712,65.377,36,-6,0,0,100,1,1
2026-08-07T22:21:20.949079,65.400,36,-7,0,0,100,1,1
2026-08-07T22:21:20.970837,65.422,36,-6,0,0,100,1,1
2026-08-07T22:21:20.992445,65.444,36,-7,0,0,100,1,1
2026-08-07T22:21:21.016089,65.467,36,-6,0,0,100,1,1
2026-08-07T22:21:21.048316,65.500,36,-7,0,0,100,1,1
2026-08-07T22:21:21.069913,65.521,36,-6,0,0,100,1,1
2026-08-07T22:21:21.092969,65.544,36,-7,0,0,100,1,1
2026-08-07T22:21:21.114545,65.566,36,-7,0,0,100,1,1
2026-08-07T22:21:21.137705,65.589,36,-6,0,0,100,1,1
2026-08-07T22:21:21.172494,65.624,36,-7,0,0,100,1,1
2026-08-07T22:21:21.194092,65.645,36,-7,0,0,100,1,1
2026-08-07T22:21:21.215795,65.667,36,-6,0,0,100,1,1
2026-08-07T22:21:21.239408,65.691,36,-7,0,0,100,1,1
2026-08-07T22:21:21.261365,65.713,36,-7,0,0,100,1,1
2026-08-07T22:21:21.295133,65.746,36,-6,0,0,100,1,1
2026-08-07T22:21:21.317131,65.768,36,-7,0,0,100,1,1
2026-08-07T22:21:21.338696,65.790,36,-6,0,0,100,1,1
2026-08-07T22:21:21.360039,65.811,36,-6,0,0,100,1,1
2026-08-07T22:21:21.383945,65.835,36,-6,0,0,100,1,1
2026-08-07T22:21:21.416170,65.867,36,-7,0,0,100,1,1
2026-08-07T22:21:21.439302,65.891,36,-6,0,0,100,1,1
2026-08-07T22:21:21.461079,65.912,36,-7,0,0,100,1,1
2026-08-07T22:21:21.482452,65.934,36,-6,0,0,100,1,1
2026-08-07T22:21:21.506792,65.958,36,-7,0,0,100,1,1
2026-08-07T22:21:21.538727,65.990,36,-7,0,0,100,1,1
2026-08-07T22:21:21.560520,66.012,36,-7,0,0,100,1,1
2026-08-07T22:21:21.583320,66.035,36,-6,0,0,100,1,1
2026-08-07T22:21:21.605053,66.056,36,-6,0,0,100,1,1
2026-08-07T22:21:21.627896,66.079,36,-7,0,0,100,1,1
2026-08-07T22:21:21.662818,66.114,36,-6,0,0,100,1,1
2026-08-07T22:21:21.684310,66.136,36,-6,0,0,100,1,1
2026-08-07T22:21:21.706112,66.157,36,-7,0,0,100,1,1
2026-08-07T22:21:21.729652,66.181,36,-6,0,0,100,1,1
2026-08-07T22:21:21.751947,66.203,36,-7,0,0,100,1,1
2026-08-07T22:21:21.785307,66.237,36,-7,0,0,100,1,1
2026-08-07T22:21:21.807287,66.259,36,-7,0,0,100,1,1
2026-08-07T22:21:21.828992,66.280,36,-6,0,0,100,1,1
2026-08-07T22:21:21.850419,66.302,36,-7,0,0,100,1,1
2026-08-07T22:21:21.874438,66.326,36,-7,0,0,100,1,1
2026-08-07T22:21:21.906505,66.358,36,-7,0,0,100,1,1
2026-08-07T22:21:21.929974,66.381,36,-7,0,0,100,1,1
2026-08-07T22:21:21.951430,66.403,36,-7,0,0,100,1,1
2026-08-07T22:21:21.973111,66.424,36,-6,0,0,100,1,1
2026-08-07T22:21:21.997010,66.448,36,-7,0,0,100,1,1
2026-08-07T22:21:22.029008,66.480,36,-7,0,0,100,1,1
2026-08-07T22:21:22.050906,66.502,36,-6,0,0,100,1,1
2026-08-07T22:21:22.073888,66.525,36,-7,0,0,100,1,1
2026-08-07T22:21:22.095369,66.547,36,-7,0,0,100,1,1
2026-08-07T22:21:22.117957,66.569,36,-7,0,0,100,1,1
2026-08-07T22:21:22.153054,66.604,36,-7,0,0,100,1,1
2026-08-07T22:21:22.175155,66.626,36,-6,0,0,100,1,1
2026-08-07T22:21:22.196680,66.648,36,-6,0,0,100,1,1
2026-08-07T22:21:22.219857,66.671,36,-7,0,0,100,1,1
2026-08-07T22:21:22.242255,66.694,36,-7,0,0,100,1,1
2026-08-07T22:21:22.275990,66.727,36,-7,0,0,100,1,1
2026-08-07T22:21:22.297874,66.749,36,-7,0,0,100,1,1
2026-08-07T22:21:22.319401,66.771,36,-7,0,0,100,1,1
2026-08-07T22:21:22.340611,66.792,36,-7,0,0,100,1,1
2026-08-07T22:21:22.364838,66.816,36,-7,0,0,100,1,1
2026-08-07T22:21:22.396790,66.848,36,-7,0,0,100,1,1
2026-08-07T22:21:22.420074,66.871,36,-6,0,0,100,1,1
2026-08-07T22:21:22.441848,66.893,36,-7,0,0,100,1,1
2026-08-07T22:21:22.463021,66.914,36,-7,0,0,100,1,1
2026-08-07T22:21:22.487420,66.939,36,-7,0,0,100,1,1
2026-08-07T22:21:22.519356,66.971,36,-7,0,0,100,1,1
2026-08-07T22:21:22.541117,66.992,36,-7,0,0,100,1,1
2026-08-07T22:21:22.564237,67.016,36,-7,0,0,100,1,1
2026-08-07T22:21:22.585747,67.037,36,-7,0,0,100,1,1
2026-08-07T22:21:22.608357,67.060,36,-6,0,0,100,1,1
2026-08-07T22:21:22.643254,67.095,36,-7,0,0,100,1,1
2026-08-07T22:21:22.667025,67.118,36,-7,0,0,100,1,1
2026-08-07T22:21:22.688917,67.140,36,-7,0,0,100,1,1
2026-08-07T22:21:22.713234,67.165,36,-7,0,0,100,1,1
2026-08-07T22:21:22.734842,67.186,36,-7,0,0,100,1,1
2026-08-07T22:21:22.766211,67.217,36,-7,0,0,100,1,1
2026-08-07T22:21:22.788015,67.239,36,-7,0,0,100,1,1
2026-08-07T22:21:22.809633,67.261,36,-7,0,0,100,1,1
2026-08-07T22:21:22.831122,67.282,36,-6,0,0,100,1,1
2026-08-07T22:21:22.855007,67.306,36,-7,0,0,100,1,1
2026-08-07T22:21:22.887489,67.339,36,-7,0,0,100,1,1
2026-08-07T22:21:22.910044,67.361,36,-6,0,0,100,1,1
2026-08-07T22:21:22.932171,67.383,36,-7,0,0,100,1,1
2026-08-07T22:21:22.953898,67.405,36,-6,0,0,100,1,1
2026-08-07T22:21:22.978200,67.429,36,-7,0,0,100,1,1
2026-08-07T22:21:23.009911,67.461,36,-7,0,0,100,1,1
2026-08-07T22:21:23.031553,67.483,36,-6,0,0,100,1,1
2026-08-07T22:21:23.054946,67.506,36,-7,0,0,100,1,1
2026-08-07T22:21:23.075851,67.527,36,-6,0,0,100,1,1
2026-08-07T22:21:23.098831,67.550,36,-6,0,0,100,1,1
2026-08-07T22:21:23.133863,67.585,36,-7,0,0,100,1,1
2026-08-07T22:21:23.155443,67.607,36,-7,0,0,100,1,1
2026-08-07T22:21:23.177216,67.628,36,-7,0,0,100,1,1
2026-08-07T22:21:23.200624,67.652,36,-7,0,0,100,1,1
2026-08-07T22:21:23.223054,67.674,36,-7,0,0,100,1,1
2026-08-07T22:21:23.256740,67.708,36,-6,0,0,100,1,1
2026-08-07T22:21:23.278282,67.730,36,-7,0,0,100,1,1
2026-08-07T22:21:23.300171,67.751,36,-6,0,0,100,1,1
2026-08-07T22:21:23.321482,67.773,36,-7,0,0,100,1,1
2026-08-07T22:21:23.345686,67.797,36,-6,0,0,100,1,1
2026-08-07T22:21:23.377473,67.829,36,-7,0,0,100,1,1
2026-08-07T22:21:23.400562,67.852,36,-7,0,0,100,1,1
2026-08-07T22:21:23.422484,67.874,36,-7,0,0,100,1,1
2026-08-07T22:21:23.443859,67.895,36,-7,0,0,100,1,1
2026-08-07T22:21:23.468143,67.919,36,-7,0,0,100,1,1
2026-08-07T22:21:23.500309,67.952,36,-7,0,0,100,1,1
2026-08-07T22:21:23.522050,67.973,36,-6,0,0,100,1,1
2026-08-07T22:21:23.545001,67.996,36,-6,0,0,100,1,1
2026-08-07T22:21:23.566654,68.018,36,-7,0,0,100,1,1
2026-08-07T22:21:23.589356,68.041,36,-7,0,0,100,1,1
2026-08-07T22:21:23.624412,68.076,36,-7,0,0,100,1,1
2026-08-07T22:21:23.645976,68.097,36,-6,0,0,100,1,1
2026-08-07T22:21:23.667747,68.119,36,-7,0,0,100,1,1
2026-08-07T22:21:23.691370,68.143,36,-7,0,0,100,1,1
2026-08-07T22:21:23.714078,68.165,36,-7,0,0,100,1,1
2026-08-07T22:21:23.746989,68.198,36,-7,0,0,100,1,1
2026-08-07T22:21:23.768913,68.220,36,-7,0,0,100,1,1
2026-08-07T22:21:23.791108,68.242,36,-7,0,0,100,1,1
2026-08-07T22:21:23.811851,68.263,36,-7,0,0,100,1,1
2026-08-07T22:21:23.835796,68.287,36,-7,0,0,100,1,1
2026-08-07T22:21:23.868196,68.319,36,-6,0,0,100,1,1
2026-08-07T22:21:23.891107,68.342,36,-6,0,0,100,1,1
2026-08-07T22:21:23.912902,68.364,36,-7,0,0,100,1,1
2026-08-07T22:21:23.934399,68.386,36,-7,0,0,100,1,1
2026-08-07T22:21:23.958482,68.410,36,-6,0,0,100,1,1
2026-08-07T22:21:23.990876,68.442,36,-7,0,0,100,1,1
2026-08-07T22:21:24.012553,68.464,36,-7,0,0,100,1,1
2026-08-07T22:21:24.035752,68.487,36,-7,0,0,100,1,1
2026-08-07T22:21:24.057217,68.508,36,-6,0,0,100,1,1
2026-08-07T22:21:24.079754,68.531,36,-7,0,0,100,1,1
2026-08-07T22:21:24.114604,68.566,36,-7,0,0,100,1,1
2026-08-07T22:21:24.136229,68.588,36,-7,0,0,100,1,1
2026-08-07T22:21:24.158222,68.609,36,-7,0,0,100,1,1
2026-08-07T22:21:24.181876,68.633,36,-6,0,0,100,1,1
2026-08-07T22:21:24.204239,68.655,36,-6,0,0,100,1,1
2026-08-07T22:21:24.237392,68.689,36,-7,0,0,100,1,1
2026-08-07T22:21:24.259236,68.710,36,-6,0,0,100,1,1
2026-08-07T22:21:24.281175,68.732,36,-7,0,0,100,1,1
2026-08-07T22:21:24.302385,68.754,36,-6,0,0,100,1,1
2026-08-07T22:21:24.326094,68.777,36,-7,0,0,100,1,1
2026-08-07T22:21:24.358391,68.810,36,-7,0,0,100,1,1
2026-08-07T22:21:24.381777,68.833,36,-7,0,0,100,1,1
2026-08-07T22:21:24.403468,68.855,36,-7,0,0,100,1,1
2026-08-07T22:21:24.425094,68.876,36,-6,0,0,100,1,1
2026-08-07T22:21:24.449077,68.900,36,-7,0,0,100,1,1
2026-08-07T22:21:24.481157,68.932,36,-7,0,0,100,1,1
2026-08-07T22:21:24.502903,68.954,36,-7,0,0,100,1,1
2026-08-07T22:21:24.525976,68.977,36,-6,0,0,100,1,1
2026-08-07T22:21:24.547267,68.999,36,-7,0,0,100,1,1
2026-08-07T22:21:24.570204,69.021,36,-6,0,0,100,1,1
2026-08-07T22:21:24.604988,69.056,36,-6,0,0,100,1,1
2026-08-07T22:21:24.626806,69.078,36,-7,0,0,100,1,1
2026-08-07T22:21:24.648709,69.100,36,-6,0,0,100,1,1
2026-08-07T22:21:24.672152,69.123,36,-7,0,0,100,1,1
2026-08-07T22:21:24.694482,69.146,36,-6,0,0,100,1,1
2026-08-07T22:21:24.727649,69.179,36,-7,0,0,100,1,1
2026-08-07T22:21:24.749534,69.201,36,-6,0,0,100,1,1
2026-08-07T22:21:24.771204,69.222,36,-6,0,0,100,1,1
2026-08-07T22:21:24.793882,69.245,36,-7,0,0,100,1,1
2026-08-07T22:21:24.818023,69.269,36,-6,0,0,100,1,1
2026-08-07T22:21:24.848779,69.300,36,-6,0,0,100,1,1
2026-08-07T22:21:24.871903,69.323,36,-6,0,0,100,1,1
2026-08-07T22:21:24.893649,69.345,36,-7,0,0,100,1,1
2026-08-07T22:21:24.914973,69.366,36,-7,0,0,100,1,1
2026-08-07T22:21:24.939123,69.390,36,-6,0,0,100,1,1
2026-08-07T22:21:24.971309,69.423,36,-6,0,0,100,1,1
2026-08-07T22:21:24.993130,69.444,36,-6,0,0,100,1,1
2026-08-07T22:21:25.016127,69.467,36,-7,0,0,100,1,1
2026-08-07T22:21:25.037885,69.489,36,-7,0,0,100,1,1
2026-08-07T22:21:25.060542,69.512,36,-7,0,0,100,1,1
2026-08-07T22:21:25.095466,69.547,36,-6,0,0,100,1,1
2026-08-07T22:21:25.117111,69.568,36,-7,0,0,100,1,1
2026-08-07T22:21:25.139224,69.590,36,-7,0,0,100,1,1
2026-08-07T22:21:25.162388,69.614,36,-6,0,0,100,1,1
2026-08-07T22:21:25.184909,69.636,36,-7,0,0,100,1,1
2026-08-07T22:21:25.218066,69.669,36,-7,0,0,100,1,1
2026-08-07T22:21:25.240111,69.691,36,-7,0,0,100,1,1
2026-08-07T22:21:25.261824,69.713,36,-7,0,0,100,1,1
2026-08-07T22:21:25.282868,69.734,36,-7,0,0,100,1,1
2026-08-07T22:21:25.307173,69.758,36,-7,0,0,100,1,1
2026-08-07T22:21:25.339246,69.791,36,-7,0,0,100,1,1
2026-08-07T22:21:25.362223,69.813,36,-7,0,0,100,1,1
2026-08-07T22:21:25.384094,69.835,36,-7,0,0,100,1,1
2026-08-07T22:21:25.405679,69.857,36,-6,0,0,100,1,1
2026-08-07T22:21:25.429562,69.881,36,-7,0,0,100,1,1
2026-08-07T22:21:25.461780,69.913,36,-6,0,0,100,1,1
2026-08-07T22:21:25.483521,69.935,36,-6,0,0,100,1,1
2026-08-07T22:21:25.506679,69.958,36,-7,0,0,100,1,1
2026-08-07T22:21:25.527945,69.979,36,-6,0,0,100,1,1
2026-08-07T22:21:25.551145,70.002,36,-6,0,0,100,1,1
2026-08-07T22:21:25.585845,70.037,36,-6,0,0,100,1,1
2026-08-07T22:21:25.607447,70.059,36,-7,0,0,100,1,1
2026-08-07T22:21:25.629082,70.080,36,-7,0,0,100,1,1
2026-08-07T22:21:25.652522,70.104,36,-7,0,0,100,1,1
2026-08-07T22:21:25.675193,70.126,36,-7,0,0,100,1,1
2026-08-07T22:21:25.708726,70.160,36,-7,0,0,100,1,1
2026-08-07T22:21:25.730482,70.182,36,-7,0,0,100,1,1
2026-08-07T22:21:25.752328,70.204,36,-7,0,0,100,1,1
2026-08-07T22:21:25.773425,70.225,36,-7,0,0,100,1,1
2026-08-07T22:21:25.797358,70.249,36,-7,0,0,100,1,1
2026-08-07T22:21:25.829500,70.281,36,-6,0,0,100,1,1
2026-08-07T22:21:25.852444,70.304,36,-7,0,0,100,1,1
2026-08-07T22:21:25.874242,70.326,36,-6,0,0,100,1,1
2026-08-07T22:21:25.895526,70.347,36,-6,0,0,100,1,1
2026-08-07T22:21:25.919948,70.371,36,-6,0,0,100,1,1
2026-08-07T22:21:25.952082,70.403,36,-6,0,0,100,1,1
2026-08-07T22:21:25.973790,70.425,36,-6,0,0,100,1,1
2026-08-07T22:21:25.996871,70.448,36,-7,0,0,100,1,1
2026-08-07T22:21:26.018523,70.470,36,-7,0,0,100,1,1
2026-08-07T22:21:26.041088,70.492,36,-6,0,0,100,1,1
2026-08-07T22:21:26.076056,70.527,36,-7,0,0,100,1,1
2026-08-07T22:21:26.097979,70.549,36,-7,0,0,100,1,1
2026-08-07T22:21:26.119409,70.571,36,-7,0,0,100,1,1
2026-08-07T22:21:26.142988,70.594,36,-7,0,0,100,1,1
2026-08-07T22:21:26.165504,70.617,36,-7,0,0,100,1,1
2026-08-07T22:21:26.198787,70.650,36,-7,0,0,100,1,1
2026-08-07T22:21:26.220733,70.672,35,-6,0,0,100,1,1
2026-08-07T22:21:26.242654,70.694,36,-7,0,0,100,1,1
2026-08-07T22:21:26.263850,70.715,36,-7,0,0,100,1,1
2026-08-07T22:21:26.287904,70.739,36,-6,0,0,100,1,1
2026-08-07T22:21:26.320062,70.771,36,-7,0,0,100,1,1
2026-08-07T22:21:26.342882,70.794,36,-7,0,0,100,1,1
2026-08-07T22:21:26.364654,70.816,36,-7,0,0,100,1,1
2026-08-07T22:21:26.386135,70.837,37,-7,0,0,100,1,1
2026-08-07T22:21:26.410348,70.862,37,-7,0,0,100,1,1
2026-08-07T22:21:26.442373,70.894,37,-7,0,0,100,1,1
2026-08-07T22:21:26.464006,70.915,37,-7,0,0,100,1,1
2026-08-07T22:21:26.487354,70.939,37,-7,0,0,100,1,1
2026-08-07T22:21:26.508590,70.960,38,-7,0,0,100,1,1
2026-08-07T22:21:26.531497,70.983,37,-7,0,0,100,1,1
2026-08-07T22:21:26.566505,71.018,38,-7,0,0,100,1,1
2026-08-07T22:21:26.588223,71.039,37,-7,0,0,100,1,1
2026-08-07T22:21:26.609921,71.061,37,-7,0,0,100,1,1
2026-08-07T22:21:26.633145,71.084,37,-7,0,0,100,1,1
2026-08-07T22:21:26.655642,71.107,38,-7,0,0,100,1,1
2026-08-07T22:21:26.689168,71.140,38,-7,0,0,100,1,1
2026-08-07T22:21:26.711048,71.162,38,-7,0,0,100,1,1
2026-08-07T22:21:26.732830,71.184,39,-7,0,0,100,1,1
2026-08-07T22:21:26.754007,71.205,39,-7,0,0,100,1,1
2026-08-07T22:21:26.778262,71.229,39,-7,0,0,100,1,1
2026-08-07T22:21:26.810179,71.261,39,-7,0,0,100,1,1
2026-08-07T22:21:26.833498,71.285,39,-7,0,0,100,1,1
2026-08-07T22:21:26.855382,71.307,39,-7,0,0,100,1,1
2026-08-07T22:21:26.876651,71.328,37,-6,0,0,100,1,1
2026-08-07T22:21:26.900880,71.352,37,-7,0,0,100,1,1
2026-08-07T22:21:26.932829,71.384,37,-6,0,0,100,1,1
2026-08-07T22:21:26.954573,71.406,37,-6,0,0,100,1,1
2026-08-07T22:21:26.977886,71.429,38,-7,0,0,100,1,1
2026-08-07T22:21:26.999005,71.450,38,-7,0,0,100,1,1
2026-08-07T22:21:27.021993,71.473,38,-7,0,0,100,1,1
2026-08-07T22:21:27.056906,71.508,38,-6,0,0,100,1,1
2026-08-07T22:21:27.078549,71.530,38,-6,0,0,100,1,1
2026-08-07T22:21:27.100210,71.551,38,-6,0,0,100,1,1
2026-08-07T22:21:27.123590,71.575,38,-7,0,0,100,1,1
2026-08-07T22:21:27.145987,71.597,38,-7,0,0,100,1,1
2026-08-07T22:21:27.179372,71.631,38,-7,0,0,100,1,1
2026-08-07T22:21:27.201167,71.652,38,-6,0,0,100,1,1
2026-08-07T22:21:27.223384,71.675,38,-6,0,0,100,1,1
2026-08-07T22:21:27.244514,71.696,38,-7,0,0,100,1,1
2026-08-07T22:21:27.268587,71.720,39,-7,0,0,100,1,1
2026-08-07T22:21:27.300616,71.752,40,-7,0,0,100,1,1
2026-08-07T22:21:27.323897,71.775,39,-7,0,0,100,1,1
2026-08-07T22:21:27.345364,71.797,39,-7,0,0,100,1,1
2026-08-07T22:21:27.366726,71.818,39,-7,0,0,100,1,1
2026-08-07T22:21:27.390986,71.842,39,-7,0,0,100,1,1
2026-08-07T22:21:27.423302,71.875,39,-7,0,0,100,1,1
2026-08-07T22:21:27.445052,71.896,39,-7,0,0,100,1,1
2026-08-07T22:21:27.468009,71.919,39,-7,0,0,100,1,1
2026-08-07T22:21:27.489475,71.941,39,-7,0,0,100,1,1
2026-08-07T22:21:27.512006,71.963,39,-7,0,0,100,1,1
2026-08-07T22:21:27.547280,71.999,39,-7,0,0,100,1,1
2026-08-07T22:21:27.568822,72.020,39,-7,0,0,100,1,1
2026-08-07T22:21:27.590988,72.042,39,-7,0,0,100,1,1
2026-08-07T22:21:27.613881,72.065,40,-7,0,0,100,1,1
2026-08-07T22:21:27.636463,72.088,40,-7,0,0,100,1,1
2026-08-07T22:21:27.669943,72.121,40,-7,0,0,100,1,1
2026-08-07T22:21:27.691855,72.143,40,-7,0,0,100,1,1
2026-08-07T22:21:27.713421,72.165,39,-7,0,0,100,1,1
2026-08-07T22:21:27.734516,72.186,39,-7,0,0,100,1,1
2026-08-07T22:21:27.759040,72.210,40,-7,0,0,100,1,1
2026-08-07T22:21:27.791128,72.242,39,-7,0,0,100,1,1
2026-08-07T22:21:27.814193,72.265,40,-7,0,0,100,1,1
2026-08-07T22:21:27.835664,72.287,40,-7,0,0,100,1,1
2026-08-07T22:21:27.857010,72.308,40,-7,0,0,100,1,1
2026-08-07T22:21:27.881184,72.332,39,-7,0,0,100,1,1
2026-08-07T22:21:27.913706,72.365,39,-7,0,0,100,1,1
2026-08-07T22:21:27.935336,72.387,40,-7,0,0,100,1,1
2026-08-07T22:21:27.958318,72.410,40,-7,0,0,100,1,1
2026-08-07T22:21:27.980046,72.431,40,-7,0,0,100,1,1
2026-08-07T22:21:28.002829,72.454,40,-7,0,0,100,1,1
2026-08-07T22:21:28.037661,72.489,40,-7,0,0,100,1,1
2026-08-07T22:21:28.059260,72.511,40,-7,0,0,100,1,1
2026-08-07T22:21:28.081367,72.533,41,-8,0,0,100,1,1
2026-08-07T22:21:28.104854,72.556,40,-7,0,0,100,1,1
2026-08-07T22:21:28.126977,72.578,39,-6,0,0,100,1,1
2026-08-07T22:21:28.160419,72.612,40,-7,0,0,100,1,1
2026-08-07T22:21:28.182194,72.633,39,-6,0,0,100,1,1
2026-08-07T22:21:28.203925,72.655,40,-8,0,0,100,1,1
2026-08-07T22:21:28.225135,72.676,40,-6,0,0,100,1,1
2026-08-07T22:21:28.249098,72.700,40,-6,0,0,100,1,1
2026-08-07T22:21:28.281303,72.733,40,-7,0,0,100,1,1
2026-08-07T22:21:28.304555,72.756,40,-7,0,0,100,1,1
2026-08-07T22:21:28.325954,72.777,40,-7,0,0,100,1,1
2026-08-07T22:21:28.347617,72.799,39,-6,0,0,100,1,1
2026-08-07T22:21:28.371849,72.823,39,-6,0,0,100,1,1
2026-08-07T22:21:28.404201,72.855,40,-7,0,0,100,1,1
2026-08-07T22:21:28.425772,72.877,40,-7,0,0,100,1,1
2026-08-07T22:21:28.448879,72.900,41,-8,0,0,100,1,1
2026-08-07T22:21:28.470382,72.922,40,-7,0,0,100,1,1
2026-08-07T22:21:28.492883,72.944,40,-7,0,0,100,1,1
2026-08-07T22:21:28.528332,72.979,40,-7,0,0,100,1,1
2026-08-07T22:21:28.549693,73.001,40,-6,0,0,100,1,1
2026-08-07T22:21:28.571389,73.023,39,-6,0,0,100,1,1
2026-08-07T22:21:28.594827,73.046,40,-6,0,0,100,1,1
2026-08-07T22:21:28.617143,73.068,40,-6,0,0,100,1,1
2026-08-07T22:21:28.650953,73.102,40,-7,0,0,100,1,1
2026-08-07T22:21:28.672499,73.124,39,-6,0,0,100,1,1
2026-08-07T22:21:28.694402,73.146,40,-7,0,0,100,1,1
2026-08-07T22:21:28.715336,73.167,39,-6,0,0,100,1,1
2026-08-07T22:21:28.739820,73.191,41,-7,0,0,100,1,1
2026-08-07T22:21:28.771933,73.223,40,-7,0,0,100,1,1
2026-08-07T22:21:28.794773,73.246,40,-7,0,0,100,1,1
2026-08-07T22:21:28.816305,73.268,40,-7,0,0,100,1,1
2026-08-07T22:21:28.837858,73.289,40,-7,0,0,100,1,1
2026-08-07T22:21:28.862056,73.313,40,-7,0,0,100,1,1
2026-08-07T22:21:28.894492,73.346,40,-7,0,0,100,1,1
2026-08-07T22:21:28.915926,73.367,40,-6,0,0,100,1,1
2026-08-07T22:21:28.939222,73.390,39,-6,0,0,100,1,1
2026-08-07T22:21:28.960661,73.412,40,-6,0,0,100,1,1
2026-08-07T22:21:28.983381,73.435,40,-7,0,0,100,1,1
2026-08-07T22:21:29.018226,73.470,40,-7,0,0,100,1,1
2026-08-07T22:21:29.041352,73.493,39,-6,0,0,100,1,1
2026-08-07T22:21:29.062898,73.514,39,-6,0,0,100,1,1
2026-08-07T22:21:29.087048,73.538,39,-6,0,0,100,1,1
2026-08-07T22:21:29.108460,73.560,39,-6,0,0,100,1,1
2026-08-07T22:21:29.140987,73.592,40,-6,0,0,100,1,1
2026-08-07T22:21:29.162884,73.614,40,-6,0,0,100,1,1
2026-08-07T22:21:29.184385,73.636,40,-6,0,0,100,1,1
2026-08-07T22:21:29.206246,73.657,40,-7,0,0,100,1,1
2026-08-07T22:21:29.229918,73.681,40,-6,0,0,100,1,1
2026-08-07T22:21:29.262335,73.714,39,-6,0,0,100,1,1
2026-08-07T22:21:29.285198,73.736,39,-6,0,0,100,1,1
2026-08-07T22:21:29.306899,73.758,39,-6,0,0,100,1,1
2026-08-07T22:21:29.328242,73.780,40,-6,0,0,100,1,1
2026-08-07T22:21:29.352510,73.804,40,-6,0,0,100,1,1
2026-08-07T22:21:29.384508,73.836,40,-7,0,0,100,1,1
2026-08-07T22:21:29.406449,73.858,40,-6,0,0,100,1,1
2026-08-07T22:21:29.429406,73.881,39,-6,0,0,100,1,1
2026-08-07T22:21:29.451101,73.902,40,-7,0,0,100,1,1
2026-08-07T22:21:29.473869,73.925,40,-6,0,0,100,1,1
2026-08-07T22:21:29.508886,73.960,40,-6,0,0,100,1,1
2026-08-07T22:21:29.530795,73.982,40,-7,0,0,100,1,1
2026-08-07T22:21:29.552038,74.003,40,-7,0,0,100,1,1
2026-08-07T22:21:29.575754,74.027,40,-6,0,0,100,1,1
2026-08-07T22:21:29.597900,74.049,40,-7,0,0,100,1,1
2026-08-07T22:21:29.631581,74.083,40,-6,0,0,100,1,1
2026-08-07T22:21:29.653077,74.104,40,-7,0,0,100,1,1
2026-08-07T22:21:29.674968,74.126,40,-7,0,0,100,1,1
2026-08-07T22:21:29.696401,74.148,40,-7,0,0,100,1,1
2026-08-07T22:21:29.720488,74.172,40,-7,0,0,100,1,1
2026-08-07T22:21:29.752330,74.204,40,-6,0,0,100,1,1
2026-08-07T22:21:29.775679,74.227,40,-6,0,0,100,1,1
2026-08-07T22:21:29.797196,74.248,40,-6,0,0,100,1,1
2026-08-07T22:21:29.818706,74.270,41,-8,0,0,100,1,1
2026-08-07T22:21:29.843226,74.294,41,-7,0,0,100,1,1
2026-08-07T22:21:29.875180,74.326,40,-7,0,0,100,1,1
2026-08-07T22:21:29.896944,74.348,40,-6,0,0,100,1,1
2026-08-07T22:21:29.919878,74.371,40,-7,0,0,100,1,1
2026-08-07T22:21:29.941350,74.393,40,-7,0,0,100,1,1
2026-08-07T22:21:29.964096,74.415,40,-6,0,0,100,1,1
2026-08-07T22:21:29.999382,74.451,40,-6,0,0,100,1,1
2026-08-07T22:21:30.020904,74.472,40,-7,0,0,100,1,1
2026-08-07T22:21:30.042737,74.494,40,-6,0,0,100,1,1
2026-08-07T22:21:30.065851,74.517,40,-6,0,0,100,1,1
2026-08-07T22:21:30.088313,74.540,40,-7,0,0,100,1,1
2026-08-07T22:21:30.121840,74.573,40,-7,0,0,100,1,1
2026-08-07T22:21:30.143658,74.595,40,-7,0,0,100,1,1
2026-08-07T22:21:30.165282,74.617,39,-6,0,0,100,1,1
2026-08-07T22:21:30.186672,74.638,40,-6,0,0,100,1,1
2026-08-07T22:21:30.210966,74.662,40,-7,0,0,100,1,1
2026-08-07T22:21:30.242920,74.694,40,-7,0,0,100,1,1
2026-08-07T22:21:30.266313,74.718,40,-7,0,0,100,1,1
2026-08-07T22:21:30.287609,74.739,40,-6,0,0,100,1,1
2026-08-07T22:21:30.309337,74.761,40,-7,0,0,100,1,1
2026-08-07T22:21:30.333192,74.784,40,-7,0,0,100,1,1
2026-08-07T22:21:30.365552,74.817,41,-8,0,0,100,1,1
2026-08-07T22:21:30.387035,74.838,40,-6,0,0,100,1,1
2026-08-07T22:21:30.410110,74.861,40,-6,0,0,100,1,1
2026-08-07T22:21:30.431537,74.883,40,-7,0,0,100,1,1
2026-08-07T22:21:30.454491,74.906,40,-6,0,0,100,1,1
2026-08-07T22:21:30.489621,74.941,40,-6,0,0,100,1,1
2026-08-07T22:21:30.511377,74.963,40,-6,0,0,100,1,1
2026-08-07T22:21:30.532958,74.984,40,-7,0,0,100,1,1
2026-08-07T22:21:30.555927,75.007,40,-7,0,0,100,1,1
2026-08-07T22:21:30.578739,75.030,40,-7,0,0,100,1,1
2026-08-07T22:21:30.612144,75.063,40,-6,0,0,100,1,1
2026-08-07T22:21:30.634201,75.085,40,-7,0,0,100,1,1
2026-08-07T22:21:30.655653,75.107,40,-7,0,0,100,1,1
2026-08-07T22:21:30.677091,75.128,40,-7,0,0,100,1,1
2026-08-07T22:21:30.700957,75.152,40,-7,0,0,100,1,1
2026-08-07T22:21:30.733338,75.185,40,-6,0,0,100,1,1
2026-08-07T22:21:30.756286,75.208,40,-6,0,0,100,1,1
2026-08-07T22:21:30.778043,75.229,40,-6,0,0,100,1,1
2026-08-07T22:21:30.799314,75.251,40,-6,0,0,100,1,1
2026-08-07T22:21:30.823637,75.275,40,-6,0,0,100,1,1
2026-08-07T22:21:30.855895,75.307,40,-6,0,0,100,1,1
2026-08-07T22:21:30.877690,75.329,40,-6,0,0,100,1,1
2026-08-07T22:21:30.900659,75.352,40,-6,0,0,100,1,1
2026-08-07T22:21:30.921858,75.373,39,-6,0,0,100,1,1
2026-08-07T22:21:30.944948,75.396,40,-6,0,0,100,1,1
2026-08-07T22:21:30.979781,75.431,40,-6,0,0,100,1,1
2026-08-07T22:21:31.001459,75.453,40,-6,0,0,100,1,1
2026-08-07T22:21:31.023021,75.474,40,-6,0,0,100,1,1
2026-08-07T22:21:31.046085,75.497,40,-7,0,0,100,1,1
2026-08-07T22:21:31.069015,75.520,40,-6,0,0,100,1,1
2026-08-07T22:21:31.102520,75.554,40,-6,0,0,100,1,1
2026-08-07T22:21:31.124192,75.575,40,-6,0,0,100,1,1
2026-08-07T22:21:31.145900,75.597,40,-7,0,0,100,1,1
2026-08-07T22:21:31.172434,75.624,40,-7,0,0,100,1,1
2026-08-07T22:21:31.194168,75.645,40,-6,0,0,100,1,1
2026-08-07T22:21:31.223447,75.675,40,-7,0,0,100,1,1
2026-08-07T22:21:31.246563,75.698,40,-7,0,0,100,1,1
2026-08-07T22:21:31.268111,75.719,40,-6,0,0,100,1,1
2026-08-07T22:21:31.289586,75.741,40,-6,0,0,100,1,1
2026-08-07T22:21:31.313841,75.765,40,-7,0,0,100,1,1
2026-08-07T22:21:31.346266,75.798,40,-6,0,0,100,1,1
2026-08-07T22:21:31.368070,75.819,41,-7,0,0,100,1,1
2026-08-07T22:21:31.390982,75.842,40,-6,0,0,100,1,1
2026-08-07T22:21:31.412593,75.864,40,-7,0,0,100,1,1
2026-08-07T22:21:31.434965,75.886,40,-7,0,0,100,1,1
2026-08-07T22:21:31.470385,75.922,40,-7,0,0,100,1,1
2026-08-07T22:21:31.491816,75.943,40,-6,0,0,100,1,1
2026-08-07T22:21:31.513938,75.965,40,-7,0,0,100,1,1
2026-08-07T22:21:31.537110,75.988,40,-7,0,0,100,1,1
2026-08-07T22:21:31.559493,76.011,40,-7,0,0,100,1,1
2026-08-07T22:21:31.592943,76.044,40,-7,0,0,100,1,1
2026-08-07T22:21:31.614700,76.066,41,-7,0,0,100,1,1
2026-08-07T22:21:31.636340,76.088,39,-6,0,0,100,1,1
2026-08-07T22:21:31.657845,76.109,40,-6,0,0,100,1,1
2026-08-07T22:21:31.682146,76.133,40,-6,0,0,100,1,1
2026-08-07T22:21:31.714066,76.165,40,-6,0,0,100,1,1
2026-08-07T22:21:31.737127,76.188,40,-6,0,0,100,1,1
2026-08-07T22:21:31.758906,76.210,40,-6,0,0,100,1,1
2026-08-07T22:21:31.780409,76.232,39,-6,0,0,100,1,1
2026-08-07T22:21:31.804521,76.256,40,-7,0,0,100,1,1
2026-08-07T22:21:31.836865,76.288,40,-7,0,0,100,1,1
2026-08-07T22:21:31.858247,76.310,40,-6,0,0,100,1,1
2026-08-07T22:21:31.881546,76.333,40,-7,0,0,100,1,1
2026-08-07T22:21:31.903018,76.354,40,-7,0,0,100,1,1
2026-08-07T22:21:31.925648,76.377,40,-6,0,0,100,1,1
2026-08-07T22:21:31.960517,76.412,40,-7,0,0,100,1,1
2026-08-07T22:21:31.982107,76.433,40,-6,0,0,100,1,1
2026-08-07T22:21:32.004083,76.455,40,-7,0,0,100,1,1
2026-08-07T22:21:32.027087,76.478,41,-7,0,0,100,1,1
2026-08-07T22:21:32.049869,76.501,40,-6,0,0,100,1,1
2026-08-07T22:21:32.083343,76.535,40,-6,0,0,100,1,1
2026-08-07T22:21:32.105012,76.556,40,-7,0,0,100,1,1
2026-08-07T22:21:32.126781,76.578,40,-6,0,0,100,1,1
2026-08-07T22:21:32.148248,76.600,40,-6,0,0,100,1,1
2026-08-07T22:21:32.172201,76.623,40,-7,0,0,100,1,1
2026-08-07T22:21:32.204409,76.656,40,-7,0,0,100,1,1
2026-08-07T22:21:32.227672,76.679,40,-6,0,0,100,1,1
2026-08-07T22:21:32.249426,76.701,40,-7,0,0,100,1,1
2026-08-07T22:21:32.270659,76.722,40,-6,0,0,100,1,1
2026-08-07T22:21:32.294914,76.746,40,-7,0,0,100,1,1
2026-08-07T22:21:32.327136,76.778,40,-6,0,0,100,1,1
2026-08-07T22:21:32.348652,76.800,40,-6,0,0,100,1,1
2026-08-07T22:21:32.371875,76.823,40,-6,0,0,100,1,1
2026-08-07T22:21:32.393016,76.844,40,-7,0,0,100,1,1
2026-08-07T22:21:32.416128,76.867,41,-8,0,0,100,1,1
2026-08-07T22:21:32.451009,76.902,40,-6,0,0,100,1,1
2026-08-07T22:21:32.472902,76.924,40,-6,0,0,100,1,1
2026-08-07T22:21:32.494180,76.945,40,-6,0,0,100,1,1
2026-08-07T22:21:32.517915,76.969,40,-7,0,0,100,1,1
2026-08-07T22:21:32.540168,76.991,40,-6,0,0,100,1,1
2026-08-07T22:21:32.573812,77.025,40,-6,0,0,100,1,1
2026-08-07T22:21:32.595441,77.047,40,-6,0,0,100,1,1
2026-08-07T22:21:32.617410,77.069,40,-7,0,0,100,1,1
2026-08-07T22:21:32.638632,77.090,40,-6,0,0,100,1,1
2026-08-07T22:21:32.662924,77.114,40,-7,0,0,100,1,1
2026-08-07T22:21:32.694545,77.146,40,-6,0,0,100,1,1
2026-08-07T22:21:32.717694,77.169,40,-6,0,0,100,1,1
2026-08-07T22:21:32.739417,77.191,40,-7,0,0,100,1,1
2026-08-07T22:21:32.760997,77.212,40,-7,0,0,100,1,1
2026-08-07T22:21:32.784954,77.236,40,-7,0,0,100,1,1
2026-08-07T22:21:32.817264,77.269,40,-6,0,0,100,1,1
2026-08-07T22:21:32.838939,77.290,40,-6,0,0,100,1,1
2026-08-07T22:21:32.861968,77.313,40,-6,0,0,100,1,1
2026-08-07T22:21:32.883648,77.335,39,-6,0,0,100,1,1
2026-08-07T22:21:32.906166,77.357,40,-7,0,0,100,1,1
2026-08-07T22:21:32.941365,77.393,40,-7,0,0,100,1,1
2026-08-07T22:21:32.962985,77.414,40,-6,0,0,100,1,1
2026-08-07T22:21:32.984857,77.436,39,-6,0,0,100,1,1
2026-08-07T22:21:33.008162,77.459,40,-7,0,0,100,1,1
2026-08-07T22:21:33.030972,77.482,41,-7,0,0,100,1,1
2026-08-07T22:21:33.063812,77.515,40,-7,0,0,100,1,1
2026-08-07T22:21:33.086027,77.537,40,-7,0,0,100,1,1
2026-08-07T22:21:33.107371,77.559,40,-6,0,0,100,1,1
2026-08-07T22:21:33.128733,77.580,40,-6,0,0,100,1,1
2026-08-07T22:21:33.153096,77.604,39,-6,0,0,100,1,1
2026-08-07T22:21:33.185183,77.636,40,-6,0,0,100,1,1
2026-08-07T22:21:33.208419,77.660,40,-6,0,0,100,1,1
2026-08-07T22:21:33.229850,77.681,40,-6,0,0,100,1,1
2026-08-07T22:21:33.251263,77.703,40,-7,0,0,100,1,1
2026-08-07T22:21:33.276671,77.728,40,-7,0,0,100,1,1
2026-08-07T22:21:33.307818,77.759,40,-6,0,0,100,1,1
2026-08-07T22:21:33.329468,77.781,40,-7,0,0,100,1,1
2026-08-07T22:21:33.352616,77.804,40,-7,0,0,100,1,1
2026-08-07T22:21:33.373981,77.825,40,-6,0,0,100,1,1
2026-08-07T22:21:33.396868,77.848,40,-7,0,0,100,1,1
2026-08-07T22:21:33.431777,77.883,40,-6,0,0,100,1,1
2026-08-07T22:21:33.453555,77.905,40,-6,0,0,100,1,1
2026-08-07T22:21:33.475445,77.927,40,-6,0,0,100,1,1
2026-08-07T22:21:33.498241,77.949,40,-6,0,0,100,1,1
2026-08-07T22:21:33.520966,77.972,40,-7,0,0,100,1,1
2026-08-07T22:21:33.554578,78.006,40,-6,0,0,100,1,1
2026-08-07T22:21:33.576314,78.028,40,-6,0,0,100,1,1
2026-08-07T22:21:33.597891,78.049,40,-6,0,0,100,1,1
2026-08-07T22:21:33.619229,78.071,40,-6,0,0,100,1,1
2026-08-07T22:21:33.643187,78.094,39,-6,0,0,100,1,1
2026-08-07T22:21:33.675489,78.127,40,-7,0,0,100,1,1
2026-08-07T22:21:33.698611,78.150,40,-6,0,0,100,1,1
2026-08-07T22:21:33.720523,78.172,40,-6,0,0,100,1,1
2026-08-07T22:21:33.741573,78.193,41,-7,0,0,100,1,1
2026-08-07T22:21:33.765943,78.217,39,-6,0,0,100,1,1
2026-08-07T22:21:33.798033,78.249,40,-6,0,0,100,1,1
2026-08-07T22:21:33.819890,78.271,40,-6,0,0,100,1,1
2026-08-07T22:21:33.842775,78.294,40,-7,0,0,100,1,1
2026-08-07T22:21:33.864086,78.315,40,-6,0,0,100,1,1
2026-08-07T22:21:33.887122,78.338,40,-7,0,0,100,1,1
2026-08-07T22:21:33.922259,78.373,41,-8,0,0,100,1,1
2026-08-07T22:21:33.943880,78.395,40,-7,0,0,100,1,1
2026-08-07T22:21:33.965398,78.417,40,-6,0,0,100,1,1
2026-08-07T22:21:33.988898,78.440,40,-6,0,0,100,1,1
2026-08-07T22:21:34.011189,78.462,40,-6,0,0,100,1,1
2026-08-07T22:21:34.045042,78.496,40,-7,0,0,100,1,1
2026-08-07T22:21:34.066706,78.518,40,-7,0,0,100,1,1
2026-08-07T22:21:34.088398,78.540,41,-7,0,0,100,1,1
2026-08-07T22:21:34.109839,78.561,40,-6,0,0,100,1,1
2026-08-07T22:21:34.133860,78.585,40,-7,0,0,100,1,1
2026-08-07T22:21:34.165786,78.617,40,-7,0,0,100,1,1
2026-08-07T22:21:34.188894,78.640,40,-6,0,0,100,1,1
2026-08-07T22:21:34.210477,78.662,40,-7,0,0,100,1,1
2026-08-07T22:21:34.231694,78.683,40,-6,0,0,100,1,1
2026-08-07T22:21:34.256015,78.707,39,-6,0,0,100,1,1
2026-08-07T22:21:34.288452,78.740,40,-6,0,0,100,1,1
2026-08-07T22:21:34.309991,78.761,40,-7,0,0,100,1,1
2026-08-07T22:21:34.333261,78.785,40,-6,0,0,100,1,1
2026-08-07T22:21:34.354592,78.806,40,-6,0,0,100,1,1
2026-08-07T22:21:34.377308,78.829,40,-6,0,0,100,1,1
2026-08-07T22:21:34.412717,78.864,40,-7,0,0,100,1,1
2026-08-07T22:21:34.434058,78.885,40,-6,0,0,100,1,1
2026-08-07T22:21:34.456107,78.907,40,-7,0,0,100,1,1
2026-08-07T22:21:34.479439,78.931,40,-6,0,0,100,1,1
2026-08-07T22:21:34.501644,78.953,40,-7,0,0,100,1,1
2026-08-07T22:21:34.535105,78.986,40,-6,0,0,100,1,1
2026-08-07T22:21:34.556932,79.008,41,-8,0,0,100,1,1
2026-08-07T22:21:34.578863,79.030,40,-6,0,0,100,1,1
2026-08-07T22:21:34.600030,79.051,40,-6,0,0,100,1,1
2026-08-07T22:21:34.624187,79.075,39,-6,0,0,100,1,1
2026-08-07T22:21:34.656314,79.108,39,-6,0,0,100,1,1
2026-08-07T22:21:34.679235,79.131,40,-6,0,0,100,1,1
2026-08-07T22:21:34.701023,79.152,40,-6,0,0,100,1,1
2026-08-07T22:21:34.722419,79.174,40,-7,0,0,100,1,1
2026-08-07T22:21:34.746702,79.198,40,-6,0,0,100,1,1
2026-08-07T22:21:34.779190,79.230,40,-7,0,0,100,1,1
2026-08-07T22:21:34.800408,79.252,40,-6,0,0,100,1,1
2026-08-07T22:21:34.823582,79.275,39,-6,0,0,100,1,1
2026-08-07T22:21:34.845073,79.296,40,-7,0,0,100,1,1
2026-08-07T22:21:34.867818,79.319,39,-6,0,0,100,1,1
2026-08-07T22:21:34.902889,79.354,41,-7,0,0,100,1,1
2026-08-07T22:21:34.924716,79.376,40,-6,0,0,100,1,1
2026-08-07T22:21:34.946243,79.398,39,-6,0,0,100,1,1
2026-08-07T22:21:34.969180,79.420,40,-7,0,0,100,1,1
2026-08-07T22:21:34.992167,79.443,40,-6,0,0,100,1,1
2026-08-07T22:21:35.025517,79.477,40,-6,0,0,100,1,1
2026-08-07T22:21:35.047400,79.499,40,-6,0,0,100,1,1
2026-08-07T22:21:35.068895,79.520,39,-6,0,0,100,1,1
2026-08-07T22:21:35.090357,79.542,40,-7,0,0,100,1,1
2026-08-07T22:21:35.114295,79.566,40,-7,0,0,100,1,1
2026-08-07T22:21:35.146846,79.598,40,-6,0,0,100,1,1
2026-08-07T22:21:35.169864,79.621,40,-6,0,0,100,1,1
2026-08-07T22:21:35.191626,79.643,39,-6,0,0,100,1,1
2026-08-07T22:21:35.212837,79.664,40,-7,0,0,100,1,1
2026-08-07T22:21:35.237259,79.689,40,-6,0,0,100,1,1
2026-08-07T22:21:35.269195,79.720,40,-6,0,0,100,1,1
2026-08-07T22:21:35.290883,79.742,40,-6,0,0,100,1,1
2026-08-07T22:21:35.313889,79.765,40,-6,0,0,100,1,1
2026-08-07T22:21:35.335389,79.787,40,-6,0,0,100,1,1
2026-08-07T22:21:35.358143,79.809,40,-6,0,0,100,1,1
2026-08-07T22:21:35.393084,79.844,40,-6,0,0,100,1,1
2026-08-07T22:21:35.416252,79.868,39,-6,0,0,100,1,1
2026-08-07T22:21:35.437864,79.889,40,-6,0,0,100,1,1
2026-08-07T22:21:35.462085,79.913,40,-6,0,0,100,1,1
2026-08-07T22:21:35.483382,79.935,40,-6,0,0,100,1,1
2026-08-07T22:21:35.516004,79.967,40,-6,0,0,100,1,1
2026-08-07T22:21:35.537595,79.989,39,-6,0,0,100,1,1
2026-08-07T22:21:35.559451,80.011,40,-6,0,0,100,1,1
2026-08-07T22:21:35.580872,80.032,39,-6,0,0,100,1,1
2026-08-07T22:21:35.605094,80.056,40,-6,0,0,100,1,1
2026-08-07T22:21:35.637030,80.088,40,-7,0,0,100,1,1
2026-08-07T22:21:35.659939,80.111,40,-7,0,0,100,1,1
2026-08-07T22:21:35.681839,80.133,40,-6,0,0,100,1,1
2026-08-07T22:21:35.702930,80.154,39,-6,0,0,100,1,1
2026-08-07T22:21:35.727392,80.179,40,-7,0,0,100,1,1
2026-08-07T22:21:35.759849,80.211,40,-7,0,0,100,1,1
2026-08-07T22:21:35.781298,80.233,39,-6,0,0,100,1,1
2026-08-07T22:21:35.804551,80.256,39,-6,0,0,100,1,1
2026-08-07T22:21:35.826041,80.277,39,-6,0,0,100,1,1
2026-08-07T22:21:35.848491,80.300,40,-7,0,0,100,1,1
2026-08-07T22:21:35.883566,80.335,40,-6,0,0,100,1,1
2026-08-07T22:21:35.905358,80.357,40,-7,0,0,100,1,1
2026-08-07T22:21:35.927222,80.378,41,-7,0,0,100,1,1
2026-08-07T22:21:35.950506,80.402,40,-7,0,0,100,1,1
2026-08-07T22:21:35.973081,80.424,40,-6,0,0,100,1,1
2026-08-07T22:21:36.006346,80.458,40,-6,0,0,100,1,1
2026-08-07T22:21:36.028265,80.480,40,-7,0,0,100,1,1
2026-08-07T22:21:36.049985,80.501,40,-7,0,0,100,1,1
2026-08-07T22:21:36.071236,80.522,40,-7,0,0,100,1,1
2026-08-07T22:21:36.095606,80.547,40,-6,0,0,100,1,1
2026-08-07T22:21:36.127654,80.579,39,-6,0,0,100,1,1
2026-08-07T22:21:36.150526,80.602,39,-6,0,0,100,1,1
2026-08-07T22:21:36.172386,80.624,40,-6,0,0,100,1,1
2026-08-07T22:21:36.193674,80.645,39,-6,0,0,100,1,1
2026-08-07T22:21:36.217767,80.669,39,-6,0,0,100,1,1
2026-08-07T22:21:36.250022,80.701,40,-6,0,0,100,1,1
2026-08-07T22:21:36.271747,80.723,40,-7,0,0,100,1,1
2026-08-07T22:21:36.295035,80.746,41,-7,0,0,100,1,1
2026-08-07T22:21:36.316444,80.768,40,-7,0,0,100,1,1
2026-08-07T22:21:36.338958,80.790,39,-6,0,0,100,1,1
2026-08-07T22:21:36.373997,80.825,39,-6,0,0,100,1,1
2026-08-07T22:21:36.395750,80.847,40,-6,0,0,100,1,1
2026-08-07T22:21:36.417643,80.869,39,-6,0,0,100,1,1
2026-08-07T22:21:36.440287,80.892,40,-6,0,0,100,1,1
2026-08-07T22:21:36.463013,80.914,40,-7,0,0,100,1,1
2026-08-07T22:21:36.496905,80.948,40,-7,0,0,100,1,1
2026-08-07T22:21:36.518646,80.970,40,-6,0,0,100,1,1
2026-08-07T22:21:36.540230,80.991,40,-7,0,0,100,1,1
2026-08-07T22:21:36.561613,81.013,40,-6,0,0,100,1,1
2026-08-07T22:21:36.585710,81.037,40,-6,0,0,100,1,1
2026-08-07T22:21:36.617726,81.069,40,-6,0,0,100,1,1
2026-08-07T22:21:36.640699,81.092,40,-7,0,0,100,1,1
2026-08-07T22:21:36.662782,81.114,40,-6,0,0,100,1,1
2026-08-07T22:21:36.683851,81.135,40,-7,0,0,100,1,1
2026-08-07T22:21:36.708349,81.160,40,-6,0,0,100,1,1
2026-08-07T22:21:36.740393,81.192,39,-6,0,0,100,1,1
2026-08-07T22:21:36.762053,81.213,40,-6,0,0,100,1,1
2026-08-07T22:21:36.785121,81.236,40,-6,0,0,100,1,1
2026-08-07T22:21:36.806496,81.258,41,-8,0,0,100,1,1
2026-08-07T22:21:36.829340,81.281,40,-6,0,0,100,1,1
2026-08-07T22:21:36.864359,81.316,40,-7,0,0,100,1,1
2026-08-07T22:21:36.886114,81.337,40,-6,0,0,100,1,1
2026-08-07T22:21:36.907800,81.359,40,-7,0,0,100,1,1
2026-08-07T22:21:36.931213,81.382,39,-6,0,0,100,1,1
2026-08-07T22:21:36.953803,81.405,40,-6,0,0,100,1,1
2026-08-07T22:21:36.987159,81.438,39,-6,0,0,100,1,1
2026-08-07T22:21:37.009054,81.460,40,-6,0,0,100,1,1
2026-08-07T22:21:37.030637,81.482,40,-7,0,0,100,1,1
2026-08-07T22:21:37.052103,81.503,39,-6,0,0,100,1,1
2026-08-07T22:21:37.076308,81.527,40,-6,0,0,100,1,1
2026-08-07T22:21:37.108288,81.559,40,-7,0,0,100,1,1
2026-08-07T22:21:37.131303,81.583,40,-6,0,0,100,1,1
2026-08-07T22:21:37.153058,81.604,40,-6,0,0,100,1,1
2026-08-07T22:21:37.174104,81.625,40,-6,0,0,100,1,1
2026-08-07T22:21:37.198813,81.650,40,-6,0,0,100,1,1
2026-08-07T22:21:37.230850,81.682,39,-6,0,0,100,1,1
2026-08-07T22:21:37.252333,81.704,40,-6,0,0,100,1,1
2026-08-07T22:21:37.275811,81.727,40,-6,0,0,100,1,1
2026-08-07T22:21:37.296972,81.748,39,-6,0,0,100,1,1
2026-08-07T22:21:37.319666,81.771,40,-6,0,0,100,1,1
2026-08-07T22:21:37.354941,81.806,40,-6,0,0,100,1,1
2026-08-07T22:21:37.376471,81.828,40,-7,0,0,100,1,1
2026-08-07T22:21:37.398370,81.850,40,-6,0,0,100,1,1
2026-08-07T22:21:37.421511,81.873,39,-6,0,0,100,1,1
2026-08-07T22:21:37.444108,81.895,40,-7,0,0,100,1,1
2026-08-07T22:21:37.477380,81.929,40,-6,0,0,100,1,1
2026-08-07T22:21:37.499187,81.950,40,-6,0,0,100,1,1
2026-08-07T22:21:37.522558,81.974,40,-6,0,0,100,1,1
2026-08-07T22:21:37.543641,81.995,40,-7,0,0,100,1,1
2026-08-07T22:21:37.567669,82.019,39,-6,0,0,100,1,1
2026-08-07T22:21:37.600767,82.052,40,-7,0,0,100,1,1
2026-08-07T22:21:37.622683,82.074,39,-6,0,0,100,1,1
2026-08-07T22:21:37.643658,82.095,41,-7,0,0,100,1,1
2026-08-07T22:21:37.665180,82.116,40,-6,0,0,100,1,1
2026-08-07T22:21:37.697894,82.149,40,-6,0,0,100,1,1
2026-08-07T22:21:37.724877,82.176,40,-6,0,0,100,1,1
2026-08-07T22:21:37.742969,82.194,39,-6,0,0,100,1,1
2026-08-07T22:21:37.773095,82.224,39,-6,0,0,100,1,1
2026-08-07T22:21:37.787342,82.239,40,-6,0,0,100,1,1
2026-08-07T22:21:37.817610,82.269,40,-6,0,0,100,1,1
2026-08-07T22:21:37.851419,82.303,40,-6,0,0,100,1,1
2026-08-07T22:21:37.874292,82.325,40,-6,0,0,100,1,1
2026-08-07T22:21:37.895825,82.347,40,-7,0,0,100,1,1
2026-08-07T22:21:37.914917,82.366,40,-6,0,0,100,1,1
2026-08-07T22:21:37.939052,82.390,40,-6,0,0,100,1,1
2026-08-07T22:21:37.968784,82.420,40,-6,0,0,100,1,1
2026-08-07T22:21:37.989911,82.441,40,-7,0,0,100,1,1
2026-08-07T22:21:38.013947,82.465,40,-6,0,0,100,1,1
2026-08-07T22:21:38.033160,82.484,40,-6,0,0,100,1,1
2026-08-07T22:21:38.062288,82.513,40,-6,0,0,100,1,1
2026-08-07T22:21:38.089039,82.540,40,-6,0,0,100,1,1
2026-08-07T22:21:38.112088,82.563,40,-6,0,0,100,1,1
2026-08-07T22:21:38.134177,82.585,41,-7,0,0,100,1,1
2026-08-07T22:21:38.158015,82.609,40,-7,0,0,100,1,1
2026-08-07T22:21:38.181633,82.633,40,-6,0,0,100,1,1
2026-08-07T22:21:38.211801,82.663,40,-7,0,0,100,1,1
2026-08-07T22:21:38.233866,82.685,41,-8,0,0,100,1,1
2026-08-07T22:21:38.257035,82.708,40,-7,0,0,100,1,1
2026-08-07T22:21:38.277972,82.729,40,-6,0,0,100,1,1
2026-08-07T22:21:38.300566,82.752,40,-6,0,0,100,1,1
2026-08-07T22:21:38.335769,82.787,39,-6,0,0,100,1,1
2026-08-07T22:21:38.357271,82.808,40,-7,0,0,100,1,1
2026-08-07T22:21:38.378934,82.830,40,-6,0,0,100,1,1
2026-08-07T22:21:38.402202,82.853,40,-6,0,0,100,1,1
2026-08-07T22:21:38.424822,82.876,40,-7,0,0,100,1,1
2026-08-07T22:21:38.458400,82.910,40,-6,0,0,100,1,1
2026-08-07T22:21:38.480116,82.931,40,-7,0,0,100,1,1
2026-08-07T22:21:38.501943,82.953,40,-6,0,0,100,1,1
2026-08-07T22:21:38.523374,82.975,39,-6,0,0,100,1,1
2026-08-07T22:21:38.547428,82.999,40,-7,0,0,100,1,1
2026-08-07T22:21:38.579318,83.031,40,-6,0,0,100,1,1
2026-08-07T22:21:38.602441,83.054,40,-7,0,0,100,1,1
2026-08-07T22:21:38.624119,83.075,40,-7,0,0,100,1,1
2026-08-07T22:21:38.645580,83.097,40,-7,0,0,100,1,1
2026-08-07T22:21:38.669955,83.121,40,-6,0,0,100,1,1
2026-08-07T22:21:38.702166,83.153,40,-6,0,0,100,1,1
2026-08-07T22:21:38.723784,83.175,40,-7,0,0,100,1,1
2026-08-07T22:21:38.746602,83.198,40,-7,0,0,100,1,1
2026-08-07T22:21:38.768435,83.220,40,-7,0,0,100,1,1
2026-08-07T22:21:38.790969,83.242,40,-6,0,0,100,1,1
2026-08-07T22:21:38.826121,83.277,40,-7,0,0,100,1,1
2026-08-07T22:21:38.847789,83.299,40,-6,0,0,100,1,1
2026-08-07T22:21:38.869504,83.321,40,-7,0,0,100,1,1
2026-08-07T22:21:38.892581,83.344,40,-7,0,0,100,1,1
2026-08-07T22:21:38.915184,83.366,40,-7,0,0,100,1,1
2026-08-07T22:21:38.948642,83.400,41,-7,0,0,100,1,1
2026-08-07T22:21:38.970338,83.422,40,-7,0,0,100,1,1
2026-08-07T22:21:38.992155,83.443,40,-6,0,0,100,1,1
2026-08-07T22:21:39.013397,83.465,40,-6,0,0,100,1,1
2026-08-07T22:21:39.037727,83.489,39,-6,0,0,100,1,1
2026-08-07T22:21:39.069695,83.521,40,-6,0,0,100,1,1
2026-08-07T22:21:39.092965,83.544,40,-6,0,0,100,1,1
2026-08-07T22:21:39.114544,83.566,41,-7,0,0,100,1,1
2026-08-07T22:21:39.136142,83.587,39,-6,0,0,100,1,1
2026-08-07T22:21:39.160168,83.611,40,-6,0,0,100,1,1
2026-08-07T22:21:39.192410,83.644,40,-6,0,0,100,1,1
2026-08-07T22:21:39.213967,83.665,40,-6,0,0,100,1,1
2026-08-07T22:21:39.237203,83.688,40,-6,0,0,100,1,1
2026-08-07T22:21:39.258651,83.710,40,-7,0,0,100,1,1
2026-08-07T22:21:39.281451,83.733,40,-7,0,0,100,1,1
2026-08-07T22:21:39.316214,83.767,40,-6,0,0,100,1,1
2026-08-07T22:21:39.338109,83.789,40,-7,0,0,100,1,1
2026-08-07T22:21:39.359753,83.811,40,-6,0,0,100,1,1
2026-08-07T22:21:39.382619,83.834,39,-6,0,0,100,1,1
2026-08-07T22:21:39.405414,83.857,39,-6,0,0,100,1,1
2026-08-07T22:21:39.439281,83.890,40,-6,0,0,100,1,1
2026-08-07T22:21:39.461020,83.912,40,-7,0,0,100,1,1
2026-08-07T22:21:39.483048,83.934,40,-6,0,0,100,1,1
2026-08-07T22:21:39.503953,83.955,39,-6,0,0,100,1,1
2026-08-07T22:21:39.528112,83.979,40,-6,0,0,100,1,1
2026-08-07T22:21:39.560129,84.011,40,-6,0,0,100,1,1
2026-08-07T22:21:39.583128,84.034,40,-6,0,0,100,1,1
2026-08-07T22:21:39.604960,84.056,40,-6,0,0,100,1,1
2026-08-07T22:21:39.626293,84.078,40,-6,0,0,100,1,1
2026-08-07T22:21:39.652701,84.104,40,-6,0,0,100,1,1
2026-08-07T22:21:39.682523,84.134,40,-6,0,0,100,1,1
2026-08-07T22:21:39.704526,84.156,40,-6,0,0,100,1,1
2026-08-07T22:21:39.727421,84.179,40,-6,0,0,100,1,1
2026-08-07T22:21:39.748914,84.200,40,-6,0,0,100,1,1
2026-08-07T22:21:39.771854,84.223,40,-6,0,0,100,1,1
2026-08-07T22:21:39.806779,84.258,40,-7,0,0,100,1,1
2026-08-07T22:21:39.828298,84.280,40,-6,0,0,100,1,1
2026-08-07T22:21:39.850055,84.301,40,-7,0,0,100,1,1
2026-08-07T22:21:39.873219,84.324,40,-7,0,0,100,1,1
2026-08-07T22:21:39.895691,84.347,40,-7,0,0,100,1,1
2026-08-07T22:21:39.929396,84.381,40,-6,0,0,100,1,1
2026-08-07T22:21:39.950950,84.402,40,-6,0,0,100,1,1
2026-08-07T22:21:39.973016,84.424,39,-6,0,0,100,1,1
2026-08-07T22:21:39.994404,84.446,40,-6,0,0,100,1,1
2026-08-07T22:21:40.018481,84.470,40,-6,0,0,100,1,1
2026-08-07T22:21:40.050382,84.502,39,-6,0,0,100,1,1
2026-08-07T22:21:40.073398,84.525,39,-6,0,0,100,1,1
2026-08-07T22:21:40.095223,84.546,40,-6,0,0,100,1,1
2026-08-07T22:21:40.116656,84.568,40,-6,0,0,100,1,1
2026-08-07T22:21:40.140942,84.592,40,-6,0,0,100,1,1
2026-08-07T22:21:40.173263,84.624,40,-7,0,0,100,1,1
2026-08-07T22:21:40.194794,84.646,40,-6,0,0,100,1,1
2026-08-07T22:21:40.217799,84.669,40,-6,0,0,100,1,1
2026-08-07T22:21:40.239350,84.691,40,-7,0,0,100,1,1
2026-08-07T22:21:40.262052,84.713,40,-6,0,0,100,1,1
2026-08-07T22:21:40.297240,84.748,39,-6,0,0,100,1,1
2026-08-07T22:21:40.318908,84.770,40,-6,0,0,100,1,1
2026-08-07T22:21:40.340879,84.792,41,-7,0,0,100,1,1
2026-08-07T22:21:40.364183,84.815,40,-7,0,0,100,1,1
2026-08-07T22:21:40.386609,84.838,39,-6,0,0,100,1,1
2026-08-07T22:21:40.420086,84.871,40,-6,0,0,100,1,1
2026-08-07T22:21:40.442030,84.893,40,-6,0,0,100,1,1
2026-08-07T22:21:40.463498,84.915,41,-7,0,0,100,1,1
2026-08-07T22:21:40.484729,84.936,39,-6,0,0,100,1,1
2026-08-07T22:21:40.509093,84.960,40,-6,0,0,100,1,1
2026-08-07T22:21:40.540966,84.992,40,-6,0,0,100,1,1
2026-08-07T22:21:40.564032,85.015,40,-6,0,0,100,1,1
2026-08-07T22:21:40.585856,85.037,40,-7,0,0,100,1,1
2026-08-07T22:21:40.607022,85.058,40,-7,0,0,100,1,1
2026-08-07T22:21:40.631337,85.083,39,-6,0,0,100,1,1
2026-08-07T22:21:40.663521,85.115,41,-7,0,0,100,1,1
2026-08-07T22:21:40.685076,85.136,40,-6,0,0,100,1,1
2026-08-07T22:21:40.708314,85.160,40,-6,0,0,100,1,1
2026-08-07T22:21:40.729706,85.181,39,-6,0,0,100,1,1
2026-08-07T22:21:40.752526,85.204,40,-6,0,0,100,1,1
2026-08-07T22:21:40.787350,85.239,39,-6,0,0,100,1,1
2026-08-07T22:21:40.809016,85.260,39,-6,0,0,100,1,1
2026-08-07T22:21:40.830797,85.282,41,-7,0,0,100,1,1
2026-08-07T22:21:40.853810,85.305,40,-6,0,0,100,1,1
2026-08-07T22:21:40.876679,85.328,40,-6,0,0,100,1,1
2026-08-07T22:21:40.910337,85.362,40,-6,0,0,100,1,1
2026-08-07T22:21:40.932024,85.383,39,-6,0,0,100,1,1
2026-08-07T22:21:40.953644,85.405,40,-6,0,0,100,1,1
2026-08-07T22:21:40.975182,85.426,40,-7,0,0,100,1,1
2026-08-07T22:21:40.999108,85.450,39,-6,0,0,100,1,1
2026-08-07T22:21:41.031190,85.482,40,-6,0,0,100,1,1
2026-08-07T22:21:41.054429,85.506,39,-6,0,0,100,1,1
2026-08-07T22:21:41.076229,85.527,40,-6,0,0,100,1,1
2026-08-07T22:21:41.097418,85.549,40,-7,0,0,100,1,1
2026-08-07T22:21:41.121829,85.573,39,-6,0,0,100,1,1
2026-08-07T22:21:41.153845,85.605,40,-7,0,0,100,1,1
2026-08-07T22:21:41.175422,85.627,40,-7,0,0,100,1,1
2026-08-07T22:21:41.198461,85.650,40,-6,0,0,100,1,1
2026-08-07T22:21:41.220009,85.671,39,-6,0,0,100,1,1
2026-08-07T22:21:41.242964,85.694,40,-6,0,0,100,1,1
2026-08-07T22:21:41.277808,85.729,40,-6,0,0,100,1,1
2026-08-07T22:21:41.299579,85.751,41,-7,0,0,100,1,1
2026-08-07T22:21:41.321073,85.772,40,-7,0,0,100,1,1
2026-08-07T22:21:41.344340,85.796,40,-7,0,0,100,1,1
2026-08-07T22:21:41.367308,85.819,40,-6,0,0,100,1,1
2026-08-07T22:21:41.400545,85.852,40,-6,0,0,100,1,1
2026-08-07T22:21:41.422172,85.873,40,-7,0,0,100,1,1
2026-08-07T22:21:41.444091,85.895,40,-6,0,0,100,1,1
2026-08-07T22:21:41.465470,85.917,40,-7,0,0,100,1,1
2026-08-07T22:21:41.489580,85.941,39,-6,0,0,100,1,1
2026-08-07T22:21:41.521414,85.973,40,-6,0,0,100,1,1
2026-08-07T22:21:41.544588,85.996,40,-7,0,0,100,1,1
2026-08-07T22:21:41.566316,86.018,40,-6,0,0,100,1,1
2026-08-07T22:21:41.587545,86.039,40,-6,0,0,100,1,1
2026-08-07T22:21:41.611957,86.063,40,-6,0,0,100,1,1
2026-08-07T22:21:41.644396,86.096,40,-6,0,0,100,1,1
2026-08-07T22:21:41.665762,86.117,40,-6,0,0,100,1,1
2026-08-07T22:21:41.689040,86.140,40,-7,0,0,100,1,1
2026-08-07T22:21:41.710345,86.162,40,-6,0,0,100,1,1
2026-08-07T22:21:41.733135,86.184,40,-6,0,0,100,1,1
2026-08-07T22:21:41.769663,86.221,39,-6,0,0,100,1,1
2026-08-07T22:21:41.791184,86.242,40,-7,0,0,100,1,1
2026-08-07T22:21:41.813200,86.264,39,-6,0,0,100,1,1
2026-08-07T22:21:41.836900,86.288,40,-6,0,0,100,1,1
2026-08-07T22:21:41.858600,86.310,40,-6,0,0,100,1,1
2026-08-07T22:21:41.891016,86.342,39,-6,0,0,100,1,1
2026-08-07T22:21:41.912829,86.364,40,-7,0,0,100,1,1
2026-08-07T22:21:41.934391,86.386,40,-6,0,0,100,1,1
2026-08-07T22:21:41.955653,86.407,40,-6,0,0,100,1,1
2026-08-07T22:21:41.980036,86.431,40,-6,0,0,100,1,1
2026-08-07T22:21:42.012101,86.463,40,-6,0,0,100,1,1
2026-08-07T22:21:42.034965,86.486,40,-6,0,0,100,1,1
2026-08-07T22:21:42.056534,86.508,39,-6,0,0,100,1,1
2026-08-07T22:21:42.078130,86.529,40,-6,0,0,100,1,1
2026-08-07T22:21:42.102320,86.554,40,-6,0,0,100,1,1
2026-08-07T22:21:42.134643,86.586,41,-7,0,0,100,1,1
2026-08-07T22:21:42.156346,86.608,39,-6,0,0,100,1,1
2026-08-07T22:21:42.179375,86.631,40,-6,0,0,100,1,1
2026-08-07T22:21:42.200588,86.652,40,-6,0,0,100,1,1
2026-08-07T22:21:42.223459,86.675,40,-6,0,0,100,1,1
2026-08-07T22:21:42.258301,86.710,40,-6,0,0,100,1,1
2026-08-07T22:21:42.280244,86.732,40,-6,0,0,100,1,1
2026-08-07T22:21:42.302069,86.753,40,-6,0,0,100,1,1
2026-08-07T22:21:42.324854,86.776,40,-6,0,0,100,1,1
2026-08-07T22:21:42.347836,86.799,40,-6,0,0,100,1,1
2026-08-07T22:21:42.381458,86.833,40,-6,0,0,100,1,1
2026-08-07T22:21:42.403059,86.854,40,-6,0,0,100,1,1
2026-08-07T22:21:42.424520,86.876,39,-6,0,0,100,1,1
2026-08-07T22:21:42.446131,86.897,40,-7,0,0,100,1,1
2026-08-07T22:21:42.470235,86.921,40,-7,0,0,100,1,1
2026-08-07T22:21:42.502469,86.954,40,-6,0,0,100,1,1
2026-08-07T22:21:42.525572,86.977,40,-6,0,0,100,1,1
2026-08-07T22:21:42.547237,86.998,40,-6,0,0,100,1,1
2026-08-07T22:21:42.568577,87.020,40,-6,0,0,100,1,1
2026-08-07T22:21:42.592717,87.044,39,-6,0,0,100,1,1
2026-08-07T22:21:42.624886,87.076,40,-6,0,0,100,1,1
2026-08-07T22:21:42.646621,87.098,40,-6,0,0,100,1,1
2026-08-07T22:21:42.669621,87.121,39,-6,0,0,100,1,1
2026-08-07T22:21:42.690899,87.142,40,-7,0,0,100,1,1
2026-08-07T22:21:42.713969,87.165,40,-6,0,0,100,1,1
2026-08-07T22:21:42.749099,87.200,39,-6,0,0,100,1,1
2026-08-07T22:21:42.770599,87.222,40,-6,0,0,100,1,1
2026-08-07T22:21:42.792260,87.244,40,-6,0,0,100,1,1
2026-08-07T22:21:42.815413,87.267,40,-6,0,0,100,1,1
2026-08-07T22:21:42.837932,87.289,40,-7,0,0,100,1,1
2026-08-07T22:21:42.871647,87.323,40,-6,0,0,100,1,1
2026-08-07T22:21:42.893367,87.345,40,-7,0,0,100,1,1
2026-08-07T22:21:42.915098,87.366,40,-6,0,0,100,1,1
2026-08-07T22:21:42.936557,87.388,40,-6,0,0,100,1,1
2026-08-07T22:21:42.960688,87.412,39,-6,0,0,100,1,1
2026-08-07T22:21:42.992548,87.444,40,-6,0,0,100,1,1
2026-08-07T22:21:43.015766,87.467,39,-6,0,0,100,1,1
2026-08-07T22:21:43.037138,87.488,40,-6,0,0,100,1,1
2026-08-07T22:21:43.058652,87.510,40,-6,0,0,100,1,1
2026-08-07T22:21:43.083049,87.534,40,-6,0,0,100,1,1
2026-08-07T22:21:43.115367,87.567,41,-7,0,0,100,1,1
2026-08-07T22:21:43.137038,87.588,39,-6,0,0,100,1,1
2026-08-07T22:21:43.160112,87.611,40,-6,0,0,100,1,1
2026-08-07T22:21:43.181506,87.633,39,-6,0,0,100,1,1
2026-08-07T22:21:43.204068,87.655,40,-6,0,0,100,1,1
2026-08-07T22:21:43.239672,87.691,40,-6,0,0,100,1,1
2026-08-07T22:21:43.261095,87.712,39,-6,0,0,100,1,1
2026-08-07T22:21:43.282911,87.734,40,-6,0,0,100,1,1
2026-08-07T22:21:43.306187,87.757,40,-6,0,0,100,1,1
2026-08-07T22:21:43.328339,87.780,40,-6,0,0,100,1,1
2026-08-07T22:21:43.362096,87.813,40,-6,0,0,100,1,1
2026-08-07T22:21:43.383900,87.835,40,-6,0,0,100,1,1
2026-08-07T22:21:43.405410,87.857,40,-6,0,0,100,1,1
2026-08-07T22:21:43.426915,87.878,40,-6,0,0,100,1,1
2026-08-07T22:21:43.450924,87.902,40,-6,0,0,100,1,1
2026-08-07T22:21:43.483286,87.935,40,-7,0,0,100,1,1
2026-08-07T22:21:43.506470,87.958,40,-6,0,0,100,1,1
2026-08-07T22:21:43.527946,87.979,40,-7,0,0,100,1,1
2026-08-07T22:21:43.549492,88.001,39,-6,0,0,100,1,1
2026-08-07T22:21:43.573452,88.025,40,-7,0,0,100,1,1
2026-08-07T22:21:43.605909,88.057,40,-6,0,0,100,1,1
2026-08-07T22:21:43.627411,88.079,40,-6,0,0,100,1,1
2026-08-07T22:21:43.650355,88.102,39,-6,0,0,100,1,1
2026-08-07T22:21:43.671914,88.123,39,-6,0,0,100,1,1
2026-08-07T22:21:43.694737,88.146,40,-6,0,0,100,1,1
2026-08-07T22:21:43.729738,88.181,40,-6,0,0,100,1,1
2026-08-07T22:21:43.751456,88.203,40,-6,0,0,100,1,1
2026-08-07T22:21:43.773131,88.224,40,-6,0,0,100,1,1
2026-08-07T22:21:43.796087,88.247,39,-6,0,0,100,1,1
2026-08-07T22:21:43.818781,88.270,40,-6,0,0,100,1,1
2026-08-07T22:21:43.852398,88.304,39,-6,0,0,100,1,1
2026-08-07T22:21:43.874264,88.326,40,-7,0,0,100,1,1
2026-08-07T22:21:43.898076,88.349,40,-6,0,0,100,1,1
2026-08-07T22:21:43.922313,88.374,39,-6,0,0,100,1,1
2026-08-07T22:21:43.943864,88.395,40,-7,0,0,100,1,1
2026-08-07T22:21:43.973443,88.425,40,-6,0,0,100,1,1
2026-08-07T22:21:43.996463,88.448,40,-6,0,0,100,1,1
2026-08-07T22:21:44.018167,88.469,40,-6,0,0,100,1,1
2026-08-07T22:21:44.039782,88.491,39,-6,0,0,100,1,1
2026-08-07T22:21:44.063758,88.515,39,-6,0,0,100,1,1
2026-08-07T22:21:44.095916,88.547,40,-6,0,0,100,1,1
2026-08-07T22:21:44.117667,88.569,40,-6,0,0,100,1,1
2026-08-07T22:21:44.140773,88.592,40,-6,0,0,100,1,1
2026-08-07T22:21:44.162295,88.614,39,-6,0,0,100,1,1
2026-08-07T22:21:44.185037,88.636,40,-6,0,0,100,1,1
2026-08-07T22:21:44.220105,88.671,40,-6,0,0,100,1,1
2026-08-07T22:21:44.241792,88.693,41,-8,0,0,100,1,1
2026-08-07T22:21:44.263524,88.715,40,-6,0,0,100,1,1
2026-08-07T22:21:44.286576,88.738,40,-6,0,0,100,1,1
2026-08-07T22:21:44.309140,88.760,40,-6,0,0,100,1,1
2026-08-07T22:21:44.342741,88.794,39,-6,0,0,100,1,1
2026-08-07T22:21:44.364653,88.816,39,-6,0,0,100,1,1
2026-08-07T22:21:44.386469,88.838,40,-7,0,0,100,1,1
2026-08-07T22:21:44.407855,88.859,40,-6,0,0,100,1,1
2026-08-07T22:21:44.431648,88.883,39,-6,0,0,100,1,1
2026-08-07T22:21:44.463780,88.915,40,-6,0,0,100,1,1
2026-08-07T22:21:44.486828,88.938,40,-6,0,0,100,1,1
2026-08-07T22:21:44.508602,88.960,39,-6,0,0,100,1,1
2026-08-07T22:21:44.529927,88.981,39,-6,0,0,100,1,1
2026-08-07T22:21:44.554192,89.005,39,-6,0,0,100,1,1
2026-08-07T22:21:44.586613,89.038,40,-6,0,0,100,1,1
2026-08-07T22:21:44.608177,89.059,39,-6,0,0,100,1,1
2026-08-07T22:21:44.631101,89.082,40,-6,0,0,100,1,1
2026-08-07T22:21:44.652895,89.104,40,-6,0,0,100,1,1
2026-08-07T22:21:44.675428,89.127,39,-6,0,0,100,1,1
2026-08-07T22:21:44.710669,89.162,39,-6,0,0,100,1,1
2026-08-07T22:21:44.732045,89.183,41,-7,0,0,100,1,1
2026-08-07T22:21:44.754094,89.205,39,-6,0,0,100,1,1
2026-08-07T22:21:44.776981,89.228,39,-6,0,0,100,1,1
2026-08-07T22:21:44.799566,89.251,40,-6,0,0,100,1,1
2026-08-07T22:21:44.833299,89.285,39,-6,0,0,100,1,1
2026-08-07T22:21:44.855052,89.306,40,-6,0,0,100,1,1
2026-08-07T22:21:44.876768,89.328,40,-6,0,0,100,1,1
2026-08-07T22:21:44.897913,89.349,39,-6,0,0,100,1,1
2026-08-07T22:21:44.922409,89.374,40,-6,0,0,100,1,1
2026-08-07T22:21:44.954423,89.406,39,-6,0,0,100,1,1
2026-08-07T22:21:44.977462,89.429,40,-6,0,0,100,1,1
2026-08-07T22:21:44.999114,89.450,40,-6,0,0,100,1,1
2026-08-07T22:21:45.020475,89.472,40,-6,0,0,100,1,1
2026-08-07T22:21:45.044696,89.496,39,-6,0,0,100,1,1
2026-08-07T22:21:45.077029,89.528,40,-6,0,0,100,1,1
2026-08-07T22:21:45.098438,89.550,40,-6,0,0,100,1,1
2026-08-07T22:21:45.121731,89.573,39,-6,0,0,100,1,1
2026-08-07T22:21:45.143034,89.594,39,-6,0,0,100,1,1
2026-08-07T22:21:45.165879,89.617,40,-6,0,0,100,1,1
2026-08-07T22:21:45.200861,89.652,40,-6,0,0,100,1,1
2026-08-07T22:21:45.222363,89.674,40,-6,0,0,100,1,1
2026-08-07T22:21:45.244217,89.695,40,-6,0,0,100,1,1
2026-08-07T22:21:45.267123,89.718,40,-6,0,0,100,1,1
2026-08-07T22:21:45.289942,89.741,40,-6,0,0,100,1,1
2026-08-07T22:21:45.323799,89.775,40,-6,0,0,100,1,1
2026-08-07T22:21:45.345579,89.797,40,-7,0,0,100,1,1
2026-08-07T22:21:45.366989,89.818,39,-6,0,0,100,1,1
2026-08-07T22:21:45.388615,89.840,40,-6,0,0,100,1,1
2026-08-07T22:21:45.412470,89.864,39,-6,0,0,100,1,1
2026-08-07T22:21:45.444701,89.896,40,-6,0,0,100,1,1
2026-08-07T22:21:45.467710,89.919,39,-6,0,0,100,1,1
2026-08-07T22:21:45.489459,89.941,40,-6,0,0,100,1,1
2026-08-07T22:21:45.510715,89.962,40,-6,0,0,100,1,1
2026-08-07T22:21:45.535009,89.986,40,-6,0,0,100,1,1
2026-08-07T22:21:45.567008,90.018,40,-6,0,0,100,1,1
2026-08-07T22:21:45.589003,90.040,39,-6,0,0,100,1,1
2026-08-07T22:21:45.611737,90.063,39,-6,0,0,100,1,1
2026-08-07T22:21:45.633185,90.084,40,-6,0,0,100,1,1
2026-08-07T22:21:45.656172,90.107,40,-6,0,0,100,1,1
2026-08-07T22:21:45.691503,90.143,40,-7,0,0,100,1,1
2026-08-07T22:21:45.712852,90.164,39,-6,0,0,100,1,1
2026-08-07T22:21:45.734527,90.186,39,-6,0,0,100,1,1
2026-08-07T22:21:45.757747,90.209,40,-6,0,0,100,1,1
2026-08-07T22:21:45.780177,90.231,40,-6,0,0,100,1,1
2026-08-07T22:21:45.813994,90.265,40,-6,0,0,100,1,1
2026-08-07T22:21:45.835620,90.287,40,-6,0,0,100,1,1
2026-08-07T22:21:45.857490,90.309,40,-6,0,0,100,1,1
2026-08-07T22:21:45.878974,90.330,39,-6,0,0,100,1,1
2026-08-07T22:21:45.903233,90.354,39,-6,0,0,100,1,1
2026-08-07T22:21:45.935041,90.386,40,-6,0,0,100,1,1
2026-08-07T22:21:45.958115,90.409,40,-6,0,0,100,1,1
2026-08-07T22:21:45.979829,90.431,40,-6,0,0,100,1,1
2026-08-07T22:21:46.001064,90.452,39,-6,0,0,100,1,1
2026-08-07T22:21:46.026696,90.478,40,-7,0,0,100,1,1
2026-08-07T22:21:46.057671,90.509,39,-6,0,0,100,1,1
2026-08-07T22:21:46.079169,90.530,40,-6,0,0,100,1,1
2026-08-07T22:21:46.102297,90.554,39,-6,0,0,100,1,1
2026-08-07T22:21:46.123736,90.575,40,-6,0,0,100,1,1
2026-08-07T22:21:46.146287,90.598,40,-6,0,0,100,1,1
2026-08-07T22:21:46.181666,90.633,40,-7,0,0,100,1,1
2026-08-07T22:21:46.203222,90.655,40,-6,0,0,100,1,1
2026-08-07T22:21:46.224969,90.676,40,-6,0,0,100,1,1
2026-08-07T22:21:46.248345,90.700,39,-6,0,0,100,1,1
2026-08-07T22:21:46.270912,90.722,40,-6,0,0,100,1,1
2026-08-07T22:21:46.304458,90.756,39,-6,0,0,100,1,1
2026-08-07T22:21:46.326222,90.777,40,-6,0,0,100,1,1
2026-08-07T22:21:46.347959,90.799,39,-6,0,0,100,1,1
2026-08-07T22:21:46.368911,90.820,40,-6,0,0,100,1,1
2026-08-07T22:21:46.393378,90.845,40,-6,0,0,100,1,1
2026-08-07T22:21:46.425497,90.877,39,-6,0,0,100,1,1
2026-08-07T22:21:46.448472,90.900,40,-6,0,0,100,1,1
2026-08-07T22:21:46.470039,90.921,40,-6,0,0,100,1,1
2026-08-07T22:21:46.491497,90.943,39,-6,0,0,100,1,1
2026-08-07T22:21:46.515600,90.967,39,-6,0,0,100,1,1
2026-08-07T22:21:46.547997,90.999,40,-6,0,0,100,1,1
2026-08-07T22:21:46.569761,91.021,39,-6,0,0,100,1,1
2026-08-07T22:21:46.592804,91.044,39,-6,0,0,100,1,1
2026-08-07T22:21:46.614171,91.065,40,-7,0,0,100,1,1
2026-08-07T22:21:46.637113,91.088,40,-6,0,0,100,1,1
2026-08-07T22:21:46.671858,91.123,40,-6,0,0,100,1,1
2026-08-07T22:21:46.693579,91.145,40,-6,0,0,100,1,1
2026-08-07T22:21:46.715344,91.167,40,-6,0,0,100,1,1
2026-08-07T22:21:46.738455,91.190,40,-6,0,0,100,1,1
2026-08-07T22:21:46.761151,91.212,39,-6,0,0,100,1,1
2026-08-07T22:21:46.794833,91.246,40,-6,0,0,100,1,1
2026-08-07T22:21:46.816537,91.268,40,-6,0,0,100,1,1
2026-08-07T22:21:46.838360,91.290,40,-6,0,0,100,1,1
2026-08-07T22:21:46.859436,91.311,40,-6,0,0,100,1,1
2026-08-07T22:21:46.883466,91.335,40,-7,0,0,100,1,1
2026-08-07T22:21:46.915726,91.367,40,-6,0,0,100,1,1
2026-08-07T22:21:46.938686,91.390,40,-6,0,0,100,1,1
2026-08-07T22:21:46.960481,91.412,39,-6,0,0,100,1,1
2026-08-07T22:21:46.981967,91.433,40,-6,0,0,100,1,1
2026-08-07T22:21:47.006191,91.457,39,-6,0,0,100,1,1
2026-08-07T22:21:47.038134,91.489,40,-7,0,0,100,1,1
2026-08-07T22:21:47.060019,91.511,40,-7,0,0,100,1,1
2026-08-07T22:21:47.083032,91.534,40,-6,0,0,100,1,1
2026-08-07T22:21:47.104448,91.556,40,-6,0,0,100,1,1
2026-08-07T22:21:47.127185,91.578,40,-6,0,0,100,1,1
2026-08-07T22:21:47.162602,91.614,39,-6,0,0,100,1,1
2026-08-07T22:21:47.184094,91.635,40,-6,0,0,100,1,1
2026-08-07T22:21:47.205592,91.657,39,-6,0,0,100,1,1
2026-08-07T22:21:47.228681,91.680,40,-6,0,0,100,1,1
2026-08-07T22:21:47.251347,91.703,39,-6,0,0,100,1,1
2026-08-07T22:21:47.285256,91.736,40,-7,0,0,100,1,1
2026-08-07T22:21:47.306804,91.758,40,-7,0,0,100,1,1
2026-08-07T22:21:47.328514,91.780,39,-6,0,0,100,1,1
2026-08-07T22:21:47.349952,91.801,40,-6,0,0,100,1,1
2026-08-07T22:21:47.374024,91.825,40,-6,0,0,100,1,1
2026-08-07T22:21:47.406116,91.857,40,-6,0,0,100,1,1
2026-08-07T22:21:47.429018,91.880,39,-6,0,0,100,1,1
2026-08-07T22:21:47.450765,91.902,41,-7,0,0,100,1,1
2026-08-07T22:21:47.472277,91.924,40,-6,0,0,100,1,1
2026-08-07T22:21:47.496581,91.948,40,-6,0,0,100,1,1
2026-08-07T22:21:47.528795,91.980,40,-6,0,0,100,1,1
2026-08-07T22:21:47.550456,92.002,39,-6,0,0,100,1,1
2026-08-07T22:21:47.573469,92.025,39,-6,0,0,100,1,1
2026-08-07T22:21:47.595037,92.046,39,-6,0,0,100,1,1
2026-08-07T22:21:47.617486,92.069,40,-6,0,0,100,1,1
2026-08-07T22:21:47.653039,92.104,39,-6,0,0,100,1,1
2026-08-07T22:21:47.674605,92.126,39,-6,0,0,100,1,1
2026-08-07T22:21:47.696288,92.148,39,-6,0,0,100,1,1
2026-08-07T22:21:47.719568,92.171,39,-6,0,0,100,1,1
2026-08-07T22:21:47.742033,92.193,40,-6,0,0,100,1,1
2026-08-07T22:21:47.775411,92.227,40,-6,0,0,100,1,1
2026-08-07T22:21:47.797207,92.248,40,-6,0,0,100,1,1
2026-08-07T22:21:47.818981,92.270,40,-7,0,0,100,1,1
2026-08-07T22:21:47.840338,92.292,39,-6,0,0,100,1,1
2026-08-07T22:21:47.864479,92.316,40,-6,0,0,100,1,1
2026-08-07T22:21:47.896711,92.348,39,-6,0,0,100,1,1
2026-08-07T22:21:47.919596,92.371,40,-6,0,0,100,1,1
2026-08-07T22:21:47.941194,92.392,40,-7,0,0,100,1,1
2026-08-07T22:21:47.962825,92.414,40,-7,0,0,100,1,1
2026-08-07T22:21:47.986795,92.438,40,-6,0,0,100,1,1
2026-08-07T22:21:48.019211,92.470,40,-6,0,0,100,1,1
2026-08-07T22:21:48.040779,92.492,39,-6,0,0,100,1,1
2026-08-07T22:21:48.063827,92.515,40,-6,0,0,100,1,1
2026-08-07T22:21:48.085244,92.537,39,-6,0,0,100,1,1
2026-08-07T22:21:48.108056,92.559,40,-6,0,0,100,1,1
2026-08-07T22:21:48.145073,92.596,40,-6,0,0,100,1,1
2026-08-07T22:21:48.167082,92.618,40,-7,0,0,100,1,1
2026-08-07T22:21:48.188549,92.640,39,-6,0,0,100,1,1
2026-08-07T22:21:48.212978,92.664,40,-6,0,0,100,1,1
2026-08-07T22:21:48.234435,92.686,40,-6,0,0,100,1,1
2026-08-07T22:21:48.265937,92.717,40,-6,0,0,100,1,1
2026-08-07T22:21:48.287518,92.739,40,-6,0,0,100,1,1
2026-08-07T22:21:48.309188,92.760,39,-6,0,0,100,1,1
2026-08-07T22:21:48.330644,92.782,41,-7,0,0,100,1,1
2026-08-07T22:21:48.354497,92.806,40,-6,0,0,100,1,1
2026-08-07T22:21:48.386817,92.838,40,-7,0,0,100,1,1
2026-08-07T22:21:48.409806,92.861,39,-6,0,0,100,1,1
2026-08-07T22:21:48.431594,92.883,40,-6,0,0,100,1,1
2026-08-07T22:21:48.453007,92.904,40,-6,0,0,100,1,1
2026-08-07T22:21:48.477273,92.929,40,-6,0,0,100,1,1
2026-08-07T22:21:48.509442,92.961,40,-6,0,0,100,1,1
2026-08-07T22:21:48.531174,92.982,40,-6,0,0,100,1,1
2026-08-07T22:21:48.554326,93.006,40,-6,0,0,100,1,1
2026-08-07T22:21:48.575604,93.027,39,-6,0,0,100,1,1
2026-08-07T22:21:48.598477,93.050,39,-6,0,0,100,1,1
2026-08-07T22:21:48.633736,93.085,39,-6,0,0,100,1,1
2026-08-07T22:21:48.655162,93.106,39,-6,0,0,100,1,1
2026-08-07T22:21:48.676833,93.128,40,-6,0,0,100,1,1
2026-08-07T22:21:48.699874,93.151,39,-6,0,0,100,1,1
2026-08-07T22:21:48.722568,93.174,39,-6,0,0,100,1,1
2026-08-07T22:21:48.756503,93.208,40,-6,0,0,100,1,1
2026-08-07T22:21:48.778024,93.229,40,-6,0,0,100,1,1
2026-08-07T22:21:48.799649,93.251,40,-6,0,0,100,1,1
2026-08-07T22:21:48.821026,93.272,40,-6,0,0,100,1,1
2026-08-07T22:21:48.845209,93.296,40,-6,0,0,100,1,1
2026-08-07T22:21:48.877107,93.328,40,-6,0,0,100,1,1
2026-08-07T22:21:48.900350,93.352,40,-7,0,0,100,1,1
2026-08-07T22:21:48.921972,93.373,39,-6,0,0,100,1,1
2026-08-07T22:21:48.943297,93.395,40,-6,0,0,100,1,1
2026-08-07T22:21:48.967683,93.419,39,-6,0,0,100,1,1
2026-08-07T22:21:49.000143,93.451,40,-6,0,0,100,1,1
2026-08-07T22:21:49.021450,93.473,40,-6,0,0,100,1,1
2026-08-07T22:21:49.044522,93.496,40,-6,0,0,100,1,1
2026-08-07T22:21:49.066046,93.517,40,-6,0,0,100,1,1
2026-08-07T22:21:49.088738,93.540,40,-6,0,0,100,1,1
2026-08-07T22:21:49.124132,93.575,40,-6,0,0,100,1,1
2026-08-07T22:21:49.145688,93.597,40,-7,0,0,100,1,1
2026-08-07T22:21:49.167329,93.619,39,-6,0,0,100,1,1
2026-08-07T22:21:49.190678,93.642,39,-6,0,0,100,1,1
2026-08-07T22:21:49.213008,93.664,39,-6,0,0,100,1,1
2026-08-07T22:21:49.246464,93.698,40,-6,0,0,100,1,1
2026-08-07T22:21:49.268408,93.720,39,-6,0,0,100,1,1
2026-08-07T22:21:49.290071,93.741,40,-7,0,0,100,1,1
2026-08-07T22:21:49.311460,93.763,40,-6,0,0,100,1,1
2026-08-07T22:21:49.335831,93.787,40,-6,0,0,100,1,1
2026-08-07T22:21:49.367784,93.819,40,-6,0,0,100,1,1
2026-08-07T22:21:49.390793,93.842,40,-6,0,0,100,1,1
2026-08-07T22:21:49.412548,93.864,39,-6,0,0,100,1,1
2026-08-07T22:21:49.433828,93.885,39,-6,0,0,100,1,1
2026-08-07T22:21:49.458103,93.909,39,-6,0,0,100,1,1
2026-08-07T22:21:49.490350,93.942,40,-6,0,0,100,1,1
2026-08-07T22:21:49.511684,93.963,39,-6,0,0,100,1,1
2026-08-07T22:21:49.535075,93.986,40,-6,0,0,100,1,1
2026-08-07T22:21:49.556501,94.008,40,-6,0,0,100,1,1
2026-08-07T22:21:49.579307,94.031,40,-6,0,0,100,1,1
2026-08-07T22:21:49.614035,94.065,40,-6,0,0,100,1,1
2026-08-07T22:21:49.635880,94.087,39,-6,0,0,100,1,1
2026-08-07T22:21:49.657468,94.109,40,-6,0,0,100,1,1
2026-08-07T22:21:49.680558,94.132,40,-6,0,0,100,1,1
2026-08-07T22:21:49.703613,94.155,40,-6,0,0,100,1,1
2026-08-07T22:21:49.737055,94.188,40,-7,0,0,100,1,1
2026-08-07T22:21:49.758720,94.210,40,-6,0,0,100,1,1
2026-08-07T22:21:49.780526,94.232,39,-6,0,0,100,1,1
2026-08-07T22:21:49.801834,94.253,39,-6,0,0,100,1,1
2026-08-07T22:21:49.825948,94.277,40,-6,0,0,100,1,1
2026-08-07T22:21:49.858184,94.309,39,-6,0,0,100,1,1
2026-08-07T22:21:49.880881,94.332,40,-6,0,0,100,1,1
2026-08-07T22:21:49.902915,94.354,40,-6,0,0,100,1,1
2026-08-07T22:21:49.924054,94.375,40,-6,0,0,100,1,1
2026-08-07T22:21:49.948466,94.400,40,-6,0,0,100,1,1
2026-08-07T22:21:49.980579,94.432,39,-6,0,0,100,1,1
2026-08-07T22:21:50.002248,94.453,39,-6,0,0,100,1,1
2026-08-07T22:21:50.025252,94.477,40,-6,0,0,100,1,1
2026-08-07T22:21:50.046804,94.498,40,-6,0,0,100,1,1
2026-08-07T22:21:50.069655,94.521,39,-6,0,0,100,1,1
2026-08-07T22:21:50.104785,94.556,40,-6,0,0,100,1,1
2026-08-07T22:21:50.126330,94.578,40,-7,0,0,100,1,1
2026-08-07T22:21:50.147840,94.599,40,-6,0,0,100,1,1
2026-08-07T22:21:50.171027,94.622,40,-6,0,0,100,1,1
2026-08-07T22:21:50.193600,94.645,40,-6,0,0,100,1,1
2026-08-07T22:21:50.227413,94.679,39,-6,0,0,100,1,1
2026-08-07T22:21:50.249046,94.700,39,-6,0,0,100,1,1
2026-08-07T22:21:50.272139,94.723,39,-6,0,0,100,1,1
2026-08-07T22:21:50.293560,94.745,40,-6,0,0,100,1,1
2026-08-07T22:21:50.317726,94.769,39,-6,0,0,100,1,1
2026-08-07T22:21:50.348403,94.800,40,-6,0,0,100,1,1
2026-08-07T22:21:50.371524,94.823,40,-6,0,0,100,1,1
2026-08-07T22:21:50.393102,94.844,40,-6,0,0,100,1,1
2026-08-07T22:21:50.414573,94.866,40,-6,0,0,100,1,1
2026-08-07T22:21:50.438711,94.890,40,-6,0,0,100,1,1
2026-08-07T22:21:50.471102,94.922,39,-6,0,0,100,1,1
2026-08-07T22:21:50.492677,94.944,39,-6,0,0,100,1,1
2026-08-07T22:21:50.515788,94.967,40,-7,0,0,100,1,1
2026-08-07T22:21:50.537242,94.988,40,-7,0,0,100,1,1
2026-08-07T22:21:50.559801,95.011,40,-6,0,0,100,1,1
2026-08-07T22:21:50.595062,95.046,40,-6,0,0,100,1,1
2026-08-07T22:21:50.616573,95.068,40,-6,0,0,100,1,1
2026-08-07T22:21:50.638566,95.090,40,-6,0,0,100,1,1
2026-08-07T22:21:50.661852,95.113,41,-7,0,0,100,1,1
2026-08-07T22:21:50.684240,95.135,40,-6,0,0,100,1,1
2026-08-07T22:21:50.717715,95.169,39,-6,0,0,100,1,1
2026-08-07T22:21:50.739485,95.191,39,-6,0,0,100,1,1
2026-08-07T22:21:50.761539,95.213,40,-6,0,0,100,1,1
2026-08-07T22:21:50.782653,95.234,39,-6,0,0,100,1,1
2026-08-07T22:21:50.806856,95.258,39,-6,0,0,100,1,1
2026-08-07T22:21:50.838837,95.290,39,-6,0,0,100,1,1
2026-08-07T22:21:50.861927,95.313,40,-6,0,0,100,1,1
2026-08-07T22:21:50.883526,95.335,39,-6,0,0,100,1,1
2026-08-07T22:21:50.904979,95.356,40,-6,0,0,100,1,1
2026-08-07T22:21:50.929163,95.380,39,-6,0,0,100,1,1
2026-08-07T22:21:50.961467,95.413,40,-6,0,0,100,1,1
2026-08-07T22:21:50.982961,95.434,40,-6,0,0,100,1,1
2026-08-07T22:21:51.006299,95.458,39,-6,0,0,100,1,1
2026-08-07T22:21:51.027426,95.479,40,-6,0,0,100,1,1
2026-08-07T22:21:51.050238,95.501,39,-6,0,0,100,1,1
2026-08-07T22:21:51.085148,95.536,39,-6,0,0,100,1,1
2026-08-07T22:21:51.107036,95.558,40,-6,0,0,100,1,1
2026-08-07T22:21:51.128889,95.580,40,-7,0,0,100,1,1
2026-08-07T22:21:51.151889,95.603,40,-6,0,0,100,1,1
2026-08-07T22:21:51.174504,95.626,39,-6,0,0,100,1,1
2026-08-07T22:21:51.208215,95.659,39,-6,0,0,100,1,1
2026-08-07T22:21:51.230035,95.681,39,-6,0,0,100,1,1
2026-08-07T22:21:51.251445,95.703,39,-6,0,0,100,1,1
2026-08-07T22:21:51.272991,95.724,40,-6,0,0,100,1,1
2026-08-07T22:21:51.297000,95.748,40,-6,0,0,100,1,1
2026-08-07T22:21:51.329144,95.780,40,-6,0,0,100,1,1
2026-08-07T22:21:51.352083,95.803,39,-6,0,0,100,1,1
2026-08-07T22:21:51.374013,95.825,40,-7,0,0,100,1,1
2026-08-07T22:21:51.395197,95.846,40,-6,0,0,100,1,1
2026-08-07T22:21:51.419467,95.871,40,-6,0,0,100,1,1
2026-08-07T22:21:51.452011,95.903,41,-7,0,0,100,1,1
2026-08-07T22:21:51.473577,95.925,40,-6,0,0,100,1,1
2026-08-07T22:21:51.496561,95.948,40,-6,0,0,100,1,1
2026-08-07T22:21:51.517917,95.969,40,-6,0,0,100,1,1
2026-08-07T22:21:51.540786,95.992,40,-6,0,0,100,1,1
2026-08-07T22:21:51.575716,96.027,39,-6,0,0,100,1,1
2026-08-07T22:21:51.597306,96.049,39,-6,0,0,100,1,1
2026-08-07T22:21:51.618958,96.070,39,-6,0,0,100,1,1
2026-08-07T22:21:51.642172,96.093,39,-6,0,0,100,1,1
2026-08-07T22:21:51.664862,96.116,39,-6,0,0,100,1,1
2026-08-07T22:21:51.698501,96.150,40,-6,0,0,100,1,1
2026-08-07T22:21:51.720130,96.171,40,-6,0,0,100,1,1
2026-08-07T22:21:51.742064,96.193,40,-6,0,0,100,1,1
2026-08-07T22:21:51.763215,96.215,39,-6,0,0,100,1,1
2026-08-07T22:21:51.787446,96.239,40,-6,0,0,100,1,1
2026-08-07T22:21:51.819459,96.271,40,-7,0,0,100,1,1
2026-08-07T22:21:51.842581,96.294,40,-6,0,0,100,1,1
2026-08-07T22:21:51.864211,96.315,40,-6,0,0,100,1,1
2026-08-07T22:21:51.885492,96.337,40,-6,0,0,100,1,1
2026-08-07T22:21:51.909863,96.361,39,-6,0,0,100,1,1
2026-08-07T22:21:51.942120,96.393,40,-7,0,0,100,1,1
2026-08-07T22:21:51.963721,96.415,40,-6,0,0,100,1,1
2026-08-07T22:21:51.986797,96.438,40,-6,0,0,100,1,1
2026-08-07T22:21:52.008246,96.459,40,-6,0,0,100,1,1
2026-08-07T22:21:52.030806,96.482,39,-6,0,0,100,1,1
2026-08-07T22:21:52.066194,96.517,40,-6,0,0,100,1,1
2026-08-07T22:21:52.087796,96.539,40,-6,0,0,100,1,1
2026-08-07T22:21:52.109526,96.561,40,-7,0,0,100,1,1
2026-08-07T22:21:52.133060,96.584,39,-6,0,0,100,1,1
2026-08-07T22:21:52.155256,96.607,40,-6,0,0,100,1,1
2026-08-07T22:21:52.188933,96.640,40,-6,0,0,100,1,1
2026-08-07T22:21:52.210618,96.662,40,-6,0,0,100,1,1
2026-08-07T22:21:52.232273,96.683,40,-6,0,0,100,1,1
2026-08-07T22:21:52.253821,96.705,39,-6,0,0,100,1,1
2026-08-07T22:21:52.277847,96.729,40,-6,0,0,100,1,1
2026-08-07T22:21:52.310118,96.761,39,-6,0,0,100,1,1
2026-08-07T22:21:52.333041,96.784,40,-6,0,0,100,1,1
2026-08-07T22:21:52.354740,96.806,39,-6,0,0,100,1,1
2026-08-07T22:21:52.376040,96.827,40,-6,0,0,100,1,1
2026-08-07T22:21:52.402269,96.853,39,-6,0,0,100,1,1
2026-08-07T22:21:52.432375,96.884,40,-7,0,0,100,1,1
2026-08-07T22:21:52.454173,96.905,40,-6,0,0,100,1,1
2026-08-07T22:21:52.477209,96.928,40,-6,0,0,100,1,1
2026-08-07T22:21:52.498827,96.950,40,-6,0,0,100,1,1
2026-08-07T22:21:52.521379,96.973,40,-6,0,0,100,1,1
2026-08-07T22:21:52.556821,97.008,40,-6,0,0,100,1,1
2026-08-07T22:21:52.578163,97.029,39,-6,0,0,100,1,1
2026-08-07T22:21:52.600328,97.052,41,-7,0,0,100,1,1
2026-08-07T22:21:52.623553,97.075,41,-7,0,0,100,1,1
2026-08-07T22:21:52.645799,97.097,40,-6,0,0,100,1,1
2026-08-07T22:21:52.679518,97.131,39,-6,0,0,100,1,1
2026-08-07T22:21:52.701013,97.152,39,-6,0,0,100,1,1
2026-08-07T22:21:52.723835,97.175,39,-6,0,0,100,1,1
2026-08-07T22:21:52.745443,97.197,39,-6,0,0,100,1,1
2026-08-07T22:21:52.768156,97.219,40,-6,0,0,100,1,1
2026-08-07T22:21:52.800327,97.252,40,-6,0,0,100,1,1
2026-08-07T22:21:52.823196,97.274,40,-6,0,0,100,1,1
2026-08-07T22:21:52.845021,97.296,40,-6,0,0,100,1,1
2026-08-07T22:21:52.866387,97.318,40,-6,0,0,100,1,1
2026-08-07T22:21:52.890710,97.342,40,-6,0,0,100,1,1
2026-08-07T22:21:52.922942,97.374,40,-7,0,0,100,1,1
2026-08-07T22:21:52.944637,97.396,40,-6,0,0,100,1,1
2026-08-07T22:21:52.967579,97.419,40,-6,0,0,100,1,1
2026-08-07T22:21:52.989009,97.440,39,-6,0,0,100,1,1
2026-08-07T22:21:53.012047,97.463,39,-6,0,0,100,1,1
2026-08-07T22:21:53.047063,97.498,40,-6,0,0,100,1,1
2026-08-07T22:21:53.068586,97.520,40,-6,0,0,100,1,1
2026-08-07T22:21:53.090129,97.541,39,-6,0,0,100,1,1
2026-08-07T22:21:53.113302,97.564,40,-6,0,0,100,1,1
2026-08-07T22:21:53.136069,97.587,39,-6,0,0,100,1,1
2026-08-07T22:21:53.169570,97.621,40,-6,0,0,100,1,1
2026-08-07T22:21:53.191382,97.643,39,-6,0,0,100,1,1
2026-08-07T22:21:53.213192,97.664,40,-6,0,0,100,1,1
2026-08-07T22:21:53.234403,97.686,40,-6,0,0,100,1,1
2026-08-07T22:21:53.258504,97.710,39,-6,0,0,100,1,1
2026-08-07T22:21:53.290574,97.742,40,-7,0,0,100,1,1
2026-08-07T22:21:53.313597,97.765,39,-6,0,0,100,1,1
2026-08-07T22:21:53.335461,97.787,39,-6,0,0,100,1,1
2026-08-07T22:21:53.356874,97.808,40,-6,0,0,100,1,1
2026-08-07T22:21:53.381138,97.832,39,-6,0,0,100,1,1
2026-08-07T22:21:53.413243,97.864,39,-6,0,0,100,1,1
2026-08-07T22:21:53.434901,97.886,40,-6,0,0,100,1,1
2026-08-07T22:21:53.457984,97.909,39,-6,0,0,100,1,1
2026-08-07T22:21:53.479475,97.931,40,-7,0,0,100,1,1
2026-08-07T22:21:53.502202,97.953,39,-6,0,0,100,1,1
2026-08-07T22:21:53.537350,97.989,40,-6,0,0,100,1,1
2026-08-07T22:21:53.558978,98.010,40,-7,0,0,100,1,1
2026-08-07T22:21:53.580835,98.032,40,-6,0,0,100,1,1
2026-08-07T22:21:53.603940,98.055,40,-7,0,0,100,1,1
2026-08-07T22:21:53.626449,98.078,40,-6,0,0,100,1,1
2026-08-07T22:21:53.659897,98.111,39,-6,0,0,100,1,1
2026-08-07T22:21:53.681612,98.133,40,-6,0,0,100,1,1
2026-08-07T22:21:53.703502,98.155,40,-6,0,0,100,1,1
2026-08-07T22:21:53.724596,98.176,40,-6,0,0,100,1,1
2026-08-07T22:21:53.749207,98.200,40,-7,0,0,100,1,1
2026-08-07T22:21:53.781092,98.232,40,-7,0,0,100,1,1
2026-08-07T22:21:53.804104,98.255,40,-7,0,0,100,1,1
2026-08-07T22:21:53.825729,98.277,40,-6,0,0,100,1,1
2026-08-07T22:21:53.847107,98.298,40,-6,0,0,100,1,1
2026-08-07T22:21:53.871330,98.323,40,-6,0,0,100,1,1
2026-08-07T22:21:53.903855,98.355,40,-6,0,0,100,1,1
2026-08-07T22:21:53.925443,98.377,40,-7,0,0,100,1,1
2026-08-07T22:21:53.948634,98.400,41,-7,0,0,100,1,1
2026-08-07T22:21:53.970014,98.421,40,-6,0,0,100,1,1
2026-08-07T22:21:53.992636,98.444,40,-6,0,0,100,1,1
2026-08-07T22:21:54.027526,98.479,40,-6,0,0,100,1,1
2026-08-07T22:21:54.049212,98.500,40,-7,0,0,100,1,1
2026-08-07T22:21:54.070935,98.522,40,-7,0,0,100,1,1
2026-08-07T22:21:54.093964,98.545,40,-6,0,0,100,1,1
2026-08-07T22:21:54.116790,98.568,40,-7,0,0,100,1,1
2026-08-07T22:21:54.150458,98.602,40,-6,0,0,100,1,1
2026-08-07T22:21:54.172057,98.623,40,-7,0,0,100,1,1
2026-08-07T22:21:54.193780,98.645,40,-6,0,0,100,1,1
2026-08-07T22:21:54.215128,98.666,40,-6,0,0,100,1,1
2026-08-07T22:21:54.239115,98.690,39,-6,0,0,100,1,1
2026-08-07T22:21:54.271487,98.723,40,-6,0,0,100,1,1
2026-08-07T22:21:54.294390,98.746,39,-6,0,0,100,1,1
2026-08-07T22:21:54.316281,98.768,39,-6,0,0,100,1,1
2026-08-07T22:21:54.337651,98.789,40,-6,0,0,100,1,1
2026-08-07T22:21:54.361789,98.813,40,-6,0,0,100,1,1
2026-08-07T22:21:54.393928,98.845,40,-6,0,0,100,1,1
2026-08-07T22:21:54.415647,98.867,40,-6,0,0,100,1,1
2026-08-07T22:21:54.438914,98.890,40,-6,0,0,100,1,1
2026-08-07T22:21:54.460065,98.911,40,-6,0,0,100,1,1
2026-08-07T22:21:54.483076,98.934,40,-6,0,0,100,1,1
2026-08-07T22:21:54.519278,98.971,39,-6,0,0,100,1,1
2026-08-07T22:21:54.541044,98.992,39,-6,0,0,100,1,1
2026-08-07T22:21:54.562641,99.014,39,-6,0,0,100,1,1
2026-08-07T22:21:54.586542,99.038,40,-6,0,0,100,1,1
2026-08-07T22:21:54.608165,99.059,39,-6,0,0,100,1,1
2026-08-07T22:21:54.640783,99.092,40,-6,0,0,100,1,1
2026-08-07T22:21:54.662259,99.114,40,-7,0,0,100,1,1
2026-08-07T22:21:54.684307,99.136,41,-7,0,0,100,1,1
2026-08-07T22:21:54.705728,99.157,40,-6,0,0,100,1,1
2026-08-07T22:21:54.729689,99.181,41,-7,0,0,100,1,1
2026-08-07T22:21:54.761589,99.213,39,-6,0,0,100,1,1
2026-08-07T22:21:54.784669,99.236,40,-6,0,0,100,1,1
2026-08-07T22:21:54.806518,99.258,40,-6,0,0,100,1,1
2026-08-07T22:21:54.827788,99.279,39,-6,0,0,100,1,1
2026-08-07T22:21:54.851908,99.303,40,-6,0,0,100,1,1
2026-08-07T22:21:54.884276,99.336,40,-6,0,0,100,1,1
2026-08-07T22:21:54.906045,99.357,40,-6,0,0,100,1,1
2026-08-07T22:21:54.928976,99.380,40,-6,0,0,100,1,1
2026-08-07T22:21:54.950468,99.402,40,-7,0,0,100,1,1
2026-08-07T22:21:54.973033,99.424,40,-6,0,0,100,1,1
2026-08-07T22:21:55.008429,99.460,40,-6,0,0,100,1,1
2026-08-07T22:21:55.030109,99.481,40,-6,0,0,100,1,1
2026-08-07T22:21:55.051894,99.503,40,-6,0,0,100,1,1
2026-08-07T22:21:55.075235,99.526,40,-6,0,0,100,1,1
2026-08-07T22:21:55.097691,99.549,39,-6,0,0,100,1,1
2026-08-07T22:21:55.131132,99.582,40,-6,0,0,100,1,1
2026-08-07T22:21:55.152907,99.604,40,-6,0,0,100,1,1
2026-08-07T22:21:55.174570,99.626,40,-6,0,0,100,1,1
2026-08-07T22:21:55.195941,99.647,40,-6,0,0,100,1,1
2026-08-07T22:21:55.220190,99.671,39,-6,0,0,100,1,1
2026-08-07T22:21:55.252105,99.703,39,-6,0,0,100,1,1
2026-08-07T22:21:55.275324,99.727,40,-6,0,0,100,1,1
2026-08-07T22:21:55.296870,99.748,40,-7,0,0,100,1,1
2026-08-07T22:21:55.318488,99.770,40,-6,0,0,100,1,1
2026-08-07T22:21:55.342562,99.794,40,-7,0,0,100,1,1
2026-08-07T22:21:55.374856,99.826,39,-6,0,0,100,1,1
2026-08-07T22:21:55.396283,99.848,39,-6,0,0,100,1,1
2026-08-07T22:21:55.419697,99.871,39,-6,0,0,100,1,1
2026-08-07T22:21:55.441199,99.892,40,-6,0,0,100,1,1
2026-08-07T22:21:55.463817,99.915,41,-7,0,0,100,1,1
2026-08-07T22:21:55.498551,99.950,40,-6,0,0,100,1,1
2026-08-07T22:21:55.520373,99.972,39,-6,0,0,100,1,1
2026-08-07T22:21:55.542053,99.993,39,-6,0,0,100,1,1
2026-08-07T22:21:55.565021,100.016,40,-7,0,0,100,1,1
2026-08-07T22:21:55.587864,100.039,40,-6,0,0,100,1,1
2026-08-07T22:21:55.621459,100.073,40,-6,0,0,100,1,1
2026-08-07T22:21:55.643294,100.095,40,-6,0,0,100,1,1
2026-08-07T22:21:55.664972,100.116,40,-6,0,0,100,1,1
2026-08-07T22:21:55.686257,100.138,39,-6,0,0,100,1,1
2026-08-07T22:21:55.710260,100.162,39,-6,0,0,100,1,1
2026-08-07T22:21:55.742420,100.194,40,-7,0,0,100,1,1
2026-08-07T22:21:55.765705,100.217,40,-7,0,0,100,1,1
2026-08-07T22:21:55.787392,100.239,40,-6,0,0,100,1,1
2026-08-07T22:21:55.808911,100.260,40,-6,0,0,100,1,1
2026-08-07T22:21:55.833170,100.284,40,-6,0,0,100,1,1
2026-08-07T22:21:55.864988,100.316,39,-6,0,0,100,1,1
2026-08-07T22:21:55.886725,100.338,39,-6,0,0,100,1,1
2026-08-07T22:21:55.909823,100.361,39,-6,0,0,100,1,1
2026-08-07T22:21:55.931239,100.382,39,-6,0,0,100,1,1
2026-08-07T22:21:55.954108,100.405,40,-6,0,0,100,1,1
2026-08-07T22:21:55.989106,100.440,40,-6,0,0,100,1,1
2026-08-07T22:21:56.010680,100.462,40,-6,0,0,100,1,1
2026-08-07T22:21:56.032296,100.484,40,-6,0,0,100,1,1
2026-08-07T22:21:56.055653,100.507,40,-6,0,0,100,1,1
2026-08-07T22:21:56.078139,100.529,40,-7,0,0,100,1,1
2026-08-07T22:21:56.112004,100.563,39,-6,0,0,100,1,1
2026-08-07T22:21:56.133637,100.585,40,-6,0,0,100,1,1
2026-08-07T22:21:56.155442,100.607,40,-6,0,0,100,1,1
2026-08-07T22:21:56.176812,100.628,40,-6,0,0,100,1,1
2026-08-07T22:21:56.200802,100.652,40,-6,0,0,100,1,1
2026-08-07T22:21:56.232703,100.684,39,-6,0,0,100,1,1
2026-08-07T22:21:56.256013,100.707,40,-6,0,0,100,1,1
2026-08-07T22:21:56.277869,100.729,40,-7,0,0,100,1,1
2026-08-07T22:21:56.298978,100.750,40,-6,0,0,100,1,1
2026-08-07T22:21:56.323415,100.775,41,-7,0,0,100,1,1
2026-08-07T22:21:56.355464,100.807,40,-6,0,0,100,1,1
2026-08-07T22:21:56.377086,100.828,39,-6,0,0,100,1,1
2026-08-07T22:21:56.400190,100.851,39,-6,0,0,100,1,1
2026-08-07T22:21:56.421658,100.873,40,-6,0,0,100,1,1
2026-08-07T22:21:56.444218,100.895,40,-6,0,0,100,1,1
2026-08-07T22:21:56.479765,100.931,40,-7,0,0,100,1,1
2026-08-07T22:21:56.501219,100.952,40,-6,0,0,100,1,1
2026-08-07T22:21:56.523108,100.974,40,-6,0,0,100,1,1
2026-08-07T22:21:56.546387,100.998,39,-6,0,0,100,1,1
2026-08-07T22:21:56.568678,101.020,40,-7,0,0,100,1,1
2026-08-07T22:21:56.602127,101.053,40,-7,0,0,100,1,1
2026-08-07T22:21:56.624125,101.075,40,-6,0,0,100,1,1
2026-08-07T22:21:56.647904,101.099,39,-6,0,0,100,1,1
2026-08-07T22:21:56.672074,101.123,40,-6,0,0,100,1,1
2026-08-07T22:21:56.693616,101.145,40,-6,0,0,100,1,1
2026-08-07T22:21:56.723469,101.175,41,-7,0,0,100,1,1
2026-08-07T22:21:56.746510,101.198,40,-6,0,0,100,1,1
2026-08-07T22:21:56.768002,101.219,40,-6,0,0,100,1,1
2026-08-07T22:21:56.789611,101.241,40,-7,0,0,100,1,1
2026-08-07T22:21:56.813695,101.265,39,-6,0,0,100,1,1
2026-08-07T22:21:56.846032,101.297,39,-6,0,0,100,1,1
2026-08-07T22:21:56.867400,101.319,40,-6,0,0,100,1,1
2026-08-07T22:21:56.890716,101.342,40,-6,0,0,100,1,1
2026-08-07T22:21:56.913058,101.364,40,-6,0,0,100,1,1
2026-08-07T22:21:56.935592,101.387,40,-6,0,0,100,1,1
2026-08-07T22:21:56.970094,101.421,40,-6,0,0,100,1,1
2026-08-07T22:21:56.992032,101.443,40,-6,0,0,100,1,1
2026-08-07T22:21:57.013866,101.465,40,-6,0,0,100,1,1
2026-08-07T22:21:57.037285,101.489,40,-6,0,0,100,1,1
2026-08-07T22:21:57.059274,101.511,39,-6,0,0,100,1,1
2026-08-07T22:21:57.092901,101.544,39,-6,0,0,100,1,1
2026-08-07T22:21:57.114391,101.566,40,-6,0,0,100,1,1
2026-08-07T22:21:57.136212,101.587,40,-6,0,0,100,1,1
2026-08-07T22:21:57.157637,101.609,40,-6,0,0,100,1,1
2026-08-07T22:21:57.181326,101.633,40,-6,0,0,100,1,1
2026-08-07T22:21:57.214022,101.665,40,-7,0,0,100,1,1
2026-08-07T22:21:57.236828,101.688,39,-6,0,0,100,1,1
2026-08-07T22:21:57.258351,101.710,40,-6,0,0,100,1,1
2026-08-07T22:21:57.279908,101.731,39,-6,0,0,100,1,1
2026-08-07T22:21:57.304120,101.755,40,-6,0,0,100,1,1
2026-08-07T22:21:57.336363,101.788,40,-6,0,0,100,1,1
2026-08-07T22:21:57.357911,101.809,40,-6,0,0,100,1,1
2026-08-07T22:21:57.381050,101.832,39,-6,0,0,100,1,1
2026-08-07T22:21:57.402514,101.854,39,-6,0,0,100,1,1
2026-08-07T22:21:57.425205,101.876,39,-6,0,0,100,1,1
2026-08-07T22:21:57.460285,101.912,40,-6,0,0,100,1,1
2026-08-07T22:21:57.481977,101.933,40,-6,0,0,100,1,1
2026-08-07T22:21:57.503655,101.955,40,-7,0,0,100,1,1
2026-08-07T22:21:57.526778,101.978,41,-7,0,0,100,1,1
2026-08-07T22:21:57.549307,102.001,40,-6,0,0,100,1,1
2026-08-07T22:21:57.582957,102.034,40,-7,0,0,100,1,1
2026-08-07T22:21:57.604608,102.056,40,-7,0,0,100,1,1
2026-08-07T22:21:57.626501,102.078,39,-6,0,0,100,1,1
2026-08-07T22:21:57.647838,102.099,40,-6,0,0,100,1,1
2026-08-07T22:21:57.672077,102.123,40,-6,0,0,100,1,1
2026-08-07T22:21:57.703897,102.155,40,-6,0,0,100,1,1
2026-08-07T22:21:57.726969,102.178,40,-6,0,0,100,1,1
2026-08-07T22:21:57.748759,102.200,40,-6,0,0,100,1,1
2026-08-07T22:21:57.770021,102.221,40,-6,0,0,100,1,1
2026-08-07T22:21:57.794364,102.246,40,-6,0,0,100,1,1
2026-08-07T22:21:57.826758,102.278,39,-6,0,0,100,1,1
2026-08-07T22:21:57.848191,102.299,39,-6,0,0,100,1,1
2026-08-07T22:21:57.871284,102.323,39,-6,0,0,100,1,1
2026-08-07T22:21:57.892747,102.344,40,-6,0,0,100,1,1
2026-08-07T22:21:57.915480,102.367,40,-6,0,0,100,1,1
2026-08-07T22:21:57.950664,102.402,40,-6,0,0,100,1,1
2026-08-07T22:21:57.972249,102.424,40,-6,0,0,100,1,1
2026-08-07T22:21:57.994077,102.445,40,-7,0,0,100,1,1
2026-08-07T22:21:58.016982,102.468,40,-6,0,0,100,1,1
2026-08-07T22:21:58.039892,102.491,41,-7,0,0,100,1,1
2026-08-07T22:21:58.073208,102.524,40,-6,0,0,100,1,1
2026-08-07T22:21:58.095002,102.546,40,-7,0,0,100,1,1
2026-08-07T22:21:58.116710,102.568,40,-6,0,0,100,1,1
2026-08-07T22:21:58.138334,102.590,40,-6,0,0,100,1,1
2026-08-07T22:21:58.162586,102.614,40,-6,0,0,100,1,1
2026-08-07T22:21:58.194462,102.646,39,-6,0,0,100,1,1
2026-08-07T22:21:58.217493,102.669,40,-6,0,0,100,1,1
2026-08-07T22:21:58.239250,102.690,39,-6,0,0,100,1,1
2026-08-07T22:21:58.260555,102.712,40,-6,0,0,100,1,1
2026-08-07T22:21:58.284647,102.736,39,-6,0,0,100,1,1
2026-08-07T22:21:58.316960,102.768,39,-6,0,0,100,1,1
2026-08-07T22:21:58.338444,102.790,39,-6,0,0,100,1,1
2026-08-07T22:21:58.361836,102.813,39,-6,0,0,100,1,1
2026-08-07T22:21:58.383132,102.834,40,-7,0,0,100,1,1
2026-08-07T22:21:58.406002,102.857,39,-6,0,0,100,1,1
2026-08-07T22:21:58.440959,102.892,39,-6,0,0,100,1,1
2026-08-07T22:21:58.462765,102.914,40,-6,0,0,100,1,1
2026-08-07T22:21:58.484519,102.936,39,-6,0,0,100,1,1
2026-08-07T22:21:58.507436,102.959,39,-6,0,0,100,1,1
2026-08-07T22:21:58.530017,102.981,40,-7,0,0,100,1,1
2026-08-07T22:21:58.563683,103.015,39,-6,0,0,100,1,1
2026-08-07T22:21:58.585562,103.037,39,-6,0,0,100,1,1
2026-08-07T22:21:58.607280,103.059,39,-6,0,0,100,1,1
2026-08-07T22:21:58.628759,103.080,40,-6,0,0,100,1,1
2026-08-07T22:21:58.652769,103.104,40,-6,0,0,100,1,1
2026-08-07T22:21:58.684714,103.136,40,-6,0,0,100,1,1
2026-08-07T22:21:58.707806,103.159,39,-6,0,0,100,1,1
2026-08-07T22:21:58.729699,103.181,39,-6,0,0,100,1,1
2026-08-07T22:21:58.752194,103.203,40,-6,0,0,100,1,1
2026-08-07T22:21:58.775502,103.227,40,-6,0,0,100,1,1
2026-08-07T22:21:58.807487,103.259,40,-6,0,0,100,1,1
2026-08-07T22:21:58.829130,103.280,40,-6,0,0,100,1,1
2026-08-07T22:21:58.852061,103.303,40,-6,0,0,100,1,1
2026-08-07T22:21:58.873475,103.325,40,-6,0,0,100,1,1
2026-08-07T22:21:58.896436,103.348,40,-6,0,0,100,1,1
2026-08-07T22:21:58.931419,103.383,40,-6,0,0,100,1,1
2026-08-07T22:21:58.952900,103.404,40,-6,0,0,100,1,1
2026-08-07T22:21:58.974688,103.426,40,-6,0,0,100,1,1
2026-08-07T22:21:58.997832,103.449,40,-7,0,0,100,1,1
2026-08-07T22:21:59.020433,103.472,41,-7,0,0,100,1,1
2026-08-07T22:21:59.054009,103.505,39,-6,0,0,100,1,1
2026-08-07T22:21:59.075869,103.527,40,-6,0,0,100,1,1
2026-08-07T22:21:59.097941,103.549,40,-6,0,0,100,1,1
2026-08-07T22:21:59.118977,103.570,40,-6,0,0,100,1,1
2026-08-07T22:21:59.143046,103.594,40,-6,0,0,100,1,1
2026-08-07T22:21:59.175069,103.626,40,-7,0,0,100,1,1
2026-08-07T22:21:59.198473,103.650,40,-6,0,0,100,1,1
2026-08-07T22:21:59.220024,103.671,40,-6,0,0,100,1,1
2026-08-07T22:21:59.241255,103.692,39,-6,0,0,100,1,1
2026-08-07T22:21:59.265505,103.717,40,-6,0,0,100,1,1
2026-08-07T22:21:59.297888,103.749,40,-6,0,0,100,1,1
2026-08-07T22:21:59.319372,103.771,40,-6,0,0,100,1,1
2026-08-07T22:21:59.342502,103.794,39,-6,0,0,100,1,1
2026-08-07T22:21:59.363813,103.815,39,-6,0,0,100,1,1
2026-08-07T22:21:59.386691,103.838,40,-6,0,0,100,1,1
2026-08-07T22:21:59.421990,103.873,40,-6,0,0,100,1,1
2026-08-07T22:21:59.443636,103.895,40,-6,0,0,100,1,1
2026-08-07T22:21:59.465200,103.916,40,-6,0,0,100,1,1
2026-08-07T22:21:59.488528,103.940,40,-6,0,0,100,1,1
2026-08-07T22:21:59.511055,103.962,40,-6,0,0,100,1,1
2026-08-07T22:21:59.544281,103.996,40,-6,0,0,100,1,1
2026-08-07T22:21:59.566279,104.018,40,-7,0,0,100,1,1
2026-08-07T22:21:59.588142,104.039,40,-6,0,0,100,1,1
2026-08-07T22:21:59.609344,104.061,40,-6,0,0,100,1,1
2026-08-07T22:21:59.633343,104.085,40,-6,0,0,100,1,1
2026-08-07T22:21:59.665693,104.117,39,-6,0,0,100,1,1
2026-08-07T22:21:59.688615,104.140,40,-6,0,0,100,1,1
2026-08-07T22:21:59.710178,104.161,40,-6,0,0,100,1,1
2026-08-07T22:21:59.731836,104.183,40,-6,0,0,100,1,1
2026-08-07T22:21:59.755740,104.207,40,-6,0,0,100,1,1
2026-08-07T22:21:59.788420,104.240,39,-6,0,0,100,1,1
2026-08-07T22:21:59.809671,104.261,39,-6,0,0,100,1,1
2026-08-07T22:21:59.833040,104.284,40,-6,0,0,100,1,1
2026-08-07T22:21:59.854459,104.306,39,-6,0,0,100,1,1
2026-08-07T22:21:59.877189,104.328,40,-6,0,0,100,1,1
2026-08-07T22:21:59.911990,104.363,40,-6,0,0,100,1,1
2026-08-07T22:21:59.933628,104.385,39,-6,0,0,100,1,1
2026-08-07T22:21:59.955492,104.407,40,-6,0,0,100,1,1
2026-08-07T22:21:59.978281,104.430,40,-6,0,0,100,1,1
2026-08-07T22:22:00.001104,104.452,40,-6,0,0,100,1,1
2026-08-07T22:22:00.035011,104.486,40,-6,0,0,100,1,1
2026-08-07T22:22:00.056524,104.508,39,-6,0,0,100,1,1
2026-08-07T22:22:00.078295,104.530,39,-6,0,0,100,1,1
2026-08-07T22:22:00.099815,104.551,39,-6,0,0,100,1,1
2026-08-07T22:22:00.123927,104.575,39,-6,0,0,100,1,1
2026-08-07T22:22:00.155882,104.607,40,-6,0,0,100,1,1
2026-08-07T22:22:00.178844,104.630,39,-6,0,0,100,1,1
2026-08-07T22:22:00.200576,104.652,40,-6,0,0,100,1,1
2026-08-07T22:22:00.221973,104.673,40,-6,0,0,100,1,1
2026-08-07T22:22:00.246139,104.697,39,-6,0,0,100,1,1
2026-08-07T22:22:00.278433,104.730,39,-6,0,0,100,1,1
2026-08-07T22:22:00.300127,104.751,39,-6,0,0,100,1,1
2026-08-07T22:22:00.323397,104.775,40,-6,0,0,100,1,1
2026-08-07T22:22:00.344431,104.796,40,-6,0,0,100,1,1
2026-08-07T22:22:00.367410,104.819,40,-6,0,0,100,1,1
2026-08-07T22:22:00.402775,104.854,40,-6,0,0,100,1,1
2026-08-07T22:22:00.424320,104.876,39,-6,0,0,100,1,1
2026-08-07T22:22:00.445817,104.897,39,-6,0,0,100,1,1
2026-08-07T22:22:00.469100,104.920,40,-6,0,0,100,1,1
2026-08-07T22:22:00.491465,104.943,40,-6,0,0,100,1,1
2026-08-07T22:22:00.525289,104.977,40,-7,0,0,100,1,1
2026-08-07T22:22:00.546951,104.998,40,-6,0,0,100,1,1
2026-08-07T22:22:00.568811,105.020,39,-6,0,0,100,1,1
2026-08-07T22:22:00.590107,105.041,40,-6,0,0,100,1,1
2026-08-07T22:22:00.614275,105.066,41,-7,0,0,100,1,1
2026-08-07T22:22:00.646247,105.097,40,-6,0,0,100,1,1
2026-08-07T22:22:00.669248,105.121,39,-6,0,0,100,1,1
2026-08-07T22:22:00.691358,105.143,40,-6,0,0,100,1,1
2026-08-07T22:22:00.712360,105.164,41,-7,0,0,100,1,1
2026-08-07T22:22:00.736649,105.188,40,-6,0,0,100,1,1
2026-08-07T22:22:00.768980,105.220,40,-6,0,0,100,1,1
2026-08-07T22:22:00.790551,105.242,40,-6,0,0,100,1,1
2026-08-07T22:22:00.813433,105.265,39,-6,0,0,100,1,1
2026-08-07T22:22:00.834985,105.286,39,-6,0,0,100,1,1
2026-08-07T22:22:00.857621,105.309,39,-6,0,0,100,1,1
2026-08-07T22:22:00.895260,105.347,39,-6,0,0,100,1,1
2026-08-07T22:22:00.916696,105.368,40,-6,0,0,100,1,1
2026-08-07T22:22:00.938404,105.390,40,-6,0,0,100,1,1
2026-08-07T22:22:00.962605,105.414,40,-6,0,0,100,1,1
2026-08-07T22:22:00.984384,105.436,40,-6,0,0,100,1,1
2026-08-07T22:22:01.015563,105.467,40,-6,0,0,100,1,1
2026-08-07T22:22:01.037635,105.489,40,-6,0,0,100,1,1
2026-08-07T22:22:01.059135,105.510,40,-6,0,0,100,1,1
2026-08-07T22:22:01.080485,105.532,40,-6,0,0,100,1,1
2026-08-07T22:22:01.104793,105.556,40,-7,0,0,100,1,1
2026-08-07T22:22:01.136732,105.588,40,-6,0,0,100,1,1
2026-08-07T22:22:01.159760,105.611,40,-6,0,0,100,1,1
2026-08-07T22:22:01.181280,105.633,40,-6,0,0,100,1,1
2026-08-07T22:22:01.202696,105.654,40,-6,0,0,100,1,1
2026-08-07T22:22:01.226970,105.678,40,-6,0,0,100,1,1
2026-08-07T22:22:01.259256,105.711,39,-6,0,0,100,1,1
2026-08-07T22:22:01.280875,105.732,39,-6,0,0,100,1,1
2026-08-07T22:22:01.304277,105.756,40,-7,0,0,100,1,1
2026-08-07T22:22:01.325519,105.777,40,-7,0,0,100,1,1
2026-08-07T22:22:01.348408,105.800,41,-7,0,0,100,1,1
2026-08-07T22:22:01.383218,105.834,39,-6,0,0,100,1,1
2026-08-07T22:22:01.404866,105.856,39,-6,0,0,100,1,1
2026-08-07T22:22:01.426510,105.878,40,-6,0,0,100,1,1
2026-08-07T22:22:01.449575,105.901,41,-7,0,0,100,1,1
2026-08-07T22:22:01.472268,105.924,40,-7,0,0,100,1,1
2026-08-07T22:22:01.506060,105.957,40,-6,0,0,100,1,1
2026-08-07T22:22:01.527896,105.979,40,-6,0,0,100,1,1
2026-08-07T22:22:01.549423,106.001,40,-6,0,0,100,1,1
2026-08-07T22:22:01.571178,106.022,40,-6,0,0,100,1,1
2026-08-07T22:22:01.594706,106.046,40,-6,0,0,100,1,1
2026-08-07T22:22:01.627103,106.078,39,-6,0,0,100,1,1
2026-08-07T22:22:01.650081,106.101,40,-6,0,0,100,1,1
2026-08-07T22:22:01.671820,106.123,40,-6,0,0,100,1,1
2026-08-07T22:22:01.693132,106.144,40,-6,0,0,100,1,1
2026-08-07T22:22:01.717543,106.169,40,-6,0,0,100,1,1
2026-08-07T22:22:01.749667,106.201,40,-6,0,0,100,1,1
2026-08-07T22:22:01.771551,106.223,39,-6,0,0,100,1,1
2026-08-07T22:22:01.794514,106.246,40,-6,0,0,100,1,1
2026-08-07T22:22:01.815733,106.267,40,-7,0,0,100,1,1
2026-08-07T22:22:01.838700,106.290,40,-6,0,0,100,1,1
2026-08-07T22:22:01.873764,106.325,39,-6,0,0,100,1,1
2026-08-07T22:22:01.895246,106.346,39,-6,0,0,100,1,1
2026-08-07T22:22:01.916865,106.368,39,-6,0,0,100,1,1
2026-08-07T22:22:01.940214,106.391,40,-6,0,0,100,1,1
2026-08-07T22:22:01.962595,106.414,40,-6,0,0,100,1,1
2026-08-07T22:22:01.996361,106.448,40,-6,0,0,100,1,1
2026-08-07T22:22:02.018306,106.470,39,-6,0,0,100,1,1
2026-08-07T22:22:02.039917,106.491,40,-7,0,0,100,1,1
2026-08-07T22:22:02.061044,106.512,40,-6,0,0,100,1,1
2026-08-07T22:22:02.085355,106.537,40,-6,0,0,100,1,1
2026-08-07T22:22:02.117368,106.569,40,-6,0,0,100,1,1
2026-08-07T22:22:02.140681,106.592,40,-6,0,0,100,1,1
2026-08-07T22:22:02.162147,106.613,39,-6,0,0,100,1,1
2026-08-07T22:22:02.183588,106.635,40,-6,0,0,100,1,1
2026-08-07T22:22:02.207805,106.659,39,-6,0,0,100,1,1
2026-08-07T22:22:02.240113,106.691,39,-6,0,0,100,1,1
2026-08-07T22:22:02.261862,106.713,40,-7,0,0,100,1,1
2026-08-07T22:22:02.284877,106.736,41,-7,0,0,100,1,1
2026-08-07T22:22:02.306499,106.758,39,-6,0,0,100,1,1
2026-08-07T22:22:02.329066,106.780,40,-6,0,0,100,1,1
2026-08-07T22:22:02.364149,106.815,41,-7,0,0,100,1,1
2026-08-07T22:22:02.385720,106.837,41,-7,0,0,100,1,1
2026-08-07T22:22:02.407714,106.859,39,-6,0,0,100,1,1
2026-08-07T22:22:02.431163,106.882,41,-7,0,0,100,1,1
2026-08-07T22:22:02.453443,106.905,40,-6,0,0,100,1,1
2026-08-07T22:22:02.486834,106.938,39,-6,0,0,100,1,1
2026-08-07T22:22:02.508400,106.960,39,-6,0,0,100,1,1
2026-08-07T22:22:02.530318,106.982,40,-6,0,0,100,1,1
2026-08-07T22:22:02.551773,107.003,39,-6,0,0,100,1,1
2026-08-07T22:22:02.575865,107.027,39,-6,0,0,100,1,1
2026-08-07T22:22:02.607875,107.059,40,-6,0,0,100,1,1
2026-08-07T22:22:02.631006,107.082,40,-6,0,0,100,1,1
2026-08-07T22:22:02.652367,107.104,40,-6,0,0,100,1,1
2026-08-07T22:22:02.674167,107.125,39,-6,0,0,100,1,1
2026-08-07T22:22:02.698028,107.149,39,-6,0,0,100,1,1
2026-08-07T22:22:02.730606,107.182,39,-6,0,0,100,1,1
2026-08-07T22:22:02.752086,107.203,40,-6,0,0,100,1,1
2026-08-07T22:22:02.775238,107.226,40,-6,0,0,100,1,1
2026-08-07T22:22:02.796612,107.248,39,-6,0,0,100,1,1
2026-08-07T22:22:02.819313,107.271,40,-6,0,0,100,1,1
2026-08-07T22:22:02.854263,107.305,40,-6,0,0,100,1,1
2026-08-07T22:22:02.875990,107.327,39,-6,0,0,100,1,1
2026-08-07T22:22:02.897670,107.349,39,-6,0,0,100,1,1
2026-08-07T22:22:02.920596,107.372,39,-6,0,0,100,1,1
2026-08-07T22:22:02.943536,107.395,40,-6,0,0,100,1,1
2026-08-07T22:22:02.977215,107.428,40,-6,0,0,100,1,1
2026-08-07T22:22:03.000122,107.451,39,-6,0,0,100,1,1
2026-08-07T22:22:03.021909,107.473,39,-6,0,0,100,1,1
2026-08-07T22:22:03.043224,107.495,39,-6,0,0,100,1,1
2026-08-07T22:22:03.067508,107.519,39,-6,0,0,100,1,1
2026-08-07T22:22:03.098283,107.549,40,-6,0,0,100,1,1
2026-08-07T22:22:03.121280,107.572,40,-6,0,0,100,1,1
2026-08-07T22:22:03.143029,107.594,40,-7,0,0,100,1,1
2026-08-07T22:22:03.164339,107.616,39,-6,0,0,100,1,1
2026-08-07T22:22:03.188719,107.640,40,-6,0,0,100,1,1
2026-08-07T22:22:03.220561,107.672,40,-6,0,0,100,1,1
2026-08-07T22:22:03.242442,107.694,40,-6,0,0,100,1,1
2026-08-07T22:22:03.265465,107.717,39,-6,0,0,100,1,1
2026-08-07T22:22:03.287156,107.738,40,-6,0,0,100,1,1
2026-08-07T22:22:03.309533,107.761,40,-6,0,0,100,1,1
2026-08-07T22:22:03.344943,107.796,39,-6,0,0,100,1,1
2026-08-07T22:22:03.366697,107.818,40,-6,0,0,100,1,1
2026-08-07T22:22:03.388155,107.839,40,-7,0,0,100,1,1
2026-08-07T22:22:03.411261,107.863,40,-6,0,0,100,1,1
2026-08-07T22:22:03.434021,107.885,40,-6,0,0,100,1,1
2026-08-07T22:22:03.467384,107.919,40,-6,0,0,100,1,1
2026-08-07T22:22:03.489256,107.941,40,-6,0,0,100,1,1
2026-08-07T22:22:03.511109,107.962,39,-6,0,0,100,1,1
2026-08-07T22:22:03.532446,107.984,40,-6,0,0,100,1,1
2026-08-07T22:22:03.556653,108.008,40,-6,0,0,100,1,1
2026-08-07T22:22:03.588571,108.040,40,-6,0,0,100,1,1
2026-08-07T22:22:03.611368,108.063,39,-6,0,0,100,1,1
2026-08-07T22:22:03.633189,108.084,40,-6,0,0,100,1,1
2026-08-07T22:22:03.654704,108.106,40,-6,0,0,100,1,1
2026-08-07T22:22:03.679078,108.130,40,-6,0,0,100,1,1
2026-08-07T22:22:03.711313,108.163,39,-6,0,0,100,1,1
2026-08-07T22:22:03.732969,108.184,40,-6,0,0,100,1,1
2026-08-07T22:22:03.755673,108.207,40,-6,0,0,100,1,1
2026-08-07T22:22:03.777251,108.228,40,-6,0,0,100,1,1
2026-08-07T22:22:03.800021,108.251,40,-6,0,0,100,1,1
2026-08-07T22:22:03.835314,108.287,40,-6,0,0,100,1,1
2026-08-07T22:22:03.856869,108.308,40,-6,0,0,100,1,1
2026-08-07T22:22:03.878674,108.330,40,-6,0,0,100,1,1
2026-08-07T22:22:03.901932,108.353,39,-6,0,0,100,1,1
2026-08-07T22:22:03.924366,108.376,40,-6,0,0,100,1,1
2026-08-07T22:22:03.957982,108.409,39,-6,0,0,100,1,1
2026-08-07T22:22:03.979621,108.431,40,-6,0,0,100,1,1
2026-08-07T22:22:04.001333,108.453,40,-7,0,0,100,1,1
2026-08-07T22:22:04.022656,108.474,41,-7,0,0,100,1,1
2026-08-07T22:22:04.046981,108.498,39,-6,0,0,100,1,1
2026-08-07T22:22:04.079039,108.530,39,-5,0,0,100,1,1
2026-08-07T22:22:04.102247,108.553,39,-6,0,0,100,1,1
2026-08-07T22:22:04.123758,108.575,40,-6,0,0,100,1,1
2026-08-07T22:22:04.145146,108.596,39,-6,0,0,100,1,1
2026-08-07T22:22:04.169288,108.621,39,-6,0,0,100,1,1
2026-08-07T22:22:04.201600,108.653,39,-6,0,0,100,1,1
2026-08-07T22:22:04.223136,108.674,40,-6,0,0,100,1,1
2026-08-07T22:22:04.246334,108.698,40,-6,0,0,100,1,1
2026-08-07T22:22:04.267685,108.719,40,-6,0,0,100,1,1
2026-08-07T22:22:04.290507,108.742,39,-6,0,0,100,1,1
2026-08-07T22:22:04.325636,108.777,39,-6,0,0,100,1,1
2026-08-07T22:22:04.347355,108.799,39,-6,0,0,100,1,1
2026-08-07T22:22:04.368932,108.820,40,-6,0,0,100,1,1
2026-08-07T22:22:04.392062,108.843,40,-6,0,0,100,1,1
2026-08-07T22:22:04.414744,108.866,40,-7,0,0,100,1,1
2026-08-07T22:22:04.448274,108.900,39,-6,0,0,100,1,1
2026-08-07T22:22:04.469982,108.921,39,-6,0,0,100,1,1
2026-08-07T22:22:04.491566,108.943,39,-6,0,0,100,1,1
2026-08-07T22:22:04.513031,108.964,39,-6,0,0,100,1,1
2026-08-07T22:22:04.537125,108.988,40,-7,0,0,100,1,1
2026-08-07T22:22:04.569310,109.021,40,-6,0,0,100,1,1
2026-08-07T22:22:04.592166,109.043,40,-6,0,0,100,1,1
2026-08-07T22:22:04.614243,109.065,40,-7,0,0,100,1,1
2026-08-07T22:22:04.635584,109.087,40,-6,0,0,100,1,1
2026-08-07T22:22:04.659700,109.111,40,-6,0,0,100,1,1
2026-08-07T22:22:04.691638,109.143,39,-6,0,0,100,1,1
2026-08-07T22:22:04.713670,109.165,40,-6,0,0,100,1,1
2026-08-07T22:22:04.736578,109.188,39,-6,0,0,100,1,1
2026-08-07T22:22:04.758051,109.209,39,-6,0,0,100,1,1
2026-08-07T22:22:04.780794,109.232,39,-6,0,0,100,1,1
2026-08-07T22:22:04.816099,109.267,40,-7,0,0,100,1,1
2026-08-07T22:22:04.837702,109.289,39,-6,0,0,100,1,1
2026-08-07T22:22:04.859349,109.311,39,-6,0,0,100,1,1
2026-08-07T22:22:04.882955,109.334,40,-6,0,0,100,1,1
2026-08-07T22:22:04.905297,109.357,40,-6,0,0,100,1,1
2026-08-07T22:22:04.938813,109.390,39,-6,0,0,100,1,1
2026-08-07T22:22:04.960591,109.412,39,-6,0,0,100,1,1
2026-08-07T22:22:04.982184,109.433,40,-6,0,0,100,1,1
2026-08-07T22:22:05.003733,109.455,40,-6,0,0,100,1,1
2026-08-07T22:22:05.027569,109.479,40,-6,0,0,100,1,1
2026-08-07T22:22:05.059651,109.511,39,-6,0,0,100,1,1
2026-08-07T22:22:05.082789,109.534,39,-6,0,0,100,1,1
2026-08-07T22:22:05.104429,109.556,39,-6,0,0,100,1,1
2026-08-07T22:22:05.128356,109.580,40,-6,0,0,100,1,1
2026-08-07T22:22:05.152170,109.603,40,-6,0,0,100,1,1
2026-08-07T22:22:05.182375,109.634,39,-6,0,0,100,1,1
2026-08-07T22:22:05.204044,109.655,39,-6,0,0,100,1,1
2026-08-07T22:22:05.226893,109.678,40,-6,0,0,100,1,1
2026-08-07T22:22:05.248611,109.700,40,-6,0,0,100,1,1
2026-08-07T22:22:05.271249,109.722,39,-6,0,0,100,1,1
2026-08-07T22:22:05.306569,109.758,40,-6,0,0,100,1,1
2026-08-07T22:22:05.328118,109.779,40,-6,0,0,100,1,1
2026-08-07T22:22:05.349777,109.801,39,-6,0,0,100,1,1
2026-08-07T22:22:05.373122,109.824,40,-6,0,0,100,1,1
2026-08-07T22:22:05.395484,109.847,40,-6,0,0,100,1,1
2026-08-07T22:22:05.428858,109.880,39,-6,0,0,100,1,1
2026-08-07T22:22:05.450717,109.902,39,-6,0,0,100,1,1
2026-08-07T22:22:05.472424,109.924,40,-6,0,0,100,1,1
2026-08-07T22:22:05.493807,109.945,39,-6,0,0,100,1,1
2026-08-07T22:22:05.518010,109.969,40,-6,0,0,100,1,1
2026-08-07T22:22:05.550120,110.001,39,-6,0,0,100,1,1
2026-08-07T22:22:05.572986,110.024,40,-6,0,0,100,1,1
2026-08-07T22:22:05.594770,110.046,40,-6,0,0,100,1,1
2026-08-07T22:22:05.616159,110.067,40,-6,0,0,100,1,1
2026-08-07T22:22:05.640376,110.092,40,-6,0,0,100,1,1
2026-08-07T22:22:05.672732,110.124,39,-6,0,0,100,1,1
2026-08-07T22:22:05.694226,110.145,40,-6,0,0,100,1,1
2026-08-07T22:22:05.717323,110.169,39,-6,0,0,100,1,1
2026-08-07T22:22:05.738780,110.190,39,-6,0,0,100,1,1
2026-08-07T22:22:05.761408,110.213,39,-6,0,0,100,1,1
2026-08-07T22:22:05.796772,110.248,39,-6,0,0,100,1,1
2026-08-07T22:22:05.818278,110.270,40,-6,0,0,100,1,1
2026-08-07T22:22:05.840010,110.291,40,-6,0,0,100,1,1
2026-08-07T22:22:05.863056,110.314,40,-6,0,0,100,1,1
2026-08-07T22:22:05.886009,110.337,40,-6,0,0,100,1,1
2026-08-07T22:22:05.919370,110.371,40,-6,0,0,100,1,1
2026-08-07T22:22:05.941170,110.392,39,-6,0,0,100,1,1
2026-08-07T22:22:05.962836,110.414,39,-6,0,0,100,1,1
2026-08-07T22:22:05.984150,110.435,39,-6,0,0,100,1,1
2026-08-07T22:22:06.008251,110.459,40,-7,0,0,100,1,1
2026-08-07T22:22:06.040461,110.492,39,-6,0,0,100,1,1
2026-08-07T22:22:06.063293,110.515,40,-6,0,0,100,1,1
2026-08-07T22:22:06.085106,110.536,40,-6,0,0,100,1,1
2026-08-07T22:22:06.106626,110.558,40,-6,0,0,100,1,1
2026-08-07T22:22:06.130809,110.582,40,-6,0,0,100,1,1
2026-08-07T22:22:06.162941,110.614,40,-6,0,0,100,1,1
2026-08-07T22:22:06.184794,110.636,39,-6,0,0,100,1,1
2026-08-07T22:22:06.207824,110.659,40,-6,0,0,100,1,1
2026-08-07T22:22:06.229197,110.680,40,-6,0,0,100,1,1
2026-08-07T22:22:06.252002,110.703,39,-6,0,0,100,1,1
2026-08-07T22:22:06.287060,110.738,39,-6,0,0,100,1,1
2026-08-07T22:22:06.308668,110.760,40,-6,0,0,100,1,1
2026-08-07T22:22:06.330274,110.782,39,-6,0,0,100,1,1
2026-08-07T22:22:06.353573,110.805,39,-6,0,0,100,1,1
2026-08-07T22:22:06.376014,110.827,39,-6,0,0,100,1,1
2026-08-07T22:22:06.409901,110.861,40,-6,0,0,100,1,1
2026-08-07T22:22:06.431320,110.883,40,-6,0,0,100,1,1
2026-08-07T22:22:06.453068,110.904,40,-6,0,0,100,1,1
2026-08-07T22:22:06.474401,110.926,39,-6,0,0,100,1,1
2026-08-07T22:22:06.498708,110.950,40,-6,0,0,100,1,1
2026-08-07T22:22:06.530802,110.982,40,-6,0,0,100,1,1
2026-08-07T22:22:06.553839,111.005,39,-6,0,0,100,1,1
2026-08-07T22:22:06.575589,111.027,39,-6,0,0,100,1,1
2026-08-07T22:22:06.596797,111.048,40,-6,0,0,100,1,1
2026-08-07T22:22:06.621159,111.072,40,-6,0,0,100,1,1
2026-08-07T22:22:06.653613,111.105,40,-6,0,0,100,1,1
2026-08-07T22:22:06.675164,111.126,40,-6,0,0,100,1,1
2026-08-07T22:22:06.698132,111.149,40,-6,0,0,100,1,1
2026-08-07T22:22:06.719655,111.171,40,-6,0,0,100,1,1
2026-08-07T22:22:06.742220,111.193,40,-6,0,0,100,1,1
2026-08-07T22:22:06.777457,111.229,39,-6,0,0,100,1,1
2026-08-07T22:22:06.799012,111.250,39,-6,0,0,100,1,1
2026-08-07T22:22:06.820980,111.272,40,-6,0,0,100,1,1
2026-08-07T22:22:06.843872,111.295,39,-6,0,0,100,1,1
2026-08-07T22:22:06.866621,111.318,40,-6,0,0,100,1,1
2026-08-07T22:22:06.899983,111.351,39,-6,0,0,100,1,1
2026-08-07T22:22:06.922121,111.373,39,-6,0,0,100,1,1
2026-08-07T22:22:06.943699,111.395,39,-6,0,0,100,1,1
2026-08-07T22:22:06.964889,111.416,39,-6,0,0,100,1,1
2026-08-07T22:22:06.989119,111.440,39,-6,0,0,100,1,1
2026-08-07T22:22:07.021247,111.473,39,-6,0,0,100,1,1
2026-08-07T22:22:07.044232,111.495,39,-6,0,0,100,1,1
2026-08-07T22:22:07.065701,111.517,39,-6,0,0,100,1,1
2026-08-07T22:22:07.087410,111.539,40,-6,0,0,100,1,1
2026-08-07T22:22:07.111590,111.563,39,-6,0,0,100,1,1
2026-08-07T22:22:07.143850,111.595,40,-6,0,0,100,1,1
2026-08-07T22:22:07.165400,111.617,40,-6,0,0,100,1,1
2026-08-07T22:22:07.188609,111.640,40,-6,0,0,100,1,1
2026-08-07T22:22:07.209887,111.661,40,-7,0,0,100,1,1
2026-08-07T22:22:07.232486,111.684,39,-6,0,0,100,1,1
2026-08-07T22:22:07.267735,111.719,40,-6,0,0,100,1,1
2026-08-07T22:22:07.289266,111.741,39,-5,0,0,100,1,1
2026-08-07T22:22:07.311127,111.762,39,-6,0,0,100,1,1
2026-08-07T22:22:07.334154,111.785,39,-6,0,0,100,1,1
2026-08-07T22:22:07.356874,111.808,40,-6,0,0,100,1,1
2026-08-07T22:22:07.390531,111.842,39,-6,0,0,100,1,1
2026-08-07T22:22:07.412499,111.864,40,-6,0,0,100,1,1
2026-08-07T22:22:07.433871,111.885,39,-6,0,0,100,1,1
2026-08-07T22:22:07.455335,111.907,39,-6,0,0,100,1,1
2026-08-07T22:22:07.479504,111.931,40,-6,0,0,100,1,1
2026-08-07T22:22:07.511680,111.963,40,-6,0,0,100,1,1
2026-08-07T22:22:07.534570,111.986,40,-6,0,0,100,1,1
2026-08-07T22:22:07.556335,112.008,40,-6,0,0,100,1,1
2026-08-07T22:22:07.577720,112.029,40,-6,0,0,100,1,1
2026-08-07T22:22:07.602154,112.053,40,-6,0,0,100,1,1
2026-08-07T22:22:07.633951,112.085,39,-6,0,0,100,1,1
2026-08-07T22:22:07.655865,112.107,39,-6,0,0,100,1,1
2026-08-07T22:22:07.678955,112.130,40,-6,0,0,100,1,1
2026-08-07T22:22:07.700327,112.152,40,-6,0,0,100,1,1
2026-08-07T22:22:07.723267,112.175,39,-6,0,0,100,1,1
2026-08-07T22:22:07.758238,112.209,40,-6,0,0,100,1,1
2026-08-07T22:22:07.779791,112.231,40,-6,0,0,100,1,1
2026-08-07T22:22:07.801412,112.253,40,-7,0,0,100,1,1
2026-08-07T22:22:07.824975,112.276,40,-6,0,0,100,1,1
2026-08-07T22:22:07.847219,112.298,40,-6,0,0,100,1,1
2026-08-07T22:22:07.880877,112.332,39,-6,0,0,100,1,1
2026-08-07T22:22:07.902804,112.354,40,-6,0,0,100,1,1
2026-08-07T22:22:07.924322,112.376,40,-6,0,0,100,1,1
2026-08-07T22:22:07.945762,112.397,40,-6,0,0,100,1,1
2026-08-07T22:22:07.970017,112.421,40,-6,0,0,100,1,1
2026-08-07T22:22:08.002100,112.453,40,-7,0,0,100,1,1
2026-08-07T22:22:08.025068,112.476,40,-6,0,0,100,1,1
2026-08-07T22:22:08.046926,112.498,40,-6,0,0,100,1,1
2026-08-07T22:22:08.068045,112.519,40,-6,0,0,100,1,1
2026-08-07T22:22:08.092344,112.544,40,-7,0,0,100,1,1
2026-08-07T22:22:08.124358,112.576,40,-6,0,0,100,1,1
2026-08-07T22:22:08.146115,112.597,40,-6,0,0,100,1,1
2026-08-07T22:22:08.168963,112.620,40,-6,0,0,100,1,1
2026-08-07T22:22:08.190828,112.642,40,-6,0,0,100,1,1
2026-08-07T22:22:08.213193,112.664,40,-6,0,0,100,1,1
2026-08-07T22:22:08.248680,112.700,39,-6,0,0,100,1,1
2026-08-07T22:22:08.270071,112.721,40,-6,0,0,100,1,1
2026-08-07T22:22:08.292099,112.743,40,-6,0,0,100,1,1
2026-08-07T22:22:08.315192,112.766,40,-6,0,0,100,1,1
2026-08-07T22:22:08.338006,112.789,39,-6,0,0,100,1,1
2026-08-07T22:22:08.371249,112.823,40,-6,0,0,100,1,1
2026-08-07T22:22:08.392921,112.844,39,-6,0,0,100,1,1
2026-08-07T22:22:08.414559,112.866,40,-6,0,0,100,1,1
2026-08-07T22:22:08.435968,112.887,39,-6,0,0,100,1,1
2026-08-07T22:22:08.460268,112.912,39,-6,0,0,100,1,1
2026-08-07T22:22:08.492310,112.944,40,-6,0,0,100,1,1
2026-08-07T22:22:08.515495,112.967,39,-6,0,0,100,1,1
2026-08-07T22:22:08.537092,112.988,40,-6,0,0,100,1,1
2026-08-07T22:22:08.558500,113.010,40,-6,0,0,100,1,1
2026-08-07T22:22:08.582664,113.034,39,-6,0,0,100,1,1
2026-08-07T22:22:08.614937,113.066,40,-7,0,0,100,1,1
2026-08-07T22:22:08.636565,113.088,40,-6,0,0,100,1,1
2026-08-07T22:22:08.659659,113.111,39,-6,0,0,100,1,1
2026-08-07T22:22:08.681028,113.132,39,-6,0,0,100,1,1
2026-08-07T22:22:08.703974,113.155,40,-6,0,0,100,1,1
2026-08-07T22:22:08.738788,113.190,39,-6,0,0,100,1,1
2026-08-07T22:22:08.760560,113.212,40,-6,0,0,100,1,1
2026-08-07T22:22:08.782152,113.233,40,-7,0,0,100,1,1
2026-08-07T22:22:08.805203,113.256,40,-6,0,0,100,1,1
2026-08-07T22:22:08.828084,113.279,40,-6,0,0,100,1,1
2026-08-07T22:22:08.861665,113.313,40,-6,0,0,100,1,1
2026-08-07T22:22:08.883264,113.335,39,-6,0,0,100,1,1
2026-08-07T22:22:08.904927,113.356,39,-6,0,0,100,1,1
2026-08-07T22:22:08.926453,113.378,40,-6,0,0,100,1,1
2026-08-07T22:22:08.950249,113.402,40,-6,0,0,100,1,1
2026-08-07T22:22:08.982651,113.434,39,-6,0,0,100,1,1
2026-08-07T22:22:09.005499,113.457,40,-6,0,0,100,1,1
2026-08-07T22:22:09.027693,113.479,39,-6,0,0,100,1,1
2026-08-07T22:22:09.048830,113.500,40,-6,0,0,100,1,1
2026-08-07T22:22:09.073074,113.524,40,-6,0,0,100,1,1
2026-08-07T22:22:09.105299,113.556,39,-6,0,0,100,1,1
2026-08-07T22:22:09.126920,113.578,39,-6,0,0,100,1,1
2026-08-07T22:22:09.150044,113.601,39,-6,0,0,100,1,1
2026-08-07T22:22:09.171579,113.623,39,-6,0,0,100,1,1
2026-08-07T22:22:09.194363,113.646,40,-7,0,0,100,1,1
2026-08-07T22:22:09.229304,113.681,39,-6,0,0,100,1,1
2026-08-07T22:22:09.250993,113.702,40,-6,0,0,100,1,1
2026-08-07T22:22:09.272557,113.724,40,-6,0,0,100,1,1
2026-08-07T22:22:09.295746,113.747,40,-6,0,0,100,1,1
2026-08-07T22:22:09.318259,113.770,39,-6,0,0,100,1,1
2026-08-07T22:22:09.352120,113.803,40,-7,0,0,100,1,1
2026-08-07T22:22:09.375997,113.827,40,-6,0,0,100,1,1
2026-08-07T22:22:09.397687,113.849,39,-6,0,0,100,1,1
2026-08-07T22:22:09.421782,113.873,39,-6,0,0,100,1,1
2026-08-07T22:22:09.443455,113.895,39,-6,0,0,100,1,1
2026-08-07T22:22:09.472908,113.924,39,-6,0,0,100,1,1
2026-08-07T22:22:09.496140,113.947,40,-6,0,0,100,1,1
2026-08-07T22:22:09.517814,113.969,40,-6,0,0,100,1,1
2026-08-07T22:22:09.539050,113.990,39,-6,0,0,100,1,1
2026-08-07T22:22:09.563362,114.015,40,-6,0,0,100,1,1
2026-08-07T22:22:09.595712,114.047,39,-6,0,0,100,1,1
2026-08-07T22:22:09.617418,114.069,39,-6,0,0,100,1,1
2026-08-07T22:22:09.640248,114.092,39,-6,0,0,100,1,1
2026-08-07T22:22:09.661973,114.113,39,-6,0,0,100,1,1
2026-08-07T22:22:09.684418,114.136,40,-6,0,0,100,1,1
2026-08-07T22:22:09.719835,114.171,41,-7,0,0,100,1,1
2026-08-07T22:22:09.741338,114.193,39,-5,0,0,100,1,1
2026-08-07T22:22:09.763140,114.214,39,-6,0,0,100,1,1
2026-08-07T22:22:09.786562,114.238,40,-6,0,0,100,1,1
2026-08-07T22:22:09.809296,114.260,40,-6,0,0,100,1,1
2026-08-07T22:22:09.842388,114.294,40,-6,0,0,100,1,1
2026-08-07T22:22:09.864230,114.315,39,-6,0,0,100,1,1
2026-08-07T22:22:09.885765,114.337,40,-6,0,0,100,1,1
2026-08-07T22:22:09.906952,114.358,40,-6,0,0,100,1,1
2026-08-07T22:22:09.931275,114.383,39,-6,0,0,100,1,1
2026-08-07T22:22:09.963464,114.415,39,-6,0,0,100,1,1
2026-08-07T22:22:09.986435,114.438,40,-6,0,0,100,1,1
2026-08-07T22:22:10.007970,114.459,40,-6,0,0,100,1,1
2026-08-07T22:22:10.029625,114.481,40,-7,0,0,100,1,1
2026-08-07T22:22:10.053720,114.505,40,-6,0,0,100,1,1
2026-08-07T22:22:10.086082,114.537,39,-6,0,0,100,1,1
2026-08-07T22:22:10.107722,114.559,39,-6,0,0,100,1,1
2026-08-07T22:22:10.130844,114.582,39,-6,0,0,100,1,1
2026-08-07T22:22:10.152139,114.603,39,-6,0,0,100,1,1
2026-08-07T22:22:10.175139,114.626,40,-6,0,0,100,1,1
2026-08-07T22:22:10.210012,114.661,40,-6,0,0,100,1,1
2026-08-07T22:22:10.231777,114.683,40,-6,0,0,100,1,1
2026-08-07T22:22:10.253511,114.705,40,-6,0,0,100,1,1
2026-08-07T22:22:10.276366,114.728,39,-6,0,0,100,1,1
2026-08-07T22:22:10.298986,114.750,39,-6,0,0,100,1,1
2026-08-07T22:22:10.332988,114.784,40,-6,0,0,100,1,1
2026-08-07T22:22:10.354521,114.806,40,-6,0,0,100,1,1
2026-08-07T22:22:10.376185,114.827,39,-6,0,0,100,1,1
2026-08-07T22:22:10.397823,114.849,39,-6,0,0,100,1,1
2026-08-07T22:22:10.421871,114.873,40,-6,0,0,100,1,1
2026-08-07T22:22:10.454019,114.905,39,-6,0,0,100,1,1
2026-08-07T22:22:10.476671,114.928,39,-6,0,0,100,1,1
2026-08-07T22:22:10.498574,114.950,40,-6,0,0,100,1,1
2026-08-07T22:22:10.519908,114.971,40,-6,0,0,100,1,1
2026-08-07T22:22:10.544182,114.995,39,-6,0,0,100,1,1
2026-08-07T22:22:10.576210,115.027,39,-6,0,0,100,1,1
2026-08-07T22:22:10.598061,115.049,39,-6,0,0,100,1,1
2026-08-07T22:22:10.621110,115.072,39,-6,0,0,100,1,1
2026-08-07T22:22:10.642557,115.094,39,-6,0,0,100,1,1
2026-08-07T22:22:10.665626,115.117,39,-6,0,0,100,1,1
2026-08-07T22:22:10.700548,115.152,39,-6,0,0,100,1,1
2026-08-07T22:22:10.722070,115.173,39,-6,0,0,100,1,1
2026-08-07T22:22:10.743698,115.195,40,-6,0,0,100,1,1
2026-08-07T22:22:10.766688,115.218,40,-6,0,0,100,1,1
2026-08-07T22:22:10.789383,115.241,39,-6,0,0,100,1,1
2026-08-07T22:22:10.823256,115.275,39,-6,0,0,100,1,1
2026-08-07T22:22:10.844949,115.296,41,-7,0,0,100,1,1
2026-08-07T22:22:10.866887,115.318,40,-7,0,0,100,1,1
2026-08-07T22:22:10.888101,115.339,39,-6,0,0,100,1,1
2026-08-07T22:22:10.912278,115.364,39,-6,0,0,100,1,1
2026-08-07T22:22:10.944078,115.395,39,-6,0,0,100,1,1
2026-08-07T22:22:10.967256,115.419,40,-6,0,0,100,1,1
2026-08-07T22:22:10.988913,115.440,40,-6,0,0,100,1,1
2026-08-07T22:22:11.010356,115.462,39,-6,0,0,100,1,1
2026-08-07T22:22:11.034645,115.486,39,-6,0,0,100,1,1
2026-08-07T22:22:11.066928,115.518,39,-6,0,0,100,1,1
2026-08-07T22:22:11.088759,115.540,39,-6,0,0,100,1,1
2026-08-07T22:22:11.111669,115.563,39,-6,0,0,100,1,1
2026-08-07T22:22:11.133031,115.584,39,-5,0,0,100,1,1
2026-08-07T22:22:11.155741,115.607,41,-7,0,0,100,1,1
2026-08-07T22:22:11.190875,115.642,39,-6,0,0,100,1,1
2026-08-07T22:22:11.212412,115.664,40,-6,0,0,100,1,1
2026-08-07T22:22:11.234430,115.686,40,-6,0,0,100,1,1
2026-08-07T22:22:11.257673,115.709,39,-6,0,0,100,1,1
2026-08-07T22:22:11.280120,115.731,39,-6,0,0,100,1,1
2026-08-07T22:22:11.313638,115.765,39,-6,0,0,100,1,1
2026-08-07T22:22:11.335399,115.787,39,-6,0,0,100,1,1
2026-08-07T22:22:11.357080,115.808,40,-6,0,0,100,1,1
2026-08-07T22:22:11.378476,115.830,39,-6,0,0,100,1,1
2026-08-07T22:22:11.402730,115.854,40,-6,0,0,100,1,1
2026-08-07T22:22:11.434716,115.886,39,-6,0,0,100,1,1
2026-08-07T22:22:11.457571,115.909,39,-6,0,0,100,1,1
2026-08-07T22:22:11.479512,115.931,39,-6,0,0,100,1,1
2026-08-07T22:22:11.500848,115.952,39,-6,0,0,100,1,1
2026-08-07T22:22:11.524933,115.976,39,-6,0,0,100,1,1
2026-08-07T22:22:11.557239,116.009,40,-6,0,0,100,1,1
2026-08-07T22:22:11.578830,116.030,40,-6,0,0,100,1,1
2026-08-07T22:22:11.601934,116.053,40,-6,0,0,100,1,1
2026-08-07T22:22:11.623401,116.075,40,-6,0,0,100,1,1
2026-08-07T22:22:11.646021,116.097,39,-6,0,0,100,1,1
2026-08-07T22:22:11.681011,116.132,40,-6,0,0,100,1,1
2026-08-07T22:22:11.703027,116.154,40,-6,0,0,100,1,1
2026-08-07T22:22:11.724481,116.176,39,-6,0,0,100,1,1
2026-08-07T22:22:11.747467,116.199,40,-6,0,0,100,1,1
2026-08-07T22:22:11.770449,116.222,40,-7,0,0,100,1,1
2026-08-07T22:22:11.804061,116.255,40,-6,0,0,100,1,1
2026-08-07T22:22:11.825845,116.277,40,-6,0,0,100,1,1
2026-08-07T22:22:11.847440,116.299,40,-6,0,0,100,1,1
2026-08-07T22:22:11.868726,116.320,40,-6,0,0,100,1,1
2026-08-07T22:22:11.892943,116.344,40,-6,0,0,100,1,1
2026-08-07T22:22:11.925047,116.376,40,-6,0,0,100,1,1
2026-08-07T22:22:11.948069,116.399,40,-6,0,0,100,1,1
2026-08-07T22:22:11.970044,116.421,39,-6,0,0,100,1,1
2026-08-07T22:22:11.991081,116.442,40,-6,0,0,100,1,1
2026-08-07T22:22:12.015399,116.467,40,-6,0,0,100,1,1
2026-08-07T22:22:12.047656,116.499,40,-6,0,0,100,1,1
2026-08-07T22:22:12.069255,116.520,40,-6,0,0,100,1,1
2026-08-07T22:22:12.092252,116.544,39,-6,0,0,100,1,1
2026-08-07T22:22:12.113689,116.565,40,-6,0,0,100,1,1
2026-08-07T22:22:12.136391,116.588,40,-6,0,0,100,1,1
2026-08-07T22:22:12.171631,116.623,40,-6,0,0,100,1,1
2026-08-07T22:22:12.193254,116.645,40,-7,0,0,100,1,1
2026-08-07T22:22:12.214752,116.666,41,-7,0,0,100,1,1
2026-08-07T22:22:12.238010,116.689,39,-6,0,0,100,1,1
2026-08-07T22:22:12.260550,116.712,39,-6,0,0,100,1,1
2026-08-07T22:22:12.294400,116.746,40,-6,0,0,100,1,1
2026-08-07T22:22:12.316254,116.767,40,-7,0,0,100,1,1
2026-08-07T22:22:12.337983,116.789,39,-6,0,0,100,1,1
2026-08-07T22:22:12.359352,116.811,40,-6,0,0,100,1,1
2026-08-07T22:22:12.383351,116.835,40,-6,0,0,100,1,1
2026-08-07T22:22:12.415371,116.867,40,-6,0,0,100,1,1
2026-08-07T22:22:12.438328,116.890,39,-6,0,0,100,1,1
2026-08-07T22:22:12.460259,116.912,39,-5,0,0,100,1,1
2026-08-07T22:22:12.481408,116.933,40,-6,0,0,100,1,1
2026-08-07T22:22:12.505852,116.957,39,-6,0,0,100,1,1
2026-08-07T22:22:12.538159,116.989,40,-7,0,0,100,1,1
2026-08-07T22:22:12.559641,117.011,39,-6,0,0,100,1,1
2026-08-07T22:22:12.582593,117.034,40,-6,0,0,100,1,1
2026-08-07T22:22:12.604091,117.055,40,-6,0,0,100,1,1
2026-08-07T22:22:12.626741,117.078,40,-6,0,0,100,1,1
2026-08-07T22:22:12.661998,117.113,39,-6,0,0,100,1,1
2026-08-07T22:22:12.683522,117.135,40,-6,0,0,100,1,1
2026-08-07T22:22:12.705553,117.157,39,-6,0,0,100,1,1
2026-08-07T22:22:12.728658,117.180,39,-6,0,0,100,1,1
2026-08-07T22:22:12.751114,117.202,39,-6,0,0,100,1,1
2026-08-07T22:22:12.784636,117.236,40,-6,0,0,100,1,1
2026-08-07T22:22:12.806726,117.258,40,-6,0,0,100,1,1
2026-08-07T22:22:12.828168,117.279,39,-6,0,0,100,1,1
2026-08-07T22:22:12.849544,117.301,39,-6,0,0,100,1,1
2026-08-07T22:22:12.873761,117.325,39,-6,0,0,100,1,1
2026-08-07T22:22:12.906068,117.357,39,-6,0,0,100,1,1
2026-08-07T22:22:12.928893,117.380,40,-7,0,0,100,1,1
2026-08-07T22:22:12.950384,117.402,40,-6,0,0,100,1,1
2026-08-07T22:22:12.972189,117.423,40,-6,0,0,100,1,1
2026-08-07T22:22:12.996132,117.447,40,-6,0,0,100,1,1
2026-08-07T22:22:13.028383,117.480,39,-6,0,0,100,1,1
2026-08-07T22:22:13.050143,117.501,40,-6,0,0,100,1,1
2026-08-07T22:22:13.073313,117.524,40,-6,0,0,100,1,1
2026-08-07T22:22:13.094457,117.546,40,-6,0,0,100,1,1
2026-08-07T22:22:13.117231,117.568,40,-6,0,0,100,1,1
2026-08-07T22:22:13.152411,117.604,40,-6,0,0,100,1,1
2026-08-07T22:22:13.174241,117.625,39,-6,0,0,100,1,1
2026-08-07T22:22:13.195678,117.647,39,-6,0,0,100,1,1
2026-08-07T22:22:13.218725,117.670,40,-7,0,0,100,1,1
2026-08-07T22:22:13.241579,117.693,39,-6,0,0,100,1,1
2026-08-07T22:22:13.275150,117.726,39,-6,0,0,100,1,1
2026-08-07T22:22:13.296674,117.748,40,-6,0,0,100,1,1
2026-08-07T22:22:13.318842,117.770,40,-6,0,0,100,1,1
2026-08-07T22:22:13.340006,117.791,39,-6,0,0,100,1,1
2026-08-07T22:22:13.364197,117.815,39,-6,0,0,100,1,1
2026-08-07T22:22:13.396237,117.848,40,-6,0,0,100,1,1
2026-08-07T22:22:13.419231,117.870,39,-6,0,0,100,1,1
2026-08-07T22:22:13.440883,117.892,40,-6,0,0,100,1,1
2026-08-07T22:22:13.462320,117.914,39,-6,0,0,100,1,1
2026-08-07T22:22:13.486536,117.938,39,-6,0,0,100,1,1
2026-08-07T22:22:13.518865,117.970,39,-6,0,0,100,1,1
2026-08-07T22:22:13.540426,117.992,39,-6,0,0,100,1,1
2026-08-07T22:22:13.563590,118.015,39,-6,0,0,100,1,1
2026-08-07T22:22:13.584922,118.036,39,-6,0,0,100,1,1
2026-08-07T22:22:13.610022,118.061,40,-6,0,0,100,1,1
2026-08-07T22:22:13.642734,118.094,39,-6,0,0,100,1,1
2026-08-07T22:22:13.664296,118.116,40,-6,0,0,100,1,1
2026-08-07T22:22:13.686099,118.137,39,-6,0,0,100,1,1
2026-08-07T22:22:13.708985,118.160,40,-6,0,0,100,1,1
2026-08-07T22:22:13.731396,118.183,39,-6,0,0,100,1,1
2026-08-07T22:22:13.765292,118.217,40,-6,0,0,100,1,1
2026-08-07T22:22:13.786928,118.238,39,-6,0,0,100,1,1
2026-08-07T22:22:13.808976,118.260,39,-6,0,0,100,1,1
2026-08-07T22:22:13.830380,118.282,39,-6,0,0,100,1,1
2026-08-07T22:22:13.854432,118.306,39,-6,0,0,100,1,1
2026-08-07T22:22:13.886515,118.338,39,-6,0,0,100,1,1
2026-08-07T22:22:13.909455,118.361,39,-6,0,0,100,1,1
2026-08-07T22:22:13.931112,118.382,39,-6,0,0,100,1,1
2026-08-07T22:22:13.952561,118.404,40,-6,0,0,100,1,1
2026-08-07T22:22:13.976783,118.428,39,-6,0,0,100,1,1
2026-08-07T22:22:14.009172,118.460,39,-6,0,0,100,1,1
2026-08-07T22:22:14.030765,118.482,39,-6,0,0,100,1,1
2026-08-07T22:22:14.053818,118.505,39,-6,0,0,100,1,1
2026-08-07T22:22:14.075181,118.526,39,-6,0,0,100,1,1
2026-08-07T22:22:14.097738,118.549,39,-6,0,0,100,1,1
2026-08-07T22:22:14.133148,118.584,40,-6,0,0,100,1,1
2026-08-07T22:22:14.154755,118.606,40,-6,0,0,100,1,1
2026-08-07T22:22:14.176486,118.628,40,-6,0,0,100,1,1
2026-08-07T22:22:14.200045,118.651,39,-6,0,0,100,1,1
2026-08-07T22:22:14.222411,118.674,40,-6,0,0,100,1,1
2026-08-07T22:22:14.255794,118.707,40,-6,0,0,100,1,1
2026-08-07T22:22:14.277696,118.729,40,-6,0,0,100,1,1
2026-08-07T22:22:14.299242,118.751,40,-7,0,0,100,1,1
2026-08-07T22:22:14.320764,118.772,40,-7,0,0,100,1,1
2026-08-07T22:22:14.344909,118.796,39,-6,0,0,100,1,1
2026-08-07T22:22:14.377012,118.828,40,-6,0,0,100,1,1
2026-08-07T22:22:14.400000,118.851,40,-6,0,0,100,1,1
2026-08-07T22:22:14.421613,118.873,40,-6,0,0,100,1,1
2026-08-07T22:22:14.443094,118.894,40,-6,0,0,100,1,1
2026-08-07T22:22:14.466984,118.918,39,-6,0,0,100,1,1
2026-08-07T22:22:14.499476,118.951,39,-6,0,0,100,1,1
2026-08-07T22:22:14.521015,118.972,39,-6,0,0,100,1,1
2026-08-07T22:22:14.544327,118.996,39,-6,0,0,100,1,1
2026-08-07T22:22:14.565793,119.017,39,-6,0,0,100,1,1
2026-08-07T22:22:14.588701,119.040,39,-6,0,0,100,1,1
2026-08-07T22:22:14.623333,119.075,39,-6,0,0,100,1,1
2026-08-07T22:22:14.645154,119.096,39,-6,0,0,100,1,1
2026-08-07T22:22:14.666829,119.118,39,-6,0,0,100,1,1
2026-08-07T22:22:14.689830,119.141,39,-6,0,0,100,1,1
2026-08-07T22:22:14.712335,119.164,39,-6,0,0,100,1,1
2026-08-07T22:22:14.746177,119.197,39,-6,0,0,100,1,1
2026-08-07T22:22:14.768082,119.219,39,-6,0,0,100,1,1
2026-08-07T22:22:14.789556,119.241,41,-7,0,0,100,1,1
2026-08-07T22:22:14.811001,119.262,39,-6,0,0,100,1,1
2026-08-07T22:22:14.835163,119.286,39,-6,0,0,100,1,1
2026-08-07T22:22:14.867127,119.318,40,-6,0,0,100,1,1
2026-08-07T22:22:14.889969,119.341,39,-6,0,0,100,1,1
2026-08-07T22:22:14.912124,119.363,39,-6,0,0,100,1,1
2026-08-07T22:22:14.933153,119.384,39,-6,0,0,100,1,1
2026-08-07T22:22:14.957629,119.409,40,-6,0,0,100,1,1
2026-08-07T22:22:14.989849,119.441,39,-6,0,0,100,1,1
2026-08-07T22:22:15.011455,119.463,40,-6,0,0,100,1,1
2026-08-07T22:22:15.034808,119.486,40,-6,0,0,100,1,1
2026-08-07T22:22:15.055856,119.507,40,-6,0,0,100,1,1
2026-08-07T22:22:15.078904,119.530,40,-6,0,0,100,1,1
2026-08-07T22:22:15.113906,119.565,41,-7,0,0,100,1,1
2026-08-07T22:22:15.135664,119.587,40,-6,0,0,100,1,1
2026-08-07T22:22:15.157071,119.608,40,-6,0,0,100,1,1
2026-08-07T22:22:15.180301,119.632,40,-6,0,0,100,1,1
2026-08-07T22:22:15.203078,119.654,39,-6,0,0,100,1,1
2026-08-07T22:22:15.236556,119.688,39,-6,0,0,100,1,1
2026-08-07T22:22:15.258147,119.709,40,-6,0,0,100,1,1
2026-08-07T22:22:15.279998,119.731,39,-6,0,0,100,1,1
2026-08-07T22:22:15.301473,119.753,39,-6,0,0,100,1,1
2026-08-07T22:22:15.325545,119.777,39,-6,0,0,100,1,1
2026-08-07T22:22:15.357503,119.809,40,-6,0,0,100,1,1
2026-08-07T22:22:15.380631,119.832,40,-6,0,0,100,1,1
2026-08-07T22:22:15.402783,119.854,39,-6,0,0,100,1,1
2026-08-07T22:22:15.423836,119.875,39,-6,0,0,100,1,1
2026-08-07T22:22:15.447993,119.899,40,-6,0,0,100,1,1
2026-08-07T22:22:15.480060,119.931,39,-6,0,0,100,1,1
2026-08-07T22:22:15.502017,119.953,40,-6,0,0,100,1,1
2026-08-07T22:22:15.524928,119.976,39,-6,0,0,100,1,1
2026-08-07T22:22:15.546263,119.998,39,-6,0,0,100,1,1
2026-08-07T22:22:15.569060,120.020,40,-6,0,0,100,1,1
2026-08-07T22:22:15.604290,120.056,40,-6,0,0,100,1,1
2026-08-07T22:22:15.625788,120.077,40,-6,0,0,100,1,1
2026-08-07T22:22:15.647593,120.099,39,-6,0,0,100,1,1
2026-08-07T22:22:15.670710,120.122,40,-6,0,0,100,1,1
2026-08-07T22:22:15.693414,120.145,40,-6,0,0,100,1,1
2026-08-07T22:22:15.727034,120.178,39,-6,0,0,100,1,1
2026-08-07T22:22:15.748873,120.200,39,-6,0,0,100,1,1
2026-08-07T22:22:15.770597,120.222,39,-6,0,0,100,1,1
2026-08-07T22:22:15.791671,120.243,39,-6,0,0,100,1,1
2026-08-07T22:22:15.816066,120.267,39,-6,0,0,100,1,1
2026-08-07T22:22:15.848054,120.299,39,-6,0,0,100,1,1
2026-08-07T22:22:15.871009,120.322,40,-6,0,0,100,1,1
2026-08-07T22:22:15.892811,120.344,39,-6,0,0,100,1,1
2026-08-07T22:22:15.914081,120.365,39,-6,0,0,100,1,1
2026-08-07T22:22:15.938123,120.389,39,-6,0,0,100,1,1
2026-08-07T22:22:15.970773,120.422,40,-7,0,0,100,1,1
2026-08-07T22:22:15.992179,120.443,40,-6,0,0,100,1,1
2026-08-07T22:22:16.015470,120.467,40,-6,0,0,100,1,1
2026-08-07T22:22:16.036795,120.488,40,-6,0,0,100,1,1
2026-08-07T22:22:16.059660,120.511,40,-6,0,0,100,1,1
2026-08-07T22:22:16.094576,120.546,39,-6,0,0,100,1,1
2026-08-07T22:22:16.116312,120.568,39,-5,0,0,100,1,1
2026-08-07T22:22:16.137904,120.589,39,-6,0,0,100,1,1
2026-08-07T22:22:16.160929,120.612,39,-6,0,0,100,1,1
2026-08-07T22:22:16.183786,120.635,40,-6,0,0,100,1,1
2026-08-07T22:22:16.217449,120.669,40,-6,0,0,100,1,1
2026-08-07T22:22:16.239285,120.691,40,-7,0,0,100,1,1
2026-08-07T22:22:16.260687,120.712,39,-6,0,0,100,1,1
2026-08-07T22:22:16.282128,120.733,39,-6,0,0,100,1,1
2026-08-07T22:22:16.306312,120.758,39,-6,0,0,100,1,1
2026-08-07T22:22:16.338503,120.790,39,-6,0,0,100,1,1
2026-08-07T22:22:16.361380,120.813,39,-6,0,0,100,1,1
2026-08-07T22:22:16.383129,120.834,40,-6,0,0,100,1,1
2026-08-07T22:22:16.404607,120.856,39,-6,0,0,100,1,1
2026-08-07T22:22:16.428788,120.880,39,-6,0,0,100,1,1
2026-08-07T22:22:16.461031,120.912,40,-6,0,0,100,1,1
2026-08-07T22:22:16.482668,120.934,39,-6,0,0,100,1,1
2026-08-07T22:22:16.505683,120.957,39,-6,0,0,100,1,1
2026-08-07T22:22:16.527005,120.978,40,-6,0,0,100,1,1
2026-08-07T22:22:16.549973,121.001,39,-6,0,0,100,1,1
2026-08-07T22:22:16.585035,121.036,39,-6,0,0,100,1,1
2026-08-07T22:22:16.606494,121.058,40,-6,0,0,100,1,1
2026-08-07T22:22:16.628067,121.079,39,-5,0,0,100,1,1
2026-08-07T22:22:16.651315,121.103,39,-6,0,0,100,1,1
2026-08-07T22:22:16.673813,121.125,39,-6,0,0,100,1,1
2026-08-07T22:22:16.707804,121.159,39,-6,0,0,100,1,1
2026-08-07T22:22:16.729426,121.181,40,-6,0,0,100,1,1
2026-08-07T22:22:16.751403,121.203,40,-6,0,0,100,1,1
2026-08-07T22:22:16.772666,121.224,40,-6,0,0,100,1,1
2026-08-07T22:22:16.796808,121.248,39,-6,0,0,100,1,1
2026-08-07T22:22:16.828716,121.280,39,-6,0,0,100,1,1
2026-08-07T22:22:16.851800,121.303,40,-7,0,0,100,1,1
2026-08-07T22:22:16.873550,121.325,39,-6,0,0,100,1,1
2026-08-07T22:22:16.894716,121.346,39,-6,0,0,100,1,1
2026-08-07T22:22:16.919186,121.370,40,-6,0,0,100,1,1
2026-08-07T22:22:16.951642,121.403,39,-6,0,0,100,1,1
2026-08-07T22:22:16.973156,121.424,39,-6,0,0,100,1,1
2026-08-07T22:22:16.995915,121.447,39,-6,0,0,100,1,1
2026-08-07T22:22:17.017389,121.469,40,-7,0,0,100,1,1
2026-08-07T22:22:17.040101,121.491,39,-6,0,0,100,1,1
2026-08-07T22:22:17.075535,121.527,40,-6,0,0,100,1,1
2026-08-07T22:22:17.097042,121.548,39,-6,0,0,100,1,1
2026-08-07T22:22:17.119001,121.570,40,-6,0,0,100,1,1
2026-08-07T22:22:17.142082,121.593,40,-6,0,0,100,1,1
2026-08-07T22:22:17.164673,121.616,40,-6,0,0,100,1,1
2026-08-07T22:22:17.198014,121.649,40,-6,0,0,100,1,1
2026-08-07T22:22:17.219892,121.671,40,-6,0,0,100,1,1
2026-08-07T22:22:17.241557,121.693,40,-6,0,0,100,1,1
2026-08-07T22:22:17.263203,121.714,39,-6,0,0,100,1,1
2026-08-07T22:22:17.287139,121.738,40,-6,0,0,100,1,1
2026-08-07T22:22:17.319168,121.770,39,-6,0,0,100,1,1
2026-08-07T22:22:17.342388,121.794,40,-6,0,0,100,1,1
2026-08-07T22:22:17.363960,121.815,39,-6,0,0,100,1,1
2026-08-07T22:22:17.385416,121.837,39,-6,0,0,100,1,1
2026-08-07T22:22:17.409410,121.861,40,-6,0,0,100,1,1
2026-08-07T22:22:17.441813,121.893,39,-6,0,0,100,1,1
2026-08-07T22:22:17.463241,121.915,39,-6,0,0,100,1,1
2026-08-07T22:22:17.486557,121.938,40,-6,0,0,100,1,1
2026-08-07T22:22:17.507909,121.959,40,-6,0,0,100,1,1
2026-08-07T22:22:17.530798,121.982,39,-6,0,0,100,1,1
2026-08-07T22:22:17.565797,122.017,39,-5,0,0,100,1,1
2026-08-07T22:22:17.587414,122.039,40,-6,0,0,100,1,1
2026-08-07T22:22:17.609129,122.060,40,-6,0,0,100,1,1
2026-08-07T22:22:17.631902,122.083,39,-6,0,0,100,1,1
2026-08-07T22:22:17.654754,122.106,40,-6,0,0,100,1,1
2026-08-07T22:22:17.688709,122.140,40,-6,0,0,100,1,1
2026-08-07T22:22:17.710140,122.161,39,-6,0,0,100,1,1
2026-08-07T22:22:17.731809,122.183,40,-6,0,0,100,1,1
2026-08-07T22:22:17.753313,122.205,39,-5,0,0,100,1,1
2026-08-07T22:22:17.777292,122.229,39,-6,0,0,100,1,1
2026-08-07T22:22:17.809635,122.261,39,-6,0,0,100,1,1
2026-08-07T22:22:17.832496,122.284,40,-6,0,0,100,1,1
2026-08-07T22:22:17.856413,122.308,40,-6,0,0,100,1,1
2026-08-07T22:22:17.879066,122.330,39,-6,0,0,100,1,1
2026-08-07T22:22:17.902165,122.353,39,-6,0,0,100,1,1
2026-08-07T22:22:17.931980,122.383,40,-6,0,0,100,1,1
2026-08-07T22:22:17.953871,122.405,40,-6,0,0,100,1,1
2026-08-07T22:22:17.976901,122.428,39,-6,0,0,100,1,1
2026-08-07T22:22:17.998062,122.449,40,-6,0,0,100,1,1
2026-08-07T22:22:18.020986,122.472,40,-6,0,0,100,1,1
2026-08-07T22:22:18.056223,122.507,40,-6,0,0,100,1,1
2026-08-07T22:22:18.077981,122.529,39,-6,0,0,100,1,1
2026-08-07T22:22:18.099331,122.551,40,-6,0,0,100,1,1
2026-08-07T22:22:18.122667,122.574,39,-6,0,0,100,1,1
2026-08-07T22:22:18.145059,122.596,39,-6,0,0,100,1,1
2026-08-07T22:22:18.179031,122.630,40,-6,0,0,100,1,1
2026-08-07T22:22:18.200511,122.652,39,-6,0,0,100,1,1
2026-08-07T22:22:18.222438,122.674,39,-6,0,0,100,1,1
2026-08-07T22:22:18.243841,122.695,40,-6,0,0,100,1,1
2026-08-07T22:22:18.267832,122.719,40,-6,0,0,100,1,1
2026-08-07T22:22:18.299765,122.751,40,-6,0,0,100,1,1
2026-08-07T22:22:18.322950,122.774,40,-6,0,0,100,1,1
2026-08-07T22:22:18.344542,122.796,40,-6,0,0,100,1,1
2026-08-07T22:22:18.366009,122.817,40,-6,0,0,100,1,1
2026-08-07T22:22:18.390256,122.841,39,-6,0,0,100,1,1
2026-08-07T22:22:18.422446,122.874,39,-6,0,0,100,1,1
2026-08-07T22:22:18.444146,122.895,39,-6,0,0,100,1,1
2026-08-07T22:22:18.467229,122.918,40,-6,0,0,100,1,1
2026-08-07T22:22:18.488644,122.940,39,-6,0,0,100,1,1
2026-08-07T22:22:18.511204,122.962,39,-6,0,0,100,1,1
2026-08-07T22:22:18.546667,122.998,39,-6,0,0,100,1,1
2026-08-07T22:22:18.568216,123.019,40,-6,0,0,100,1,1
2026-08-07T22:22:18.590069,123.041,39,-6,0,0,100,1,1
2026-08-07T22:22:18.613282,123.065,39,-6,0,0,100,1,1
2026-08-07T22:22:18.635751,123.087,40,-6,0,0,100,1,1
2026-08-07T22:22:18.669282,123.121,39,-6,0,0,100,1,1
2026-08-07T22:22:18.690887,123.142,41,-8,0,0,100,1,1
2026-08-07T22:22:18.712675,123.164,40,-6,0,0,100,1,1
2026-08-07T22:22:18.733928,123.185,40,-7,0,0,100,1,1
2026-08-07T22:22:18.758326,123.210,40,-6,0,0,100,1,1
2026-08-07T22:22:18.790357,123.242,39,-6,0,0,100,1,1
2026-08-07T22:22:18.813404,123.265,39,-6,0,0,100,1,1
2026-08-07T22:22:18.834890,123.286,39,-6,0,0,100,1,1
2026-08-07T22:22:18.856369,123.308,39,-6,0,0,100,1,1
2026-08-07T22:22:18.880521,123.332,39,-6,0,0,100,1,1
2026-08-07T22:22:18.913007,123.364,40,-6,0,0,100,1,1
2026-08-07T22:22:18.934578,123.386,40,-6,0,0,100,1,1
2026-08-07T22:22:18.957776,123.409,40,-6,0,0,100,1,1
2026-08-07T22:22:18.979039,123.430,39,-6,0,0,100,1,1
2026-08-07T22:22:19.001857,123.453,39,-6,0,0,100,1,1
2026-08-07T22:22:19.036868,123.488,39,-6,0,0,100,1,1
2026-08-07T22:22:19.058367,123.510,40,-6,0,0,100,1,1
2026-08-07T22:22:19.080344,123.532,40,-6,0,0,100,1,1
2026-08-07T22:22:19.103326,123.554,40,-6,0,0,100,1,1
2026-08-07T22:22:19.125962,123.577,39,-6,0,0,100,1,1
2026-08-07T22:22:19.159704,123.611,39,-6,0,0,100,1,1
2026-08-07T22:22:19.181500,123.633,39,-6,0,0,100,1,1
2026-08-07T22:22:19.202953,123.654,40,-7,0,0,100,1,1
2026-08-07T22:22:19.224596,123.676,40,-6,0,0,100,1,1
2026-08-07T22:22:19.248415,123.700,39,-6,0,0,100,1,1
2026-08-07T22:22:19.280793,123.732,39,-6,0,0,100,1,1
2026-08-07T22:22:19.303685,123.755,39,-6,0,0,100,1,1
2026-08-07T22:22:19.325480,123.777,39,-6,0,0,100,1,1
2026-08-07T22:22:19.346877,123.798,39,-5,0,0,100,1,1
2026-08-07T22:22:19.371137,123.822,39,-6,0,0,100,1,1
2026-08-07T22:22:19.403284,123.855,40,-6,0,0,100,1,1
2026-08-07T22:22:19.425027,123.876,39,-5,0,0,100,1,1
2026-08-07T22:22:19.448226,123.899,39,-5,0,0,100,1,1
2026-08-07T22:22:19.469408,123.921,40,-7,0,0,100,1,1
2026-08-07T22:22:19.492231,123.944,39,-6,0,0,100,1,1
2026-08-07T22:22:19.527303,123.979,40,-6,0,0,100,1,1
2026-08-07T22:22:19.548892,124.000,39,-6,0,0,100,1,1
2026-08-07T22:22:19.570630,124.022,39,-6,0,0,100,1,1
2026-08-07T22:22:19.593867,124.045,40,-6,0,0,100,1,1
2026-08-07T22:22:19.616421,124.068,39,-6,0,0,100,1,1
2026-08-07T22:22:19.650003,124.101,39,-6,0,0,100,1,1
2026-08-07T22:22:19.671590,124.123,40,-6,0,0,100,1,1
2026-08-07T22:22:19.693524,124.145,39,-6,0,0,100,1,1
2026-08-07T22:22:19.714881,124.166,40,-6,0,0,100,1,1
2026-08-07T22:22:19.738932,124.190,39,-6,0,0,100,1,1
2026-08-07T22:22:19.770984,124.222,40,-6,0,0,100,1,1
2026-08-07T22:22:19.794098,124.245,39,-6,0,0,100,1,1
2026-08-07T22:22:19.815729,124.267,40,-6,0,0,100,1,1
2026-08-07T22:22:19.837078,124.288,39,-6,0,0,100,1,1
2026-08-07T22:22:19.861361,124.313,40,-6,0,0,100,1,1
2026-08-07T22:22:19.893759,124.345,40,-6,0,0,100,1,1
2026-08-07T22:22:19.915272,124.367,40,-6,0,0,100,1,1
2026-08-07T22:22:19.938210,124.389,40,-6,0,0,100,1,1
2026-08-07T22:22:19.959976,124.411,39,-6,0,0,100,1,1
2026-08-07T22:22:19.983756,124.435,39,-6,0,0,100,1,1
2026-08-07T22:22:20.017820,124.469,40,-6,0,0,100,1,1
2026-08-07T22:22:20.039248,124.490,40,-6,0,0,100,1,1
2026-08-07T22:22:20.061128,124.512,40,-6,0,0,100,1,1
2026-08-07T22:22:20.084152,124.535,39,-6,0,0,100,1,1
2026-08-07T22:22:20.106917,124.558,39,-6,0,0,100,1,1
2026-08-07T22:22:20.140298,124.592,40,-6,0,0,100,1,1
2026-08-07T22:22:20.162141,124.613,39,-6,0,0,100,1,1
2026-08-07T22:22:20.183892,124.635,39,-6,0,0,100,1,1
2026-08-07T22:22:20.205168,124.656,40,-6,0,0,100,1,1
2026-08-07T22:22:20.229529,124.681,40,-6,0,0,100,1,1
2026-08-07T22:22:20.261554,124.713,39,-6,0,0,100,1,1
2026-08-07T22:22:20.284465,124.736,39,-6,0,0,100,1,1
2026-08-07T22:22:20.305912,124.757,40,-6,0,0,100,1,1
2026-08-07T22:22:20.327506,124.779,40,-6,0,0,100,1,1
2026-08-07T22:22:20.351602,124.803,40,-6,0,0,100,1,1
2026-08-07T22:22:20.384030,124.835,39,-6,0,0,100,1,1
2026-08-07T22:22:20.405637,124.857,40,-6,0,0,100,1,1
2026-08-07T22:22:20.428745,124.880,39,-6,0,0,100,1,1
2026-08-07T22:22:20.450199,124.901,39,-6,0,0,100,1,1
2026-08-07T22:22:20.473014,124.924,39,-6,0,0,100,1,1
2026-08-07T22:22:20.508071,124.959,40,-6,0,0,100,1,1
2026-08-07T22:22:20.529690,124.981,40,-6,0,0,100,1,1
2026-08-07T22:22:20.551282,125.003,40,-6,0,0,100,1,1
2026-08-07T22:22:20.574218,125.025,40,-6,0,0,100,1,1
2026-08-07T22:22:20.596987,125.048,40,-6,0,0,100,1,1
2026-08-07T22:22:20.630680,125.082,39,-6,0,0,100,1,1
2026-08-07T22:22:20.652535,125.104,39,-6,0,0,100,1,1
2026-08-07T22:22:20.674098,125.125,39,-6,0,0,100,1,1
2026-08-07T22:22:20.695728,125.147,40,-6,0,0,100,1,1
2026-08-07T22:22:20.719588,125.171,40,-6,0,0,100,1,1
2026-08-07T22:22:20.751975,125.203,39,-6,0,0,100,1,1
2026-08-07T22:22:20.774861,125.226,39,-6,0,0,100,1,1
2026-08-07T22:22:20.796786,125.248,40,-6,0,0,100,1,1
2026-08-07T22:22:20.818365,125.270,39,-6,0,0,100,1,1
2026-08-07T22:22:20.842391,125.294,40,-6,0,0,100,1,1
2026-08-07T22:22:20.874160,125.325,39,-6,0,0,100,1,1
2026-08-07T22:22:20.896107,125.347,39,-6,0,0,100,1,1
2026-08-07T22:22:20.919013,125.370,40,-6,0,0,100,1,1
2026-08-07T22:22:20.940471,125.392,39,-6,0,0,100,1,1
2026-08-07T22:22:20.963338,125.415,40,-6,0,0,100,1,1
2026-08-07T22:22:20.998530,125.450,40,-6,0,0,100,1,1
2026-08-07T22:22:21.020012,125.471,39,-6,0,0,100,1,1
2026-08-07T22:22:21.042054,125.493,40,-6,0,0,100,1,1
2026-08-07T22:22:21.064802,125.516,40,-6,0,0,100,1,1
2026-08-07T22:22:21.087445,125.539,40,-7,0,0,100,1,1
2026-08-07T22:22:21.121109,125.572,39,-6,0,0,100,1,1
2026-08-07T22:22:21.143140,125.594,39,-6,0,0,100,1,1
2026-08-07T22:22:21.164557,125.616,39,-6,0,0,100,1,1
2026-08-07T22:22:21.186066,125.637,40,-6,0,0,100,1,1
2026-08-07T22:22:21.209934,125.661,40,-6,0,0,100,1,1
2026-08-07T22:22:21.242179,125.693,40,-6,0,0,100,1,1
2026-08-07T22:22:21.264999,125.716,40,-6,0,0,100,1,1
2026-08-07T22:22:21.286986,125.738,39,-6,0,0,100,1,1
2026-08-07T22:22:21.308484,125.760,40,-7,0,0,100,1,1
2026-08-07T22:22:21.332738,125.784,40,-7,0,0,100,1,1
2026-08-07T22:22:21.364702,125.816,39,-6,0,0,100,1,1
2026-08-07T22:22:21.386439,125.838,39,-6,0,0,100,1,1
2026-08-07T22:22:21.409350,125.861,39,-6,0,0,100,1,1
2026-08-07T22:22:21.430952,125.882,40,-6,0,0,100,1,1
2026-08-07T22:22:21.453547,125.905,40,-6,0,0,100,1,1
2026-08-07T22:22:21.489176,125.940,39,-6,0,0,100,1,1
2026-08-07T22:22:21.510381,125.962,40,-7,0,0,100,1,1
2026-08-07T22:22:21.532333,125.984,40,-6,0,0,100,1,1
2026-08-07T22:22:21.555803,126.007,39,-6,0,0,100,1,1
2026-08-07T22:22:21.578282,126.030,39,-6,0,0,100,1,1
2026-08-07T22:22:21.611493,126.063,39,-6,0,0,100,1,1
2026-08-07T22:22:21.633376,126.085,39,-6,0,0,100,1,1
2026-08-07T22:22:21.654950,126.106,40,-6,0,0,100,1,1
2026-08-07T22:22:21.676386,126.128,40,-6,0,0,100,1,1
2026-08-07T22:22:21.700489,126.152,40,-6,0,0,100,1,1
2026-08-07T22:22:21.732499,126.184,40,-7,0,0,100,1,1
2026-08-07T22:22:21.755674,126.207,40,-6,0,0,100,1,1
2026-08-07T22:22:21.777193,126.228,40,-6,0,0,100,1,1
2026-08-07T22:22:21.798857,126.250,39,-6,0,0,100,1,1
2026-08-07T22:22:21.823001,126.274,39,-6,0,0,100,1,1
2026-08-07T22:22:21.855112,126.306,39,-6,0,0,100,1,1
2026-08-07T22:22:21.876788,126.328,40,-6,0,0,100,1,1
2026-08-07T22:22:21.899839,126.351,40,-6,0,0,100,1,1
2026-08-07T22:22:21.921271,126.373,39,-6,0,0,100,1,1
2026-08-07T22:22:21.944105,126.395,40,-6,0,0,100,1,1
2026-08-07T22:22:21.979051,126.430,39,-6,0,0,100,1,1
2026-08-07T22:22:22.000800,126.452,39,-6,0,0,100,1,1
2026-08-07T22:22:22.022693,126.474,40,-6,0,0,100,1,1
2026-08-07T22:22:22.045491,126.497,40,-6,0,0,100,1,1
2026-08-07T22:22:22.068129,126.519,39,-6,0,0,100,1,1
2026-08-07T22:22:22.104052,126.555,40,-6,0,0,100,1,1
2026-08-07T22:22:22.125886,126.577,40,-6,0,0,100,1,1
2026-08-07T22:22:22.147196,126.598,40,-6,0,0,100,1,1
2026-08-07T22:22:22.171635,126.623,39,-6,0,0,100,1,1
2026-08-07T22:22:22.193084,126.644,40,-6,0,0,100,1,1
2026-08-07T22:22:22.222765,126.674,39,-6,0,0,100,1,1
2026-08-07T22:22:22.245692,126.697,39,-6,0,0,100,1,1
2026-08-07T22:22:22.267750,126.719,39,-6,0,0,100,1,1
2026-08-07T22:22:22.289151,126.740,39,-6,0,0,100,1,1
2026-08-07T22:22:22.313445,126.765,39,-6,0,0,100,1,1
2026-08-07T22:22:22.345581,126.797,39,-6,0,0,100,1,1
2026-08-07T22:22:22.367144,126.818,39,-6,0,0,100,1,1
2026-08-07T22:22:22.390195,126.841,40,-6,0,0,100,1,1
2026-08-07T22:22:22.411531,126.863,39,-6,0,0,100,1,1
2026-08-07T22:22:22.434652,126.886,39,-6,0,0,100,1,1
2026-08-07T22:22:22.469483,126.921,40,-6,0,0,100,1,1
2026-08-07T22:22:22.491128,126.942,39,-6,0,0,100,1,1
2026-08-07T22:22:22.512768,126.964,39,-6,0,0,100,1,1
2026-08-07T22:22:22.535917,126.987,40,-6,0,0,100,1,1
2026-08-07T22:22:22.558491,127.010,39,-6,0,0,100,1,1
2026-08-07T22:22:22.592341,127.044,39,-5,0,0,100,1,1
2026-08-07T22:22:22.613746,127.065,39,-6,0,0,100,1,1
2026-08-07T22:22:22.635756,127.087,39,-6,0,0,100,1,1
2026-08-07T22:22:22.657135,127.108,39,-5,0,0,100,1,1
2026-08-07T22:22:22.681108,127.132,40,-6,0,0,100,1,1
2026-08-07T22:22:22.713060,127.164,40,-6,0,0,100,1,1
2026-08-07T22:22:22.736467,127.188,39,-6,0,0,100,1,1
2026-08-07T22:22:22.758148,127.209,39,-6,0,0,100,1,1
2026-08-07T22:22:22.779254,127.231,39,-6,0,0,100,1,1
2026-08-07T22:22:22.803605,127.255,40,-6,0,0,100,1,1
2026-08-07T22:22:22.836024,127.287,39,-6,0,0,100,1,1
2026-08-07T22:22:22.857753,127.309,39,-6,0,0,100,1,1
2026-08-07T22:22:22.880672,127.332,39,-6,0,0,100,1,1
2026-08-07T22:22:22.902149,127.353,39,-5,0,0,100,1,1
2026-08-07T22:22:22.924691,127.376,39,-5,0,0,100,1,1
2026-08-07T22:22:22.960126,127.411,39,-6,0,0,100,1,1
2026-08-07T22:22:22.981600,127.433,39,-6,0,0,100,1,1
2026-08-07T22:22:23.003386,127.455,39,-5,0,0,100,1,1
2026-08-07T22:22:23.026556,127.478,39,-6,0,0,100,1,1
2026-08-07T22:22:23.049021,127.500,39,-6,0,0,100,1,1
2026-08-07T22:22:23.082597,127.534,39,-5,0,0,100,1,1
2026-08-07T22:22:23.104629,127.556,39,-5,0,0,100,1,1
2026-08-07T22:22:23.126030,127.577,39,-5,0,0,100,1,1
2026-08-07T22:22:23.147345,127.599,39,-5,0,0,100,1,1
2026-08-07T22:22:23.171665,127.623,38,-5,0,0,100,1,1
2026-08-07T22:22:23.203979,127.655,38,-5,0,0,100,1,1
2026-08-07T22:22:23.226935,127.678,38,-5,0,0,100,1,1
2026-08-07T22:22:23.248436,127.700,38,-5,0,0,100,1,1
2026-08-07T22:22:23.270066,127.721,38,-5,0,0,100,1,1
2026-08-07T22:22:23.294024,127.745,39,-5,0,0,100,1,1
2026-08-07T22:22:23.326378,127.778,38,-5,0,0,100,1,1
2026-08-07T22:22:23.348025,127.799,39,-5,0,0,100,1,1
2026-08-07T22:22:23.371529,127.823,38,-4,0,0,100,1,1
2026-08-07T22:22:23.392454,127.844,38,-4,0,0,100,1,1
2026-08-07T22:22:23.415353,127.867,38,-4,0,0,100,1,1
2026-08-07T22:22:23.450166,127.901,38,-4,0,0,100,1,1
2026-08-07T22:22:23.472012,127.923,38,-5,0,0,100,1,1
2026-08-07T22:22:23.493604,127.945,38,-4,0,0,100,1,1
2026-08-07T22:22:23.516691,127.968,38,-4,0,0,100,1,1
2026-08-07T22:22:23.539422,127.991,37,-4,0,0,100,1,1
2026-08-07T22:22:23.573107,128.024,38,-4,0,0,100,1,1
2026-08-07T22:22:23.594839,128.046,38,-4,0,0,100,1,1
2026-08-07T22:22:23.616416,128.068,38,-4,0,0,100,1,1
2026-08-07T22:22:23.637917,128.089,38,-4,0,0,100,1,1
2026-08-07T22:22:23.661838,128.113,38,-4,0,0,100,1,1
2026-08-07T22:22:23.694033,128.145,38,-4,0,0,100,1,1
2026-08-07T22:22:23.717040,128.168,38,-4,0,0,100,1,1
2026-08-07T22:22:23.738923,128.190,38,-4,0,0,100,1,1
2026-08-07T22:22:23.760195,128.211,38,-4,0,0,100,1,1
2026-08-07T22:22:23.784516,128.236,38,-4,0,0,100,1,1
2026-08-07T22:22:23.816736,128.268,38,-4,0,0,100,1,1
2026-08-07T22:22:23.838327,128.290,38,-4,0,0,100,1,1
2026-08-07T22:22:23.861454,128.313,38,-4,0,0,100,1,1
2026-08-07T22:22:23.882680,128.334,38,-4,0,0,100,1,1
2026-08-07T22:22:23.905608,128.357,38,-4,0,0,100,1,1
2026-08-07T22:22:23.940818,128.392,37,-4,0,0,100,1,1
2026-08-07T22:22:23.962618,128.414,37,-4,0,0,100,1,1
2026-08-07T22:22:23.983930,128.435,38,-4,0,0,100,1,1
2026-08-07T22:22:24.007398,128.459,38,-4,0,0,100,1,1
2026-08-07T22:22:24.029780,128.481,38,-4,0,0,100,1,1
2026-08-07T22:22:24.063331,128.515,38,-4,0,0,100,1,1
2026-08-07T22:22:24.085157,128.536,38,-4,0,0,100,1,1
2026-08-07T22:22:24.106970,128.558,38,-4,0,0,100,1,1
2026-08-07T22:22:24.128167,128.579,38,-4,0,0,100,1,1
2026-08-07T22:22:24.152237,128.604,37,-4,0,0,100,1,1
2026-08-07T22:22:24.184390,128.636,38,-4,0,0,100,1,1
2026-08-07T22:22:24.207542,128.659,38,-4,0,0,100,1,1
2026-08-07T22:22:24.230376,128.682,37,-4,0,0,100,1,1
2026-08-07T22:22:24.251769,128.703,37,-4,0,0,100,1,1
2026-08-07T22:22:24.275298,128.726,38,-4,0,0,100,1,1
2026-08-07T22:22:24.307115,128.758,37,-4,0,0,100,1,1
2026-08-07T22:22:24.328813,128.780,37,-4,0,0,100,1,1
2026-08-07T22:22:24.351908,128.803,37,-4,0,0,100,1,1
2026-08-07T22:22:24.373164,128.824,37,-4,0,0,100,1,1
2026-08-07T22:22:24.396155,128.847,37,-4,0,0,100,1,1
2026-08-07T22:22:24.431182,128.882,37,-4,0,0,100,1,1
2026-08-07T22:22:24.452772,128.904,37,-4,0,0,100,1,1
2026-08-07T22:22:24.474697,128.926,38,-4,0,0,100,1,1
2026-08-07T22:22:24.498113,128.949,37,-4,0,0,100,1,1
2026-08-07T22:22:24.520473,128.972,37,-4,0,0,100,1,1
2026-08-07T22:22:24.553781,129.005,37,-4,0,0,100,1,1
2026-08-07T22:22:24.575834,129.027,37,-4,0,0,100,1,1
2026-08-07T22:22:24.597656,129.049,37,-4,0,0,100,1,1
2026-08-07T22:22:24.618864,129.070,37,-4,0,0,100,1,1
2026-08-07T22:22:24.643000,129.094,37,-4,0,0,100,1,1
2026-08-07T22:22:24.674999,129.126,37,-4,0,0,100,1,1
2026-08-07T22:22:24.698330,129.150,38,-4,0,0,100,1,1
2026-08-07T22:22:24.720031,129.171,37,-4,0,0,100,1,1
2026-08-07T22:22:24.741441,129.193,37,-4,0,0,100,1,1
2026-08-07T22:22:24.765457,129.217,37,-4,0,0,100,1,1
2026-08-07T22:22:24.797669,129.249,37,-4,0,0,100,1,1
2026-08-07T22:22:24.819428,129.271,37,-4,0,0,100,1,1
2026-08-07T22:22:24.842812,129.294,37,-4,0,0,100,1,1
2026-08-07T22:22:24.864151,129.315,37,-4,0,0,100,1,1
2026-08-07T22:22:24.886786,129.338,37,-4,0,0,100,1,1
2026-08-07T22:22:24.921497,129.373,37,-4,0,0,100,1,1
2026-08-07T22:22:24.943568,129.395,37,-4,0,0,100,1,1
2026-08-07T22:22:24.965718,129.417,37,-4,0,0,100,1,1
2026-08-07T22:22:24.989886,129.441,37,-4,0,0,100,1,1
2026-08-07T22:22:25.011598,129.463,37,-4,0,0,100,1,1
2026-08-07T22:22:25.044295,129.496,37,-4,0,0,100,1,1
2026-08-07T22:22:25.066489,129.518,37,-4,0,0,100,1,1
2026-08-07T22:22:25.088445,129.540,37,-3,0,0,100,1,1
2026-08-07T22:22:25.109866,129.561,37,-4,0,0,100,1,1
2026-08-07T22:22:25.134345,129.586,37,-3,0,0,100,1,1
2026-08-07T22:22:25.165490,129.617,37,-3,0,0,100,1,1
2026-08-07T22:22:25.188945,129.640,36,-3,0,0,100,1,1
2026-08-07T22:22:25.210995,129.662,37,-3,0,0,100,1,1
2026-08-07T22:22:25.232591,129.684,37,-3,0,0,100,1,1
2026-08-07T22:22:25.256384,129.708,36,-3,0,0,100,1,1
2026-08-07T22:22:25.288104,129.739,37,-3,0,0,100,1,1
2026-08-07T22:22:25.310381,129.762,36,-3,0,0,100,1,1
2026-08-07T22:22:25.333973,129.785,37,-3,0,0,100,1,1
2026-08-07T22:22:25.355556,129.807,37,-3,0,0,100,1,1
2026-08-07T22:22:25.378675,129.830,37,-3,0,0,100,1,1
2026-08-07T22:22:25.412347,129.864,37,-3,0,0,100,1,1
2026-08-07T22:22:25.434421,129.886,37,-4,0,0,100,1,1
2026-08-07T22:22:25.456389,129.908,37,-3,0,0,100,1,1
2026-08-07T22:22:25.480744,129.932,36,-3,0,0,100,1,1
2026-08-07T22:22:25.502832,129.954,37,-4,0,0,100,1,1
2026-08-07T22:22:25.535275,129.987,37,-3,0,0,100,1,1
2026-08-07T22:22:25.557387,130.009,36,-3,0,0,100,1,1
2026-08-07T22:22:25.579671,130.031,37,-3,0,0,100,1,1
2026-08-07T22:22:25.604263,130.056,37,-3,0,0,100,1,1
2026-08-07T22:22:25.626605,130.078,37,-3,0,0,100,1,1
2026-08-07T22:22:25.656227,130.107,37,-3,0,0,100,1,1
2026-08-07T22:22:25.679746,130.131,37,-4,0,0,100,1,1
2026-08-07T22:22:25.702023,130.153,37,-3,0,0,100,1,1
2026-08-07T22:22:25.725522,130.177,37,-3,0,0,100,1,1
2026-08-07T22:22:25.748667,130.200,36,-3,0,0,100,1,1
2026-08-07T22:22:25.778723,130.230,37,-3,0,0,100,1,1
2026-08-07T22:22:25.800896,130.252,37,-3,0,0,100,1,1
2026-08-07T22:22:25.824244,130.275,37,-4,0,0,100,1,1
2026-08-07T22:22:25.845912,130.297,37,-3,0,0,100,1,1
2026-08-07T22:22:25.869261,130.320,37,-3,0,0,100,1,1
2026-08-07T22:22:25.902651,130.354,37,-3,0,0,100,1,1
2026-08-07T22:22:25.924518,130.376,37,-3,0,0,100,1,1
2026-08-07T22:22:25.946967,130.398,37,-3,0,0,100,1,1
2026-08-07T22:22:25.971445,130.423,37,-3,0,0,100,1,1
2026-08-07T22:22:25.993780,130.445,36,-3,0,0,100,1,1
2026-08-07T22:22:26.025165,130.476,37,-3,0,0,100,1,1
2026-08-07T22:22:26.047542,130.499,37,-3,0,0,100,1,1
2026-08-07T22:22:26.069990,130.521,37,-3,0,0,100,1,1
2026-08-07T22:22:26.094596,130.546,37,-3,0,0,100,1,1
2026-08-07T22:22:26.116732,130.568,37,-4,0,0,100,1,1
2026-08-07T22:22:26.146459,130.598,37,-4,0,0,100,1,1
2026-08-07T22:22:26.170046,130.621,37,-3,0,0,100,1,1
2026-08-07T22:22:26.192134,130.643,37,-3,0,0,100,1,1
2026-08-07T22:22:26.214165,130.665,37,-3,0,0,100,1,1
2026-08-07T22:22:26.238188,130.689,37,-4,0,0,100,1,1
2026-08-07T22:22:26.269107,130.720,37,-4,0,0,100,1,1
2026-08-07T22:22:26.291193,130.742,37,-4,0,0,100,1,1
2026-08-07T22:22:26.314660,130.766,37,-3,0,0,100,1,1
2026-08-07T22:22:26.339418,130.791,37,-4,0,0,100,1,1
2026-08-07T22:22:26.361559,130.813,37,-3,0,0,100,1,1
2026-08-07T22:22:26.392833,130.844,37,-3,0,0,100,1,1
2026-08-07T22:22:26.415078,130.866,37,-3,0,0,100,1,1
2026-08-07T22:22:26.437511,130.889,37,-3,0,0,100,1,1
2026-08-07T22:22:26.462027,130.913,37,-3,0,0,100,1,1
2026-08-07T22:22:26.484046,130.935,37,-3,0,0,100,1,1
2026-08-07T22:22:26.515908,130.967,37,-3,0,0,100,1,1
2026-08-07T22:22:26.538032,130.989,37,-4,0,0,100,1,1
2026-08-07T22:22:26.559949,131.011,37,-4,0,0,100,1,1
2026-08-07T22:22:26.584657,131.036,37,-3,0,0,100,1,1
2026-08-07T22:22:26.606671,131.058,37,-3,0,0,100,1,1
2026-08-07T22:22:26.637054,131.088,37,-3,0,0,100,1,1
2026-08-07T22:22:26.660264,131.112,37,-3,0,0,100,1,1
2026-08-07T22:22:26.682994,131.134,37,-3,0,0,100,1,1
2026-08-07T22:22:26.705494,131.157,37,-3,0,0,100,1,1
2026-08-07T22:22:26.729206,131.180,37,-3,0,0,100,1,1
2026-08-07T22:22:26.759279,131.211,37,-3,0,0,100,1,1
2026-08-07T22:22:26.781610,131.233,37,-4,0,0,100,1,1
2026-08-07T22:22:26.805186,131.256,37,-3,0,0,100,1,1
2026-08-07T22:22:26.826794,131.278,37,-3,0,0,100,1,1
2026-08-07T22:22:26.850065,131.301,37,-3,0,0,100,1,1
2026-08-07T22:22:26.883507,131.335,37,-3,0,0,100,1,1
2026-08-07T22:22:26.905312,131.357,37,-3,0,0,100,1,1
2026-08-07T22:22:26.927509,131.379,37,-3,0,0,100,1,1
2026-08-07T22:22:26.951946,131.403,37,-3,0,0,100,1,1
2026-08-07T22:22:26.973816,131.425,37,-3,0,0,100,1,1
2026-08-07T22:22:27.006227,131.457,37,-4,0,0,100,1,1
2026-08-07T22:22:27.028175,131.479,37,-4,0,0,100,1,1
2026-08-07T22:22:27.050556,131.502,37,-3,0,0,100,1,1
2026-08-07T22:22:27.074665,131.526,37,-3,0,0,100,1,1
2026-08-07T22:22:27.097067,131.548,37,-4,0,0,100,1,1
2026-08-07T22:22:27.126861,131.578,37,-3,0,0,100,1,1
2026-08-07T22:22:27.150467,131.602,37,-3,0,0,100,1,1
2026-08-07T22:22:27.172654,131.624,37,-3,0,0,100,1,1
2026-08-07T22:22:27.194140,131.645,37,-4,0,0,100,1,1
2026-08-07T22:22:27.218626,131.670,38,-4,0,0,100,1,1
2026-08-07T22:22:27.249842,131.701,38,-4,0,0,100,1,1
2026-08-07T22:22:27.271886,131.723,38,-4,0,0,100,1,1
2026-08-07T22:22:27.295293,131.747,38,-4,0,0,100,1,1
2026-08-07T22:22:27.317149,131.768,38,-4,0,0,100,1,1
2026-08-07T22:22:27.340073,131.791,38,-4,0,0,100,1,1
2026-08-07T22:22:27.373986,131.825,38,-4,0,0,100,1,1
2026-08-07T22:22:27.395941,131.847,38,-4,0,0,100,1,1
2026-08-07T22:22:27.418428,131.870,38,-4,0,0,100,1,1
2026-08-07T22:22:27.442874,131.894,39,-4,0,0,100,1,1
2026-08-07T22:22:27.464984,131.916,39,-5,0,0,100,1,1
2026-08-07T22:22:27.496318,131.948,40,-5,0,0,100,1,1
2026-08-07T22:22:27.518892,131.970,40,-5,0,0,100,1,1
2026-08-07T22:22:27.541006,131.992,40,-5,0,0,100,1,1
2026-08-07T22:22:27.565315,132.017,40,-5,0,0,100,1,1
2026-08-07T22:22:27.587336,132.039,41,-6,0,0,100,1,1
2026-08-07T22:22:27.617604,132.069,41,-6,0,0,100,1,1
2026-08-07T22:22:27.641108,132.092,42,-6,0,0,100,1,1
2026-08-07T22:22:27.663190,132.114,43,-7,0,0,100,1,1
2026-08-07T22:22:27.685001,132.136,44,-7,0,0,100,1,1
2026-08-07T22:22:27.709389,132.161,44,-7,0,0,100,1,1
2026-08-07T22:22:27.740189,132.191,45,-8,0,0,100,1,1
2026-08-07T22:22:27.762387,132.214,45,-8,0,0,100,1,1
2026-08-07T22:22:27.786156,132.237,45,-8,0,0,100,1,1
2026-08-07T22:22:27.809192,132.260,46,-8,0,0,100,1,1
2026-08-07T22:22:27.831210,132.282,46,-8,0,0,100,1,1
2026-08-07T22:22:27.864108,132.315,46,-8,0,0,100,1,1
2026-08-07T22:22:27.886352,132.338,46,-8,0,0,100,1,1
2026-08-07T22:22:27.908760,132.360,45,-8,0,0,100,1,1
2026-08-07T22:22:27.933583,132.385,46,-8,0,0,100,1,1
2026-08-07T22:22:27.955583,132.407,46,-8,0,0,100,1,1
2026-08-07T22:22:27.987057,132.438,45,-8,0,0,100,1,1
2026-08-07T22:22:28.009079,132.460,46,-8,0,0,100,1,1
2026-08-07T22:22:28.031581,132.483,46,-8,0,0,100,1,1
2026-08-07T22:22:28.056329,132.508,46,-8,0,0,100,1,1
2026-08-07T22:22:28.078458,132.530,45,-8,0,0,100,1,1
2026-08-07T22:22:28.108072,132.559,46,-8,0,0,100,1,1
2026-08-07T22:22:28.131371,132.583,46,-8,0,0,100,1,1
2026-08-07T22:22:28.153820,132.605,45,-8,0,0,100,1,1
2026-08-07T22:22:28.176865,132.628,45,-8,0,0,100,1,1
2026-08-07T22:22:28.200341,132.652,45,-8,0,0,100,1,1
2026-08-07T22:22:28.230693,132.682,46,-8,0,0,100,1,1
2026-08-07T22:22:28.253091,132.704,45,-8,0,0,100,1,1
2026-08-07T22:22:28.276687,132.728,46,-8,0,0,100,1,1
2026-08-07T22:22:28.299682,132.751,46,-8,0,0,100,1,1
2026-08-07T22:22:28.321512,132.773,46,-8,0,0,100,1,1
2026-08-07T22:22:28.354494,132.806,47,-9,0,0,100,1,1
2026-08-07T22:22:28.376464,132.828,50,-11,0,0,100,1,1
2026-08-07T22:22:28.398678,132.850,55,-15,0,0,100,1,1
2026-08-07T22:22:28.423248,132.875,33,-1,0,0,100,1,1
2026-08-07T22:22:28.444963,132.896,47,-9,0,0,100,1,1
2026-08-07T22:22:28.477630,132.929,47,-9,0,0,100,1,1
2026-08-07T22:22:28.499720,132.951,47,-9,0,0,100,1,1
2026-08-07T22:22:28.521991,132.973,47,-9,0,0,100,1,1
2026-08-07T22:22:28.546466,132.998,46,-9,0,0,100,1,1
2026-08-07T22:22:28.569046,133.020,46,-9,0,0,100,1,1
2026-08-07T22:22:28.598429,133.050,47,-9,0,0,100,1,1
2026-08-07T22:22:28.622060,133.073,47,-9,0,0,100,1,1
2026-08-07T22:22:28.644462,133.096,47,-8,0,0,100,1,1
2026-08-07T22:22:28.667739,133.119,47,-9,0,0,100,1,1
2026-08-07T22:22:28.691332,133.143,47,-9,0,0,100,1,1
2026-08-07T22:22:28.721055,133.172,47,-9,0,0,100,1,1
2026-08-07T22:22:28.743316,133.195,47,-9,0,0,100,1,1
2026-08-07T22:22:28.767140,133.218,48,-9,0,0,100,1,1
2026-08-07T22:22:28.790342,133.242,48,-9,0,0,100,1,1
2026-08-07T22:22:28.812230,133.263,47,-9,0,0,100,1,1
2026-08-07T22:22:28.845124,133.296,45,-9,0,0,100,1,1
2026-08-07T22:22:28.866993,133.318,44,-9,0,0,100,1,1
2026-08-07T22:22:28.889462,133.341,43,-9,0,0,100,1,1
2026-08-07T22:22:28.914099,133.365,43,-9,0,0,100,1,1
2026-08-07T22:22:28.936312,133.388,43,-9,0,0,100,1,1
2026-08-07T22:22:28.967475,133.419,43,-9,0,0,100,1,1
2026-08-07T22:22:28.989751,133.441,43,-9,0,0,100,1,1
2026-08-07T22:22:29.012123,133.463,43,-9,0,0,100,1,1
2026-08-07T22:22:29.036678,133.488,43,-9,0,0,100,1,1
2026-08-07T22:22:29.058842,133.510,43,-9,0,0,100,1,1
2026-08-07T22:22:29.088834,133.540,43,-9,0,0,100,1,1
2026-08-07T22:22:29.112385,133.564,43,-9,0,0,100,1,1
2026-08-07T22:22:29.134694,133.586,43,-9,0,0,100,1,1
2026-08-07T22:22:29.157896,133.609,42,-9,0,0,100,1,1
2026-08-07T22:22:29.180988,133.632,43,-9,0,0,100,1,1
2026-08-07T22:22:29.211277,133.663,43,-9,0,0,100,1,1
2026-08-07T22:22:29.233229,133.684,43,-9,0,0,100,1,1
2026-08-07T22:22:29.257291,133.709,43,-9,0,0,100,1,1
2026-08-07T22:22:29.279058,133.730,43,-9,0,0,100,1,1
2026-08-07T22:22:29.301912,133.753,43,-9,0,0,100,1,1
2026-08-07T22:22:29.335253,133.786,43,-9,0,0,100,1,1
2026-08-07T22:22:29.357504,133.809,42,-9,0,0,100,1,1
2026-08-07T22:22:29.379634,133.831,43,-9,0,0,100,1,1
2026-08-07T22:22:29.404400,133.856,42,-9,0,0,100,1,1
2026-08-07T22:22:29.426477,133.878,42,-8,0,0,100,1,1
2026-08-07T22:22:29.458029,133.909,42,-8,0,0,100,1,1
2026-08-07T22:22:29.480262,133.931,42,-8,0,0,100,1,1
2026-08-07T22:22:29.502474,133.954,42,-9,0,0,100,1,1
2026-08-07T22:22:29.526919,133.978,42,-8,0,0,100,1,1
2026-08-07T22:22:29.548939,134.000,42,-8,0,0,100,1,1
2026-08-07T22:22:29.579134,134.030,42,-8,0,0,100,1,1
2026-08-07T22:22:29.602470,134.054,42,-9,0,0,100,1,1
2026-08-07T22:22:29.624990,134.076,42,-9,0,0,100,1,1
2026-08-07T22:22:29.648074,134.099,42,-9,0,0,100,1,1
2026-08-07T22:22:29.671722,134.123,42,-9,0,0,100,1,1
2026-08-07T22:22:29.701937,134.153,42,-9,0,0,100,1,1
2026-08-07T22:22:29.724525,134.176,42,-9,0,0,100,1,1
2026-08-07T22:22:29.748324,134.200,42,-9,0,0,100,1,1
2026-08-07T22:22:29.771592,134.223,42,-9,0,0,100,1,1
2026-08-07T22:22:29.793922,134.245,42,-9,0,0,100,1,1
2026-08-07T22:22:29.826037,134.277,42,-9,0,0,100,1,1
2026-08-07T22:22:29.848207,134.299,42,-9,0,0,100,1,1
2026-08-07T22:22:29.870683,134.322,42,-9,0,0,100,1,1
2026-08-07T22:22:29.895830,134.347,42,-9,0,0,100,1,1
2026-08-07T22:22:29.918056,134.369,42,-9,0,0,100,1,1
2026-08-07T22:22:29.948811,134.400,42,-9,0,0,100,1,1
2026-08-07T22:22:29.971271,134.423,42,-9,0,0,100,1,1
2026-08-07T22:22:29.993813,134.445,42,-9,0,0,100,1,1
2026-08-07T22:22:30.018881,134.470,42,-9,0,0,100,1,1
2026-08-07T22:22:30.041327,134.493,42,-9,0,0,100,1,1
2026-08-07T22:22:30.069849,134.521,42,-9,0,0,100,1,1
2026-08-07T22:22:30.093746,134.545,42,-9,0,0,100,1,1
2026-08-07T22:22:30.116204,134.567,42,-9,0,0,100,1,1
2026-08-07T22:22:30.139445,134.591,42,-9,0,0,100,1,1
2026-08-07T22:22:30.163041,134.614,42,-9,0,0,100,1,1
2026-08-07T22:22:30.192180,134.643,42,-9,0,0,100,1,1
2026-08-07T22:22:30.214499,134.666,42,-9,0,0,100,1,1
2026-08-07T22:22:30.238385,134.690,42,-9,0,0,100,1,1
2026-08-07T22:22:30.261820,134.713,42,-9,0,0,100,1,1
2026-08-07T22:22:30.283942,134.735,42,-9,0,0,100,1,1
2026-08-07T22:22:30.316420,134.768,42,-9,0,0,100,1,1
2026-08-07T22:22:30.338445,134.790,42,-9,0,0,100,1,1
2026-08-07T22:22:30.361139,134.812,42,-9,0,0,100,1,1
2026-08-07T22:22:30.386269,134.837,42,-9,0,0,100,1,1
2026-08-07T22:22:30.408440,134.860,42,-9,0,0,100,1,1
2026-08-07T22:22:30.438983,134.890,42,-9,0,0,100,1,1
2026-08-07T22:22:30.461644,134.913,42,-9,0,0,100,1,1
2026-08-07T22:22:30.484011,134.935,42,-9,0,0,100,1,1
2026-08-07T22:22:30.508846,134.960,43,-9,0,0,100,1,1
2026-08-07T22:22:30.531299,134.983,42,-9,0,0,100,1,1
2026-08-07T22:22:30.560269,135.012,42,-9,0,0,100,1,1
2026-08-07T22:22:30.586410,135.038,43,-9,0,0,100,1,1
2026-08-07T22:22:30.608550,135.060,42,-9,0,0,100,1,1
2026-08-07T22:22:30.631769,135.083,43,-9,0,0,100,1,1
2026-08-07T22:22:30.666391,135.118,43,-9,0,0,100,1,1
2026-08-07T22:22:30.689121,135.140,43,-9,0,0,100,1,1
2026-08-07T22:22:30.711419,135.163,43,-9,0,0,100,1,1
2026-08-07T22:22:30.736739,135.188,43,-9,0,0,100,1,1
2026-08-07T22:22:30.759163,135.210,43,-9,0,0,100,1,1
2026-08-07T22:22:30.789481,135.241,44,-10,0,0,100,1,1
2026-08-07T22:22:30.811635,135.263,44,-10,0,0,100,1,1
2026-08-07T22:22:30.834080,135.285,44,-10,0,0,100,1,1
2026-08-07T22:22:30.858763,135.310,44,-10,0,0,100,1,1
2026-08-07T22:22:30.880988,135.332,44,-10,0,0,100,1,1
2026-08-07T22:22:30.910372,135.362,43,-10,0,0,100,1,1
2026-08-07T22:22:30.934072,135.385,42,-9,0,0,100,1,1
2026-08-07T22:22:30.956519,135.408,41,-9,0,0,100,1,1
2026-08-07T22:22:30.979640,135.431,41,-8,0,0,100,1,1
2026-08-07T22:22:31.003257,135.454,40,-8,0,0,100,1,1
2026-08-07T22:22:31.033196,135.484,38,-7,0,0,100,1,1
2026-08-07T22:22:31.055606,135.507,37,-7,0,0,100,1,1
2026-08-07T22:22:31.079627,135.531,37,-6,0,0,100,1,1
2026-08-07T22:22:31.102489,135.554,37,-6,0,0,100,1,1
2026-08-07T22:22:31.124927,135.576,37,-7,0,0,100,1,1
2026-08-07T22:22:31.157134,135.608,37,-7,0,0,100,1,1
2026-08-07T22:22:31.179067,135.630,37,-6,0,0,100,1,1
2026-08-07T22:22:31.201855,135.653,37,-7,0,0,100,1,1
2026-08-07T22:22:31.226602,135.678,37,-7,0,0,100,1,1
2026-08-07T22:22:31.248741,135.700,37,-6,0,0,100,1,1
2026-08-07T22:22:31.279939,135.731,37,-6,0,0,100,1,1
2026-08-07T22:22:31.302236,135.753,37,-6,0,0,100,1,1
2026-08-07T22:22:31.324410,135.776,37,-6,0,0,100,1,1
2026-08-07T22:22:31.349523,135.801,37,-7,0,0,100,1,1
2026-08-07T22:22:31.371606,135.823,37,-6,0,0,100,1,1
2026-08-07T22:22:31.400938,135.852,36,-6,0,0,100,1,1
2026-08-07T22:22:31.424220,135.875,37,-6,0,0,100,1,1
2026-08-07T22:22:31.446661,135.898,36,-5,0,0,100,1,1
2026-08-07T22:22:31.470135,135.921,36,-6,0,0,100,1,1
2026-08-07T22:22:31.493632,135.945,36,-6,0,0,100,1,1
2026-08-07T22:22:31.523812,135.975,36,-6,0,0,100,1,1
2026-08-07T22:22:31.545799,135.997,36,-6,0,0,100,1,1
2026-08-07T22:22:31.569911,136.021,37,-6,0,0,100,1,1
2026-08-07T22:22:31.592948,136.044,36,-6,0,0,100,1,1
2026-08-07T22:22:31.615295,136.067,37,-6,0,0,100,1,1
2026-08-07T22:22:31.647259,136.098,36,-6,0,0,100,1,1
2026-08-07T22:22:31.669620,136.121,37,-6,0,0,100,1,1
2026-08-07T22:22:31.692062,136.143,37,-6,0,0,100,1,1
2026-08-07T22:22:31.716999,136.168,36,-5,0,0,100,1,1
2026-08-07T22:22:31.739108,136.190,36,-5,0,0,100,1,1
2026-08-07T22:22:31.770028,136.221,36,-5,0,0,100,1,1
2026-08-07T22:22:31.792256,136.243,36,-6,0,0,100,1,1
2026-08-07T22:22:31.814503,136.266,36,-5,0,0,100,1,1
2026-08-07T22:22:31.839394,136.291,36,-5,0,0,100,1,1
2026-08-07T22:22:31.861662,136.313,36,-5,0,0,100,1,1
2026-08-07T22:22:31.891048,136.342,36,-6,0,0,100,1,1
2026-08-07T22:22:31.914702,136.366,37,-6,0,0,100,1,1
2026-08-07T22:22:31.937403,136.389,36,-5,0,0,100,1,1
2026-08-07T22:22:31.960541,136.412,36,-5,0,0,100,1,1
2026-08-07T22:22:31.984152,136.435,36,-5,0,0,100,1,1
2026-08-07T22:22:32.013815,136.465,36,-5,0,0,100,1,1
2026-08-07T22:22:32.036029,136.487,36,-5,0,0,100,1,1
2026-08-07T22:22:32.059940,136.511,36,-6,0,0,100,1,1
2026-08-07T22:22:32.083066,136.534,37,-6,0,0,100,1,1
2026-08-07T22:22:32.105372,136.557,36,-6,0,0,100,1,1
2026-08-07T22:22:32.137617,136.589,37,-6,0,0,100,1,1
2026-08-07T22:22:32.160177,136.611,36,-6,0,0,100,1,1
2026-08-07T22:22:32.182553,136.634,37,-7,0,0,100,1,1
2026-08-07T22:22:32.207961,136.659,37,-6,0,0,100,1,1
2026-08-07T22:22:32.230144,136.681,36,-6,0,0,100,1,1
2026-08-07T22:22:32.260622,136.712,36,-5,0,0,100,1,1
2026-08-07T22:22:32.282956,136.734,35,-5,0,0,100,1,1
2026-08-07T22:22:32.305466,136.757,34,-5,0,0,100,1,1
2026-08-07T22:22:32.329985,136.781,34,-5,0,0,100,1,1
2026-08-07T22:22:32.352706,136.804,34,-5,0,0,100,1,1
2026-08-07T22:22:32.381404,136.833,34,-5,0,0,100,1,1
2026-08-07T22:22:32.405339,136.857,34,-5,0,0,100,1,1
2026-08-07T22:22:32.427917,136.879,34,-5,0,0,100,1,1
2026-08-07T22:22:32.451236,136.902,34,-5,0,0,100,1,1
2026-08-07T22:22:32.474877,136.926,34,-5,0,0,100,1,1
2026-08-07T22:22:32.504463,136.956,33,-4,0,0,100,1,1
2026-08-07T22:22:32.526737,136.978,33,-4,0,0,100,1,1
2026-08-07T22:22:32.550504,137.002,32,-4,0,0,100,1,1
2026-08-07T22:22:32.573934,137.025,32,-4,0,0,100,1,1
2026-08-07T22:22:32.596309,137.048,33,-4,0,0,100,1,1
2026-08-07T22:22:32.628176,137.079,33,-4,0,0,100,1,1
2026-08-07T22:22:32.650347,137.102,33,-4,0,0,100,1,1
2026-08-07T22:22:32.673046,137.124,32,-4,0,0,100,1,1
2026-08-07T22:22:32.699317,137.151,33,-4,0,0,100,1,1
2026-08-07T22:22:32.721807,137.173,32,-4,0,0,100,1,1
2026-08-07T22:22:32.750912,137.202,32,-4,0,0,100,1,1
2026-08-07T22:22:32.773596,137.225,32,-4,0,0,100,1,1
2026-08-07T22:22:32.796141,137.247,31,-4,0,0,100,1,1
2026-08-07T22:22:32.820710,137.272,31,-4,0,0,100,1,1
2026-08-07T22:22:32.843067,137.294,31,-3,0,0,100,1,1
2026-08-07T22:22:32.872048,137.323,30,-2,0,0,100,1,1
2026-08-07T22:22:32.895685,137.347,30,-3,0,0,100,1,1
2026-08-07T22:22:32.918172,137.369,30,-3,0,0,100,1,1
2026-08-07T22:22:32.941307,137.393,31,-4,0,0,100,1,1
2026-08-07T22:22:32.965000,137.416,30,-4,0,0,100,1,1
2026-08-07T22:22:32.994603,137.446,30,-4,0,0,100,1,1
2026-08-07T22:22:33.016930,137.468,29,-3,0,0,100,1,1
2026-08-07T22:22:33.041022,137.492,28,-2,0,0,100,1,1
2026-08-07T22:22:33.064051,137.515,29,-3,0,0,100,1,1
2026-08-07T22:22:33.086449,137.538,29,-3,0,0,100,1,1
2026-08-07T22:22:33.118443,137.570,29,-3,0,0,100,1,1
2026-08-07T22:22:33.140858,137.592,27,-1,0,0,100,1,1
2026-08-07T22:22:33.163248,137.614,28,-2,0,0,100,1,1
2026-08-07T22:22:33.188196,137.639,28,-2,0,0,100,1,1
2026-08-07T22:22:33.210429,137.662,28,-3,0,0,100,1,1
2026-08-07T22:22:33.241499,137.693,28,-2,0,0,100,1,1
2026-08-07T22:22:33.264050,137.715,27,-2,0,0,100,1,1
2026-08-07T22:22:33.286295,137.738,28,-3,0,0,100,1,1
2026-08-07T22:22:33.311014,137.762,27,-2,0,0,100,1,1
2026-08-07T22:22:33.333172,137.784,27,-2,0,0,100,1,1
2026-08-07T22:22:33.362341,137.814,27,-2,0,0,100,1,1
2026-08-07T22:22:33.386005,137.837,133,179,0,0,100,1,1
2026-08-07T22:22:33.408868,137.860,26,-1,0,0,100,1,1
2026-08-07T22:22:33.431942,137.883,25,0,0,0,100,1,1
2026-08-07T22:22:33.455675,137.907,25,0,0,0,100,1,1
2026-08-07T22:22:33.485187,137.936,25,0,0,0,100,1,1
2026-08-07T22:22:33.507421,137.959,25,0,0,0,100,1,1
2026-08-07T22:22:33.531216,137.982,25,-1,0,0,100,1,1
2026-08-07T22:22:33.554728,138.006,25,-1,0,0,100,1,1
2026-08-07T22:22:33.577085,138.028,24,0,0,0,100,1,1
2026-08-07T22:22:33.608921,138.060,131,180,0,0,100,1,1
2026-08-07T22:22:33.631221,138.082,24,0,0,0,100,1,1
2026-08-07T22:22:33.653564,138.105,22,2,0,0,100,1,1
2026-08-07T22:22:33.678458,138.130,131,180,0,0,100,1,1
2026-08-07T22:22:33.700696,138.152,22,1,0,0,100,1,1
2026-08-07T22:22:33.731839,138.183,22,1,0,0,100,1,1
2026-08-07T22:22:33.754050,138.205,131,180,0,0,100,1,1
2026-08-07T22:22:33.776865,138.228,131,180,0,0,100,1,1
2026-08-07T22:22:33.801846,138.253,131,180,0,0,100,1,1
2026-08-07T22:22:33.824263,138.275,131,180,0,0,100,1,1
2026-08-07T22:22:33.852832,138.304,130,180,0,0,100,1,1
2026-08-07T22:22:33.876528,138.328,23,0,0,0,100,1,1
2026-08-07T22:22:33.899670,138.351,130,180,0,0,100,1,1
2026-08-07T22:22:33.922489,138.374,131,181,0,0,100,1,1
2026-08-07T22:22:33.946046,138.397,22,2,0,0,100,1,1
2026-08-07T22:22:33.975099,138.426,130,180,0,0,100,1,1
2026-08-07T22:22:33.997454,138.449,130,181,0,0,100,1,1
2026-08-07T22:22:34.021209,138.472,130,180,0,0,100,1,1
2026-08-07T22:22:34.044616,138.496,130,181,0,0,100,1,1
2026-08-07T22:22:34.066563,138.518,130,181,0,0,100,1,1
2026-08-07T22:22:34.099142,138.550,130,181,0,0,100,1,1
2026-08-07T22:22:34.121429,138.573,130,180,0,0,100,1,1
2026-08-07T22:22:34.144100,138.595,130,181,0,0,100,1,1
2026-08-07T22:22:34.168696,138.620,130,180,0,0,100,1,1
2026-08-07T22:22:34.191300,138.643,130,180,0,0,100,1,1
2026-08-07T22:22:34.222272,138.673,131,181,0,0,100,1,1
2026-08-07T22:22:34.244783,138.696,131,181,0,0,100,1,1
2026-08-07T22:22:34.267072,138.718,21,2,0,0,100,1,1
2026-08-07T22:22:34.292201,138.743,131,181,0,0,100,1,1
2026-08-07T22:22:34.314381,138.766,131,181,0,0,100,1,1
2026-08-07T22:22:34.343337,138.795,132,181,0,0,100,1,1
2026-08-07T22:22:34.366884,138.818,131,180,0,0,100,1,1
2026-08-07T22:22:34.389542,138.841,22,1,0,0,100,1,1
2026-08-07T22:22:34.412919,138.864,131,180,0,0,100,1,1
2026-08-07T22:22:34.436248,138.887,22,1,0,0,100,1,1
2026-08-07T22:22:34.465718,138.917,134,180,0,0,100,1,1
2026-08-07T22:22:34.487848,138.939,21,2,0,0,100,1,1
2026-08-07T22:22:34.511708,138.963,135,181,0,0,100,1,1
2026-08-07T22:22:34.534986,138.986,135,181,0,0,100,1,1
2026-08-07T22:22:34.557269,139.009,135,182,0,0,100,1,1
2026-08-07T22:22:34.589389,139.041,136,183,0,0,100,1,1
2026-08-07T22:22:34.611629,139.063,20,3,0,0,100,1,1
2026-08-07T22:22:34.634165,139.085,136,185,0,0,100,1,1
2026-08-07T22:22:34.659209,139.110,21,3,0,0,100,1,1
2026-08-07T22:22:34.681327,139.133,21,2,0,0,100,1,1
2026-08-07T22:22:34.712653,139.164,20,3,0,0,100,1,1
2026-08-07T22:22:34.734918,139.186,21,2,0,0,100,1,1
2026-08-07T22:22:34.756988,139.208,134,189,0,0,100,1,1
2026-08-07T22:22:34.782026,139.233,22,1,0,0,100,1,1
2026-08-07T22:22:34.804349,139.256,22,1,0,0,100,1,1
2026-08-07T22:22:34.833354,139.285,22,1,0,0,100,1,1
2026-08-07T22:22:34.857016,139.308,21,3,0,0,100,1,1
2026-08-07T22:22:34.879566,139.331,98,213,0,0,100,1,1
2026-08-07T22:22:34.902527,139.354,19,6,0,0,100,1,1
2026-08-07T22:22:34.926294,139.378,21,3,0,0,100,1,1
2026-08-07T22:22:34.955606,139.407,20,4,0,0,100,1,1
2026-08-07T22:22:34.977896,139.429,19,4,0,0,100,1,1
2026-08-07T22:22:35.001824,139.453,19,3,0,0,100,1,1
2026-08-07T22:22:35.024712,139.476,100,207,0,0,100,1,1
2026-08-07T22:22:35.046922,139.498,92,209,0,0,100,1,1
2026-08-07T22:22:35.079994,139.531,87,209,0,0,100,1,1
2026-08-07T22:22:35.102164,139.553,86,208,0,0,100,1,1
2026-08-07T22:22:35.124679,139.576,86,207,0,0,100,1,1
2026-08-07T22:22:35.149793,139.601,62,219,0,0,100,1,1
2026-08-07T22:22:35.171709,139.623,88,202,0,0,100,1,1
2026-08-07T22:22:35.202740,139.654,88,201,0,0,100,1,1
2026-08-07T22:22:35.225084,139.676,62,216,0,0,100,1,1
2026-08-07T22:22:35.247650,139.699,87,201,0,0,100,1,1
2026-08-07T22:22:35.272084,139.723,61,216,0,0,100,1,1
2026-08-07T22:22:35.294418,139.746,86,203,0,0,100,1,1
2026-08-07T22:22:35.323728,139.775,85,203,0,0,100,1,1
2026-08-07T22:22:35.347622,139.799,85,205,0,0,100,1,1
2026-08-07T22:22:35.370062,139.821,60,219,0,0,100,1,1
2026-08-07T22:22:35.393437,139.845,84,205,0,0,100,1,1
2026-08-07T22:22:35.417017,139.868,85,207,0,0,100,1,1
2026-08-07T22:22:35.446762,139.898,62,222,0,0,100,1,1
2026-08-07T22:22:35.469040,139.920,62,222,0,0,100,1,1
2026-08-07T22:22:35.492864,139.944,86,213,0,0,100,1,1
2026-08-07T22:22:35.516091,139.967,86,216,0,0,100,1,1
2026-08-07T22:22:35.538045,139.989,82,228,0,0,100,1,1
2026-08-07T22:22:35.570136,140.021,21,2,0,0,100,1,1
2026-08-07T22:22:35.592034,140.043,18,5,0,0,100,1,1
2026-08-07T22:22:35.613820,140.065,19,4,0,0,100,1,1
2026-08-07T22:22:35.637633,140.089,19,4,0,0,100,1,1
2026-08-07T22:22:35.659189,140.110,18,5,0,0,100,1,1
2026-08-07T22:22:35.692249,140.143,20,3,0,0,100,1,1
2026-08-07T22:22:35.714042,140.165,18,4,0,0,100,1,1
2026-08-07T22:22:35.735643,140.187,20,2,0,0,100,1,1
2026-08-07T22:22:35.756957,140.208,20,3,0,0,100,1,1
2026-08-07T22:22:35.781269,140.233,19,4,0,0,100,1,1
2026-08-07T22:22:35.813490,140.265,21,2,0,0,100,1,1
2026-08-07T22:22:35.836188,140.287,19,3,0,0,100,1,1
2026-08-07T22:22:35.857851,140.309,21,2,0,0,100,1,1
2026-08-07T22:22:35.879476,140.331,21,2,0,0,100,1,1
2026-08-07T22:22:35.903379,140.355,21,2,0,0,100,1,1
2026-08-07T22:22:35.936075,140.387,21,2,0,0,100,1,1
2026-08-07T22:22:35.957473,140.409,19,3,0,0,100,1,1
2026-08-07T22:22:35.980554,140.432,21,2,0,0,100,1,1
2026-08-07T22:22:36.002076,140.453,21,2,0,0,100,1,1
2026-08-07T22:22:36.024708,140.476,21,2,0,0,100,1,1
2026-08-07T22:22:36.059856,140.511,21,2,0,0,100,1,1
2026-08-07T22:22:36.081505,140.533,20,3,0,0,100,1,1
2026-08-07T22:22:36.103107,140.554,21,2,0,0,100,1,1
2026-08-07T22:22:36.126065,140.577,21,3,0,0,100,1,1
2026-08-07T22:22:36.148149,140.599,21,2,0,0,100,1,1
2026-08-07T22:22:36.182716,140.634,21,2,0,0,100,1,1
2026-08-07T22:22:36.204335,140.656,20,3,0,0,100,1,1
2026-08-07T22:22:36.226026,140.677,21,2,0,0,100,1,1
2026-08-07T22:22:36.247349,140.699,21,2,0,0,100,1,1
2026-08-07T22:22:36.271361,140.723,20,2,0,0,100,1,1
2026-08-07T22:22:36.303652,140.755,21,2,0,0,100,1,1
2026-08-07T22:22:36.326796,140.778,20,3,0,0,100,1,1
2026-08-07T22:22:36.348470,140.800,21,2,0,0,100,1,1
2026-08-07T22:22:36.369837,140.821,22,1,0,0,100,1,1
2026-08-07T22:22:36.394131,140.845,21,2,0,0,100,1,1
2026-08-07T22:22:36.426306,140.878,20,3,0,0,100,1,1
2026-08-07T22:22:36.447927,140.899,18,4,0,0,100,1,1
2026-08-07T22:22:36.470693,140.922,21,3,0,0,100,1,1
2026-08-07T22:22:36.492094,140.943,21,2,0,0,100,1,1
2026-08-07T22:22:36.514667,140.966,21,2,0,0,100,1,1
2026-08-07T22:22:36.550341,141.002,20,3,0,0,100,1,1
2026-08-07T22:22:36.572060,141.023,20,3,0,0,100,1,1
2026-08-07T22:22:36.593310,141.045,21,2,0,0,100,1,1
2026-08-07T22:22:36.616451,141.068,21,3,0,0,100,1,1
2026-08-07T22:22:36.638127,141.089,20,3,0,0,100,1,1
2026-08-07T22:22:36.673035,141.124,21,2,0,0,100,1,1
2026-08-07T22:22:36.694636,141.146,19,4,0,0,100,1,1
2026-08-07T22:22:36.716423,141.168,20,3,0,0,100,1,1
2026-08-07T22:22:36.737585,141.189,20,3,0,0,100,1,1
2026-08-07T22:22:36.761927,141.213,20,2,0,0,100,1,1
2026-08-07T22:22:36.793995,141.245,21,2,0,0,100,1,1
2026-08-07T22:22:36.817210,141.268,19,3,0,0,100,1,1
2026-08-07T22:22:36.838713,141.290,19,3,0,0,100,1,1
2026-08-07T22:22:36.860085,141.311,21,2,0,0,100,1,1
2026-08-07T22:22:36.884387,141.336,20,3,0,0,100,1,1
2026-08-07T22:22:36.916928,141.368,19,4,0,0,100,1,1
2026-08-07T22:22:36.939844,141.391,21,2,0,0,100,1,1
2026-08-07T22:22:36.962785,141.414,20,3,0,0,100,1,1
2026-08-07T22:22:36.984107,141.435,20,3,0,0,100,1,1
2026-08-07T22:22:37.006157,141.457,21,2,0,0,100,1,1
2026-08-07T22:22:37.040876,141.492,20,3,0,0,100,1,1
2026-08-07T22:22:37.062378,141.514,21,2,0,0,100,1,1
2026-08-07T22:22:37.084353,141.536,20,2,0,0,100,1,1
2026-08-07T22:22:37.107143,141.558,20,3,0,0,100,1,1
2026-08-07T22:22:37.129681,141.581,19,4,0,0,100,1,1
2026-08-07T22:22:37.163399,141.615,19,4,0,0,100,1,1
2026-08-07T22:22:37.185188,141.636,20,3,0,0,100,1,1
2026-08-07T22:22:37.206719,141.658,21,2,0,0,100,1,1
2026-08-07T22:22:37.228033,141.679,20,2,0,0,100,1,1
2026-08-07T22:22:37.252701,141.704,20,2,0,0,100,1,1
2026-08-07T22:22:37.284399,141.736,19,3,0,0,100,1,1
2026-08-07T22:22:37.307669,141.759,21,2,0,0,100,1,1
2026-08-07T22:22:37.329067,141.780,19,3,0,0,100,1,1
2026-08-07T22:22:37.350346,141.802,19,4,0,0,100,1,1
2026-08-07T22:22:37.374789,141.826,20,3,0,0,100,1,1
2026-08-07T22:22:37.407118,141.858,21,2,0,0,100,1,1
2026-08-07T22:22:37.428768,141.880,20,3,0,0,100,1,1
2026-08-07T22:22:37.451803,141.903,20,3,0,0,100,1,1
2026-08-07T22:22:37.473147,141.924,18,4,0,0,100,1,1
2026-08-07T22:22:37.495918,141.947,18,4,0,0,100,1,1
2026-08-07T22:22:37.531202,141.982,20,3,0,0,100,1,1
2026-08-07T22:22:37.552993,142.004,19,4,0,0,100,1,1
2026-08-07T22:22:37.574490,142.026,19,4,0,0,100,1,1
2026-08-07T22:22:37.597581,142.049,20,3,0,0,100,1,1
2026-08-07T22:22:37.619935,142.071,18,5,0,0,100,1,1
2026-08-07T22:22:37.653838,142.105,18,4,0,0,100,1,1
2026-08-07T22:22:37.675506,142.127,18,5,0,0,100,1,1
2026-08-07T22:22:37.697088,142.148,18,5,0,0,100,1,1
2026-08-07T22:22:37.718395,142.170,17,5,0,0,100,1,1
2026-08-07T22:22:37.742549,142.194,19,4,0,0,100,1,1
2026-08-07T22:22:37.774744,142.226,17,5,0,0,100,1,1
2026-08-07T22:22:37.797780,142.249,17,5,0,0,100,1,1
2026-08-07T22:22:37.819632,142.271,17,5,0,0,100,1,1
2026-08-07T22:22:37.840708,142.292,17,5,0,0,100,1,1
2026-08-07T22:22:37.864779,142.316,18,5,0,0,100,1,1
2026-08-07T22:22:37.897239,142.349,17,5,0,0,100,1,1
2026-08-07T22:22:37.918904,142.370,18,5,0,0,100,1,1
2026-08-07T22:22:37.941987,142.393,17,5,0,0,100,1,1
2026-08-07T22:22:37.963305,142.415,16,6,0,0,100,1,1
2026-08-07T22:22:37.985990,142.437,18,5,0,0,100,1,1
2026-08-07T22:22:38.021559,142.473,17,5,0,0,100,1,1
2026-08-07T22:22:38.043292,142.494,18,5,0,0,100,1,1
2026-08-07T22:22:38.064623,142.516,18,4,0,0,100,1,1
2026-08-07T22:22:38.087798,142.539,18,5,0,0,100,1,1
2026-08-07T22:22:38.109508,142.561,18,5,0,0,100,1,1
2026-08-07T22:22:38.144258,142.595,17,5,0,0,100,1,1
2026-08-07T22:22:38.165909,142.617,18,4,0,0,100,1,1
2026-08-07T22:22:38.187728,142.639,17,5,0,0,100,1,1
2026-08-07T22:22:38.209116,142.660,19,3,0,0,100,1,1
2026-08-07T22:22:38.233398,142.685,17,5,0,0,100,1,1
2026-08-07T22:22:38.265299,142.717,17,6,0,0,100,1,1
2026-08-07T22:22:38.288409,142.740,16,6,0,0,100,1,1
2026-08-07T22:22:38.310195,142.761,17,6,0,0,100,1,1
2026-08-07T22:22:38.331429,142.783,17,5,0,0,100,1,1
2026-08-07T22:22:38.355786,142.807,17,5,0,0,100,1,1
2026-08-07T22:22:38.387969,142.839,17,5,0,0,100,1,1
2026-08-07T22:22:38.409782,142.861,17,5,0,0,100,1,1
2026-08-07T22:22:38.432703,142.884,18,5,0,0,100,1,1
2026-08-07T22:22:38.454066,142.905,18,5,0,0,100,1,1
2026-08-07T22:22:38.476907,142.928,17,5,0,0,100,1,1
2026-08-07T22:22:38.511977,142.963,18,5,0,0,100,1,1
2026-08-07T22:22:38.533788,142.985,17,5,0,0,100,1,1
2026-08-07T22:22:38.555590,143.007,17,5,0,0,100,1,1
2026-08-07T22:22:38.579071,143.030,17,6,0,0,100,1,1
2026-08-07T22:22:38.601424,143.053,16,6,0,0,100,1,1
2026-08-07T22:22:38.634664,143.086,18,5,0,0,100,1,1
2026-08-07T22:22:38.657015,143.108,17,5,0,0,100,1,1
2026-08-07T22:22:38.678785,143.130,19,4,0,0,100,1,1
2026-08-07T22:22:38.700398,143.152,18,5,0,0,100,1,1
2026-08-07T22:22:38.725134,143.176,19,3,0,0,100,1,1
2026-08-07T22:22:38.756406,143.208,39,226,0,0,100,1,1
2026-08-07T22:22:38.780156,143.231,75,216,0,0,100,1,1
2026-08-07T22:22:38.802451,143.254,77,214,0,0,100,1,1
2026-08-07T22:22:38.825749,143.277,41,220,0,0,100,1,1
2026-08-07T22:22:38.849233,143.300,42,217,0,0,100,1,1
2026-08-07T22:22:38.879039,143.330,45,212,0,0,100,1,1
2026-08-07T22:22:38.901180,143.352,46,211,0,0,100,1,1
2026-08-07T22:22:38.925581,143.377,47,208,0,0,100,1,1
2026-08-07T22:22:38.948694,143.400,47,207,0,0,100,1,1
2026-08-07T22:22:38.971241,143.422,47,207,0,0,100,1,1
2026-08-07T22:22:39.002858,143.454,45,204,0,0,100,1,1
2026-08-07T22:22:39.025568,143.477,46,203,0,0,100,1,1
2026-08-07T22:22:39.050250,143.501,47,201,0,0,100,1,1
2026-08-07T22:22:39.074891,143.526,49,196,0,0,100,1,1
2026-08-07T22:22:39.107051,143.558,56,189,0,0,100,1,1
2026-08-07T22:22:39.131104,143.582,61,184,0,0,100,1,1
2026-08-07T22:22:39.153566,143.605,67,179,0,0,100,1,1
2026-08-07T22:22:39.176919,143.628,73,174,0,0,100,1,1
2026-08-07T22:22:39.200720,143.652,85,163,0,0,100,1,1
2026-08-07T22:22:39.229873,143.681,95,156,0,0,100,1,1
2026-08-07T22:22:39.252348,143.704,100,154,0,0,100,1,1
2026-08-07T22:22:39.276580,143.728,141,141,0,0,100,1,1
2026-08-07T22:22:39.300539,143.752,144,139,0,0,100,1,1
2026-08-07T22:22:39.336169,143.787,145,139,0,0,100,1,1
2026-08-07T22:22:39.358664,143.810,145,138,0,0,100,1,1
2026-08-07T22:22:39.381267,143.833,144,136,0,0,100,1,1
2026-08-07T22:22:39.406302,143.858,143,135,0,0,100,1,1
2026-08-07T22:22:39.429117,143.880,142,134,0,0,100,1,1
2026-08-07T22:22:39.452098,143.903,142,133,0,0,100,1,1
2026-08-07T22:22:39.477187,143.928,142,129,0,0,100,1,1
2026-08-07T22:22:39.510213,143.961,142,126,0,0,100,1,1
2026-08-07T22:22:39.532990,143.984,142,125,0,0,100,1,1
2026-08-07T22:22:39.557224,144.008,142,126,0,0,100,1,1
2026-08-07T22:22:39.581212,144.032,139,128,0,0,100,1,1
2026-08-07T22:22:39.616435,144.068,136,130,0,0,100,1,1
2026-08-07T22:22:39.639313,144.091,135,130,0,0,100,1,1
2026-08-07T22:22:39.662162,144.113,94,138,0,0,100,1,1
2026-08-07T22:22:39.687342,144.139,133,128,0,0,100,1,1
2026-08-07T22:22:39.720477,144.172,132,128,0,0,100,1,1
2026-08-07T22:22:39.742914,144.194,133,128,0,0,100,1,1
2026-08-07T22:22:39.767171,144.218,92,139,0,0,100,1,1
2026-08-07T22:22:39.791303,144.242,131,126,0,0,100,1,1
2026-08-07T22:22:39.827070,144.278,130,125,0,0,100,1,1
2026-08-07T22:22:39.850169,144.301,90,136,0,0,100,1,1
2026-08-07T22:22:39.872838,144.324,91,136,0,0,100,1,1
2026-08-07T22:22:39.898086,144.349,89,137,0,0,100,1,1
2026-08-07T22:22:39.930631,144.382,127,125,0,0,100,1,1
2026-08-07T22:22:39.953393,144.405,127,125,0,0,100,1,1
2026-08-07T22:22:39.977459,144.429,87,135,0,0,100,1,1
2026-08-07T22:22:40.001603,144.453,86,136,0,0,100,1,1
2026-08-07T22:22:40.037118,144.488,125,123,0,0,100,1,1
2026-08-07T22:22:40.059900,144.511,125,123,0,0,100,1,1
2026-08-07T22:22:40.082603,144.534,86,136,0,0,100,1,1
2026-08-07T22:22:40.108100,144.559,86,136,0,0,100,1,1
2026-08-07T22:22:40.140831,144.592,126,123,0,0,100,1,1
2026-08-07T22:22:40.163524,144.615,86,137,0,0,100,1,1
2026-08-07T22:22:40.188141,144.639,125,124,0,0,100,1,1
2026-08-07T22:22:40.212349,144.664,87,136,0,0,100,1,1
2026-08-07T22:22:40.247066,144.698,86,135,0,0,100,1,1
2026-08-07T22:22:40.270025,144.721,125,124,0,0,100,1,1
2026-08-07T22:22:40.292874,144.744,125,124,0,0,100,1,1
2026-08-07T22:22:40.318283,144.770,86,138,0,0,100,1,1
2026-08-07T22:22:40.350749,144.802,90,151,0,0,100,1,1
2026-08-07T22:22:40.373558,144.825,93,157,0,0,100,1,1
2026-08-07T22:22:40.397798,144.849,93,164,0,0,100,1,1
2026-08-07T22:22:40.421526,144.873,91,186,0,0,100,1,1
2026-08-07T22:22:40.456987,144.908,85,210,0,0,100,1,1
2026-08-07T22:22:40.479130,144.930,81,219,0,0,100,1,1
2026-08-07T22:22:40.501430,144.953,22,1,0,0,100,1,1
2026-08-07T22:22:40.525660,144.977,20,3,0,0,100,1,1
2026-08-07T22:22:40.547585,144.999,19,3,0,0,100,1,1
2026-08-07T22:22:40.576939,145.028,17,5,0,0,100,1,1
2026-08-07T22:22:40.600077,145.051,16,6,0,0,100,1,1
2026-08-07T22:22:40.621749,145.073,16,6,0,0,100,1,1
2026-08-07T22:22:40.643065,145.094,16,5,0,0,100,1,1
2026-08-07T22:22:40.667251,145.118,20,3,0,0,100,1,1
2026-08-07T22:22:40.699704,145.151,20,3,0,0,100,1,1
2026-08-07T22:22:40.721010,145.172,21,2,0,0,100,1,1
2026-08-07T22:22:40.744334,145.196,20,3,0,0,100,1,1
2026-08-07T22:22:40.765498,145.217,19,3,0,0,100,1,1
2026-08-07T22:22:40.788279,145.240,21,1,0,0,100,1,1
2026-08-07T22:22:40.823528,145.275,21,1,0,0,100,1,1
2026-08-07T22:22:40.845260,145.296,21,2,0,0,100,1,1
2026-08-07T22:22:40.866791,145.318,21,2,0,0,100,1,1
2026-08-07T22:22:40.889611,145.341,21,1,0,0,100,1,1
2026-08-07T22:22:40.911709,145.363,21,1,0,0,100,1,1
2026-08-07T22:22:40.946437,145.398,20,2,0,0,100,1,1
2026-08-07T22:22:40.968247,145.419,20,2,0,0,100,1,1
2026-08-07T22:22:40.989582,145.441,20,2,0,0,100,1,1
2026-08-07T22:22:41.010943,145.462,21,1,0,0,100,1,1
2026-08-07T22:22:41.035182,145.486,21,1,0,0,100,1,1
2026-08-07T22:22:41.067804,145.519,21,1,0,0,100,1,1
2026-08-07T22:22:41.090934,145.542,21,2,0,0,100,1,1
2026-08-07T22:22:41.112551,145.564,22,1,0,0,100,1,1
2026-08-07T22:22:41.133872,145.585,22,1,0,0,100,1,1
2026-08-07T22:22:41.157976,145.609,22,1,0,0,100,1,1
2026-08-07T22:22:41.190045,145.641,23,1,0,0,100,1,1
2026-08-07T22:22:41.211460,145.663,22,1,0,0,100,1,1
2026-08-07T22:22:41.234405,145.686,22,1,0,0,100,1,1
2026-08-07T22:22:41.256125,145.707,22,0,0,0,100,1,1
2026-08-07T22:22:41.278254,145.730,22,1,0,0,100,1,1
2026-08-07T22:22:41.313942,145.765,22,0,0,0,100,1,1
2026-08-07T22:22:41.335430,145.787,23,-1,0,0,100,1,1
2026-08-07T22:22:41.357046,145.808,21,1,0,0,100,1,1
2026-08-07T22:22:41.379849,145.831,22,1,0,0,100,1,1
2026-08-07T22:22:41.402068,145.853,23,0,0,0,100,1,1
2026-08-07T22:22:41.436532,145.888,22,1,0,0,100,1,1
2026-08-07T22:22:41.458246,145.909,22,1,0,0,100,1,1
2026-08-07T22:22:41.479670,145.931,23,0,0,0,100,1,1
2026-08-07T22:22:41.501101,145.952,24,0,0,0,100,1,1
2026-08-07T22:22:41.525067,145.976,22,1,0,0,100,1,1
2026-08-07T22:22:41.557806,146.009,23,1,0,0,100,1,1
2026-08-07T22:22:41.580668,146.032,23,0,0,0,100,1,1
2026-08-07T22:22:41.602165,146.053,23,1,0,0,100,1,1
2026-08-07T22:22:41.623683,146.075,23,0,0,0,100,1,1
2026-08-07T22:22:41.647741,146.099,22,1,0,0,100,1,1
2026-08-07T22:22:41.680180,146.131,23,1,0,0,100,1,1
2026-08-07T22:22:41.701809,146.153,23,0,0,0,100,1,1
2026-08-07T22:22:41.724892,146.176,24,-1,0,0,100,1,1
2026-08-07T22:22:41.746128,146.197,23,0,0,0,100,1,1
2026-08-07T22:22:41.768679,146.220,23,0,0,0,100,1,1
2026-08-07T22:22:41.804254,146.255,23,0,0,0,100,1,1
2026-08-07T22:22:41.826008,146.277,23,0,0,0,100,1,1
2026-08-07T22:22:41.847548,146.299,23,0,0,0,100,1,1
2026-08-07T22:22:41.870227,146.321,23,1,0,0,100,1,1
2026-08-07T22:22:41.892103,146.343,23,0,0,0,100,1,1
2026-08-07T22:22:41.926985,146.378,23,0,0,0,100,1,1
2026-08-07T22:22:41.948615,146.400,23,0,0,0,100,1,1
2026-08-07T22:22:41.970355,146.422,23,0,0,0,100,1,1
2026-08-07T22:22:41.991470,146.443,24,-1,0,0,100,1,1
2026-08-07T22:22:42.015773,146.467,22,0,0,0,100,1,1
2026-08-07T22:22:42.047989,146.499,23,0,0,0,100,1,1
2026-08-07T22:22:42.070831,146.522,23,0,0,0,100,1,1
2026-08-07T22:22:42.092611,146.544,23,0,0,0,100,1,1
2026-08-07T22:22:42.113819,146.565,23,0,0,0,100,1,1
2026-08-07T22:22:42.138027,146.589,23,0,0,0,100,1,1
2026-08-07T22:22:42.170584,146.622,22,1,0,0,100,1,1
2026-08-07T22:22:42.192322,146.644,23,0,0,0,100,1,1
2026-08-07T22:22:42.215080,146.666,23,0,0,0,100,1,1
2026-08-07T22:22:42.236434,146.688,23,0,0,0,100,1,1
2026-08-07T22:22:42.259054,146.710,23,0,0,0,100,1,1
2026-08-07T22:22:42.294726,146.746,22,1,0,0,100,1,1
2026-08-07T22:22:42.316322,146.768,24,-1,0,0,100,1,1
2026-08-07T22:22:42.337960,146.789,22,1,0,0,100,1,1
2026-08-07T22:22:42.360799,146.812,23,0,0,0,100,1,1
2026-08-07T22:22:42.382675,146.834,23,0,0,0,100,1,1
2026-08-07T22:22:42.417411,146.869,23,0,0,0,100,1,1
2026-08-07T22:22:42.438914,146.890,23,0,0,0,100,1,1
2026-08-07T22:22:42.460743,146.912,23,0,0,0,100,1,1
2026-08-07T22:22:42.482048,146.933,23,0,0,0,100,1,1
2026-08-07T22:22:42.506208,146.957,23,0,0,0,100,1,1
2026-08-07T22:22:42.538270,146.990,23,0,0,0,100,1,1
2026-08-07T22:22:42.561316,147.013,23,0,0,0,100,1,1
2026-08-07T22:22:42.582768,147.034,23,0,0,0,100,1,1
2026-08-07T22:22:42.604161,147.055,23,0,0,0,100,1,1
2026-08-07T22:22:42.628321,147.080,23,0,0,0,100,1,1
2026-08-07T22:22:42.661413,147.113,22,1,0,0,100,1,1
2026-08-07T22:22:42.682738,147.134,23,0,0,0,100,1,1
2026-08-07T22:22:42.705588,147.157,23,0,0,0,100,1,1
2026-08-07T22:22:42.726998,147.178,23,0,0,0,100,1,1
2026-08-07T22:22:42.749549,147.201,22,1,0,0,100,1,1
2026-08-07T22:22:42.785093,147.236,24,-1,0,0,100,1,1
2026-08-07T22:22:42.806621,147.258,23,0,0,0,100,1,1
2026-08-07T22:22:42.828294,147.280,23,0,0,0,100,1,1
2026-08-07T22:22:42.851132,147.302,23,-1,0,0,100,1,1
2026-08-07T22:22:42.873208,147.324,22,1,0,0,100,1,1
2026-08-07T22:22:42.907790,147.359,24,-1,0,0,100,1,1
2026-08-07T22:22:42.929507,147.381,24,-1,0,0,100,1,1
2026-08-07T22:22:42.950939,147.402,22,1,0,0,100,1,1
2026-08-07T22:22:42.972037,147.423,23,0,0,0,100,1,1
2026-08-07T22:22:42.996327,147.448,23,0,0,0,100,1,1
2026-08-07T22:22:43.028764,147.480,23,0,0,0,100,1,1
2026-08-07T22:22:43.051697,147.503,23,-1,0,0,100,1,1
2026-08-07T22:22:43.073278,147.524,23,0,0,0,100,1,1
2026-08-07T22:22:43.094863,147.546,23,0,0,0,100,1,1
2026-08-07T22:22:43.118862,147.570,24,0,0,0,100,1,1
2026-08-07T22:22:43.151459,147.603,22,1,0,0,100,1,1
2026-08-07T22:22:43.172802,147.624,23,1,0,0,100,1,1
2026-08-07T22:22:43.195969,147.647,23,0,0,0,100,1,1
2026-08-07T22:22:43.217305,147.669,24,-1,0,0,100,1,1
2026-08-07T22:22:43.239957,147.691,23,0,0,0,100,1,1
2026-08-07T22:22:43.275247,147.726,23,0,0,0,100,1,1
2026-08-07T22:22:43.299075,147.750,22,1,0,0,100,1,1
2026-08-07T22:22:43.320664,147.772,23,0,0,0,100,1,1
2026-08-07T22:22:43.344672,147.796,23,1,0,0,100,1,1
2026-08-07T22:22:43.365820,147.817,23,0,0,0,100,1,1
2026-08-07T22:22:43.398285,147.850,23,0,0,0,100,1,1
2026-08-07T22:22:43.419869,147.871,23,0,0,0,100,1,1
2026-08-07T22:22:43.441390,147.893,23,0,0,0,100,1,1
2026-08-07T22:22:43.462855,147.914,24,-1,0,0,100,1,1
2026-08-07T22:22:43.486978,147.938,23,0,0,0,100,1,1
2026-08-07T22:22:43.519212,147.970,23,0,0,0,100,1,1
2026-08-07T22:22:43.542117,147.993,23,1,0,0,100,1,1
2026-08-07T22:22:43.563739,148.015,23,0,0,0,100,1,1
2026-08-07T22:22:43.585040,148.036,22,1,0,0,100,1,1
2026-08-07T22:22:43.608997,148.060,22,1,0,0,100,1,1
2026-08-07T22:22:43.641677,148.093,23,0,0,0,100,1,1
2026-08-07T22:22:43.663211,148.114,23,0,0,0,100,1,1
2026-08-07T22:22:43.686005,148.137,23,0,0,0,100,1,1
2026-08-07T22:22:43.707771,148.159,22,1,0,0,100,1,1
2026-08-07T22:22:43.730061,148.181,23,0,0,0,100,1,1
2026-08-07T22:22:43.765962,148.217,23,0,0,0,100,1,1
2026-08-07T22:22:43.787364,148.239,23,0,0,0,100,1,1
2026-08-07T22:22:43.808790,148.260,24,-1,0,0,100,1,1
2026-08-07T22:22:43.831927,148.283,23,0,0,0,100,1,1
2026-08-07T22:22:43.853694,148.305,23,0,0,0,100,1,1
2026-08-07T22:22:43.888439,148.340,23,-1,0,0,100,1,1
2026-08-07T22:22:43.910131,148.361,24,-1,0,0,100,1,1
2026-08-07T22:22:43.931624,148.383,23,0,0,0,100,1,1
2026-08-07T22:22:43.952813,148.404,24,-1,0,0,100,1,1
2026-08-07T22:22:43.977181,148.428,23,0,0,0,100,1,1
2026-08-07T22:22:44.009462,148.461,23,0,0,0,100,1,1
2026-08-07T22:22:44.032548,148.484,24,-2,0,0,100,1,1
2026-08-07T22:22:44.054017,148.505,23,0,0,0,100,1,1
2026-08-07T22:22:44.075364,148.527,23,0,0,0,100,1,1
2026-08-07T22:22:44.099394,148.551,25,-2,0,0,100,1,1
2026-08-07T22:22:44.132418,148.584,24,-1,0,0,100,1,1
2026-08-07T22:22:44.153784,148.605,24,-1,0,0,100,1,1
2026-08-07T22:22:44.176786,148.628,24,-1,0,0,100,1,1
2026-08-07T22:22:44.198214,148.649,24,-1,0,0,100,1,1
2026-08-07T22:22:44.220469,148.672,24,-2,0,0,100,1,1
2026-08-07T22:22:44.256148,148.707,25,-2,0,0,100,1,1
2026-08-07T22:22:44.277659,148.729,24,-1,0,0,100,1,1
2026-08-07T22:22:44.299317,148.751,23,0,0,0,100,1,1
2026-08-07T22:22:44.322182,148.773,23,-1,0,0,100,1,1
2026-08-07T22:22:44.344189,148.795,23,-1,0,0,100,1,1
2026-08-07T22:22:44.378836,148.830,23,-1,0,0,100,1,1
2026-08-07T22:22:44.400659,148.852,23,-1,0,0,100,1,1
2026-08-07T22:22:44.422114,148.873,23,-1,0,0,100,1,1
2026-08-07T22:22:44.443292,148.895,23,0,0,0,100,1,1
2026-08-07T22:22:44.467442,148.919,21,-1,0,0,100,1,1
2026-08-07T22:22:44.500035,148.951,17,3,0,0,100,1,1
2026-08-07T22:22:44.522812,148.974,17,1,0,0,100,1,1
2026-08-07T22:22:44.544395,148.996,16,1,0,0,100,1,1
2026-08-07T22:22:44.566083,149.017,15,2,0,0,100,1,1
2026-08-07T22:22:44.589985,149.041,13,4,0,0,100,1,1
2026-08-07T22:22:44.622691,149.074,11,7,0,0,100,1,1
2026-08-07T22:22:44.644246,149.096,10,8,0,0,100,1,1
2026-08-07T22:22:44.667481,149.119,8,9,0,0,100,1,1
2026-08-07T22:22:44.688814,149.140,5,11,0,0,100,1,1
2026-08-07T22:22:44.711585,149.163,-1,14,0,0,100,1,1
2026-08-07T22:22:44.746508,149.198,-5,14,0,0,100,1,1
2026-08-07T22:22:44.768230,149.220,-7,15,0,0,100,1,1
2026-08-07T22:22:44.790164,149.241,-9,14,0,0,100,1,1
2026-08-07T22:22:44.813677,149.265,-11,15,0,0,100,1,1
2026-08-07T22:22:44.836321,149.288,-16,15,0,0,100,1,1
2026-08-07T22:22:44.869729,149.321,-22,15,0,0,100,1,1
2026-08-07T22:22:44.891509,149.343,-25,17,0,0,100,1,1
2026-08-07T22:22:44.913517,149.365,-27,16,0,0,100,1,1
2026-08-07T22:22:44.934933,149.386,-30,17,0,0,100,1,1
2026-08-07T22:22:44.958479,149.410,-36,17,0,0,100,1,1
2026-08-07T22:22:44.990633,149.442,-41,15,0,0,100,1,1
2026-08-07T22:22:45.013869,149.465,-44,15,0,0,100,1,1
2026-08-07T22:22:45.035839,149.487,-48,14,0,0,100,1,1
2026-08-07T22:22:45.057291,149.509,-51,14,0,0,100,1,1
2026-08-07T22:22:45.081407,149.533,-58,12,0,0,100,1,1
2026-08-07T22:22:45.113253,149.565,-64,13,0,0,100,1,1
2026-08-07T22:22:45.135270,149.586,-67,12,0,0,100,1,1
2026-08-07T22:22:45.158458,149.610,-70,13,0,0,100,1,1
2026-08-07T22:22:45.180297,149.632,-73,11,0,0,100,1,1
2026-08-07T22:22:45.203196,149.654,-79,11,0,0,100,1,1
2026-08-07T22:22:45.237491,149.689,-83,9,0,0,100,1,1
2026-08-07T22:22:45.259412,149.711,-86,9,0,0,100,1,1
2026-08-07T22:22:45.281621,149.733,-89,10,0,0,100,1,1
2026-08-07T22:22:45.305624,149.757,-92,9,0,0,100,1,1
2026-08-07T22:22:45.327729,149.779,-99,10,0,0,100,1,1
2026-08-07T22:22:45.360048,149.811,-105,7,0,0,100,1,1
2026-08-07T22:22:45.382362,149.834,-108,6,0,0,100,1,1
2026-08-07T22:22:45.404248,149.856,-112,6,0,0,100,1,1
2026-08-07T22:22:45.429741,149.881,-116,6,0,0,100,1,1
2026-08-07T22:22:45.451898,149.903,-122,2,0,0,100,1,1
2026-08-07T22:22:45.481336,149.933,-128,-1,0,0,100,1,1
2026-08-07T22:22:45.504963,149.956,-131,-2,0,0,100,1,1
2026-08-07T22:22:45.527242,149.978,-133,-7,0,0,100,1,1
2026-08-07T22:22:45.549387,150.001,-135,-7,0,0,100,1,1
2026-08-07T22:22:45.573673,150.025,-138,-12,0,0,100,1,1
2026-08-07T22:22:45.603906,150.055,-143,-19,0,0,100,1,1
2026-08-07T22:22:45.625828,150.077,-147,-21,0,0,100,1,1
2026-08-07T22:22:45.649330,150.101,-149,-25,0,0,100,1,1
2026-08-07T22:22:45.670941,150.122,-150,-30,0,0,100,1,1
2026-08-07T22:22:45.694070,150.145,-155,-33,0,0,100,1,1
2026-08-07T22:22:45.728103,150.179,-158,-42,0,0,100,1,1
2026-08-07T22:22:45.749983,150.201,-161,-43,0,0,100,1,1
2026-08-07T22:22:45.772150,150.223,-162,-47,0,0,100,1,1
2026-08-07T22:22:45.796386,150.248,-165,-49,0,0,100,1,1
2026-08-07T22:22:45.818421,150.270,-168,-56,0,0,100,1,1
2026-08-07T22:22:45.850738,150.302,-171,-60,0,0,100,1,1
2026-08-07T22:22:45.872889,150.324,-172,-63,0,0,100,1,1
2026-08-07T22:22:45.895152,150.346,-174,-65,0,0,100,1,1
2026-08-07T22:22:45.919714,150.371,-175,-68,0,0,100,1,1
2026-08-07T22:22:45.941898,150.393,-177,-72,0,0,100,1,1
2026-08-07T22:22:45.971545,150.423,-179,-77,0,0,100,1,1
2026-08-07T22:22:45.994930,150.446,-179,-80,0,0,100,1,1
2026-08-07T22:22:46.017291,150.469,-180,-82,0,0,100,1,1
2026-08-07T22:22:46.038743,150.490,-180,-85,0,0,100,1,1
2026-08-07T22:22:46.063148,150.514,-181,-89,0,0,100,1,1
2026-08-07T22:22:46.094221,150.545,-181,-92,0,0,100,1,1
2026-08-07T22:22:46.116245,150.567,-181,-94,0,0,100,1,1
2026-08-07T22:22:46.139753,150.591,-182,-95,0,0,100,1,1
2026-08-07T22:22:46.161270,150.613,-182,-97,0,0,100,1,1
2026-08-07T22:22:46.183669,150.635,-182,-101,0,0,100,1,1
2026-08-07T22:22:46.218192,150.669,-183,-105,0,0,100,1,1
2026-08-07T22:22:46.240219,150.691,-183,-106,0,0,100,1,1
2026-08-07T22:22:46.262113,150.713,-183,-108,0,0,100,1,1
2026-08-07T22:22:46.286414,150.738,-183,-109,0,0,100,1,1
2026-08-07T22:22:46.308270,150.760,-184,-112,0,0,100,1,1
2026-08-07T22:22:46.341003,150.792,-184,-115,0,0,100,1,1
2026-08-07T22:22:46.362950,150.814,-185,-117,0,0,100,1,1
2026-08-07T22:22:46.385020,150.836,-185,-118,0,0,100,1,1
2026-08-07T22:22:46.406481,150.858,-185,-119,0,0,100,1,1
2026-08-07T22:22:46.430732,150.882,-186,-119,0,0,100,1,1
2026-08-07T22:22:46.461933,150.913,-187,-121,0,0,100,1,1
2026-08-07T22:22:46.484954,150.936,-186,-122,0,0,100,1,1
2026-08-07T22:22:46.507037,150.958,-186,-122,0,0,100,1,1
2026-08-07T22:22:46.528599,150.980,-186,-122,0,0,100,1,1
2026-08-07T22:22:46.552746,151.004,-186,-123,0,0,100,1,1
2026-08-07T22:22:46.584402,151.036,-186,-123,0,0,100,1,1
2026-08-07T22:22:46.606614,151.058,-187,-123,0,0,100,1,1
2026-08-07T22:22:46.629652,151.081,-187,-124,0,0,100,1,1
2026-08-07T22:22:46.651117,151.102,-187,-124,0,0,100,1,1
2026-08-07T22:22:46.673626,151.125,-187,-124,0,0,100,1,1
2026-08-07T22:22:46.708562,151.160,-187,-124,0,0,100,1,1
2026-08-07T22:22:46.730257,151.182,-187,-124,0,0,100,1,1
2026-08-07T22:22:46.752345,151.204,-187,-125,0,0,100,1,1
2026-08-07T22:22:46.776415,151.228,-187,-125,0,0,100,1,1
2026-08-07T22:22:46.798326,151.250,-188,-126,0,0,100,1,1
2026-08-07T22:22:46.831561,151.283,-188,-126,0,0,100,1,1
2026-08-07T22:22:46.853725,151.305,-188,-127,0,0,100,1,1
2026-08-07T22:22:46.875937,151.327,-189,-128,0,0,100,1,1
2026-08-07T22:22:46.899788,151.351,-190,-129,0,0,100,1,1
2026-08-07T22:22:46.921975,151.373,-190,-129,0,0,100,1,1
2026-08-07T22:22:46.952539,151.404,-190,-131,0,0,100,1,1
2026-08-07T22:22:46.975314,151.427,-190,-131,0,0,100,1,1
2026-08-07T22:22:46.997241,151.449,-190,-132,0,0,100,1,1
2026-08-07T22:22:47.018877,151.470,-190,-132,0,0,100,1,1
2026-08-07T22:22:47.042654,151.494,-189,-132,0,0,100,1,1
2026-08-07T22:22:47.074937,151.526,-184,-132,0,0,100,1,1
2026-08-07T22:22:47.096365,151.548,-182,-131,0,0,100,1,1
2026-08-07T22:22:47.119718,151.571,-179,-131,0,0,100,1,1
2026-08-07T22:22:47.141010,151.592,-178,-131,0,0,100,1,1
2026-08-07T22:22:47.163853,151.615,-175,-130,0,0,100,1,1
2026-08-07T22:22:47.198654,151.650,-174,-130,0,0,100,1,1
2026-08-07T22:22:47.220313,151.672,-172,-131,0,0,100,1,1
2026-08-07T22:22:47.242171,151.693,-172,-130,0,0,100,1,1
2026-08-07T22:22:47.265047,151.716,-171,-131,0,0,100,1,1
2026-08-07T22:22:47.287740,151.739,-169,-131,0,0,100,1,1
2026-08-07T22:22:47.321350,151.773,-167,-134,0,0,100,1,1
2026-08-07T22:22:47.342958,151.794,-167,-133,0,0,100,1,1
2026-08-07T22:22:47.364729,151.816,-166,-133,0,0,100,1,1
2026-08-07T22:22:47.386173,151.837,-165,-133,0,0,100,1,1
2026-08-07T22:22:47.410177,151.861,-166,-132,0,0,100,1,1
2026-08-07T22:22:47.442382,151.894,0,0,0,0,0,0,1
2026-08-07T22:22:47.464848,151.916,0,0,0,0,0,0,1
2026-08-07T22:22:47.486264,151.937,0,0,0,0,0,0,1
2026-08-07T22:22:47.507672,151.959,0,0,0,0,0,0,1
2026-08-07T22:22:47.533811,151.985,0,0,0,0,0,0,1
2026-08-07T22:22:47.555279,152.007,0,0,0,0,0,0,1
2026-08-07T22:22:47.576354,152.028,0,0,0,0,0,0,1
2026-08-07T22:22:47.600543,152.052,0,0,0,0,0,0,1
2026-08-07T22:22:47.621625,152.073,0,0,0,0,0,0,1
2026-08-07T22:22:47.652330,152.104,0,0,0,0,0,0,1
2026-08-07T22:22:47.674973,152.126,0,0,0,0,0,0,1
2026-08-07T22:22:47.696416,152.148,0,0,0,0,0,0,1
2026-08-07T22:22:47.718060,152.169,0,0,0,0,0,0,1
2026-08-07T22:22:47.741692,152.193,0,0,0,0,0,0,1
2026-08-07T22:22:47.775181,152.226,-180,-136,0,0,100,1,1
2026-08-07T22:22:47.797057,152.248,-192,-141,0,0,100,1,1
2026-08-07T22:22:47.820381,152.272,-199,-149,0,0,100,1,1
2026-08-07T22:22:47.841947,152.293,-202,-152,0,0,100,1,1
2026-08-07T22:22:47.865185,152.316,-202,-152,0,0,100,1,1
2026-08-07T22:22:47.900293,152.352,-201,-148,0,0,100,1,1
2026-08-07T22:22:47.922356,152.374,-201,-148,0,0,100,1,1
2026-08-07T22:22:47.944178,152.395,-200,-146,0,0,100,1,1
2026-08-07T22:22:47.968538,152.420,-199,-146,0,0,100,1,1
2026-08-07T22:22:47.990414,152.442,-200,-147,0,0,100,1,1
2026-08-07T22:22:48.021981,152.473,-200,-146,0,0,100,1,1
2026-08-07T22:22:48.044058,152.495,-200,-146,0,0,100,1,1
2026-08-07T22:22:48.065985,152.517,-200,-146,0,0,100,1,1
2026-08-07T22:22:48.087045,152.538,-199,-146,0,0,100,1,1
2026-08-07T22:22:48.111228,152.562,-199,-146,0,0,100,1,1
2026-08-07T22:22:48.143325,152.595,-199,-146,0,0,100,1,1
2026-08-07T22:22:48.166315,152.618,-199,-146,0,0,100,1,1
2026-08-07T22:22:48.188204,152.639,-199,-146,0,0,100,1,1
2026-08-07T22:22:48.209829,152.661,-199,-146,0,0,100,1,1
2026-08-07T22:22:48.233691,152.685,-199,-146,0,0,100,1,1
2026-08-07T22:22:48.265582,152.717,-199,-146,0,0,100,1,1
2026-08-07T22:22:48.287533,152.739,-199,-146,0,0,100,1,1
2026-08-07T22:22:48.310704,152.762,-200,-146,0,0,100,1,1
2026-08-07T22:22:48.332104,152.783,-199,-146,0,0,100,1,1
2026-08-07T22:22:48.354993,152.806,-200,-146,0,0,100,1,1
2026-08-07T22:22:48.389744,152.841,-200,-146,0,0,100,1,1
2026-08-07T22:22:48.411495,152.863,-200,-146,0,0,100,1,1
2026-08-07T22:22:48.433548,152.885,-200,-146,0,0,100,1,1
2026-08-07T22:22:48.457452,152.909,-200,-146,0,0,100,1,1
2026-08-07T22:22:48.479295,152.931,-200,-146,0,0,100,1,1
2026-08-07T22:22:48.512457,152.964,-199,-146,0,0,100,1,1
2026-08-07T22:22:48.534595,152.986,-199,-145,0,0,100,1,1
2026-08-07T22:22:48.556390,153.008,-199,-146,0,0,100,1,1
2026-08-07T22:22:48.577923,153.029,-199,-145,0,0,100,1,1
2026-08-07T22:22:48.602150,153.053,-200,-146,0,0,100,1,1
2026-08-07T22:22:48.633509,153.085,-200,-146,0,0,100,1,1
2026-08-07T22:22:48.656593,153.108,-200,-146,0,0,100,1,1
2026-08-07T22:22:48.678635,153.130,-200,-146,0,0,100,1,1
2026-08-07T22:22:48.700107,153.151,-201,-146,0,0,100,1,1
2026-08-07T22:22:48.723983,153.175,-201,-146,0,0,100,1,1
2026-08-07T22:22:48.755965,153.207,-195,-145,0,0,100,1,1
2026-08-07T22:22:48.777839,153.229,-192,-143,0,0,100,1,1
2026-08-07T22:22:48.801336,153.253,-190,-143,0,0,100,1,1
2026-08-07T22:22:48.822369,153.274,-189,-143,0,0,100,1,1
2026-08-07T22:22:48.845111,153.296,-188,-144,0,0,100,1,1
2026-08-07T22:22:48.880193,153.331,-186,-141,0,0,100,1,1
2026-08-07T22:22:48.901963,153.353,-187,-140,0,0,100,1,1
2026-08-07T22:22:48.923961,153.375,-188,-139,0,0,100,1,1
2026-08-07T22:22:48.947958,153.399,-189,-140,0,0,100,1,1
2026-08-07T22:22:48.969655,153.421,-191,-137,0,0,100,1,1
2026-08-07T22:22:49.002788,153.454,-194,-127,0,0,100,1,1
2026-08-07T22:22:49.024749,153.476,-194,-118,0,0,100,1,1
2026-08-07T22:22:49.046804,153.498,-194,-108,0,0,100,1,1
2026-08-07T22:22:49.068455,153.520,-194,-97,0,0,100,1,1
2026-08-07T22:22:49.092712,153.544,-192,-74,0,0,100,1,1
2026-08-07T22:22:49.124116,153.575,-189,-49,0,0,100,1,1
2026-08-07T22:22:49.147597,153.599,-186,-33,0,0,100,1,1
2026-08-07T22:22:49.170054,153.621,-184,-22,0,0,100,1,1
2026-08-07T22:22:49.192320,153.644,-182,-11,0,0,100,1,1
2026-08-07T22:22:49.216449,153.668,-180,7,0,0,100,1,1
2026-08-07T22:22:49.247168,153.698,-178,20,0,0,100,1,1
2026-08-07T22:22:49.269632,153.721,-175,27,0,0,100,1,1
2026-08-07T22:22:49.293377,153.745,-170,35,0,0,100,1,1
2026-08-07T22:22:49.316956,153.768,-164,44,0,0,100,1,1
2026-08-07T22:22:49.339759,153.791,-150,67,0,0,100,1,1
2026-08-07T22:22:49.371061,153.822,-141,77,0,0,100,1,1
2026-08-07T22:22:49.393604,153.845,-139,80,0,0,100,1,1
2026-08-07T22:22:49.416185,153.867,-137,82,0,0,100,1,1
2026-08-07T22:22:49.441091,153.892,-137,82,0,0,100,1,1
2026-08-07T22:22:49.474284,153.926,-136,82,0,0,100,1,1
2026-08-07T22:22:49.498082,153.949,-136,82,0,0,100,1,1
2026-08-07T22:22:49.520432,153.972,-136,82,0,0,100,1,1
2026-08-07T22:22:49.542529,153.994,-136,82,0,0,100,1,1
2026-08-07T22:22:49.566544,154.018,-136,83,0,0,100,1,1
2026-08-07T22:22:49.597180,154.048,-136,83,0,0,100,1,1
2026-08-07T22:22:49.619388,154.071,-136,83,0,0,100,1,1
2026-08-07T22:22:49.643064,154.094,-136,82,0,0,100,1,1
2026-08-07T22:22:49.667443,154.119,-136,83,0,0,100,1,1
2026-08-07T22:22:49.703720,154.155,-136,82,0,0,100,1,1
2026-08-07T22:22:49.725749,154.177,-136,83,0,0,100,1,1
2026-08-07T22:22:49.747992,154.199,-136,82,0,0,100,1,1
2026-08-07T22:22:49.772616,154.224,-136,82,0,0,100,1,1
2026-08-07T22:22:49.794804,154.246,-136,82,0,0,100,1,1
2026-08-07T22:22:49.824723,154.276,-136,82,0,0,100,1,1
2026-08-07T22:22:49.848156,154.299,-136,82,0,0,100,1,1
2026-08-07T22:22:49.870438,154.322,-136,82,0,0,100,1,1
2026-08-07T22:22:49.892666,154.344,-136,82,0,0,100,1,1
2026-08-07T22:22:49.916829,154.368,-136,82,0,0,100,1,1
2026-08-07T22:22:49.947284,154.399,-136,82,0,0,100,1,1
2026-08-07T22:22:49.969425,154.421,-136,82,0,0,100,1,1
2026-08-07T22:22:49.993085,154.444,-137,82,0,0,100,1,1
2026-08-07T22:22:50.015381,154.467,-136,82,0,0,100,1,1
2026-08-07T22:22:50.038153,154.489,-127,79,0,0,100,1,1
2026-08-07T22:22:50.071283,154.523,-117,75,0,0,100,1,1
2026-08-07T22:22:50.093432,154.545,-112,74,0,0,100,1,1
2026-08-07T22:22:50.115874,154.567,-107,72,0,0,100,1,1
2026-08-07T22:22:50.140721,154.592,-104,71,0,0,100,1,1
2026-08-07T22:22:50.162700,154.614,-98,69,0,0,100,1,1
2026-08-07T22:22:50.194014,154.645,-90,65,0,0,100,1,1
2026-08-07T22:22:50.216439,154.668,-86,61,0,0,100,1,1
2026-08-07T22:22:50.238760,154.690,-80,58,0,0,100,1,1
2026-08-07T22:22:50.263296,154.715,-76,55,0,0,100,1,1
2026-08-07T22:22:50.285732,154.737,-71,53,0,0,100,1,1
2026-08-07T22:22:50.315059,154.766,-68,52,0,0,100,1,1
2026-08-07T22:22:50.338748,154.790,-65,51,0,0,100,1,1
2026-08-07T22:22:50.361248,154.812,-64,50,0,0,100,1,1
2026-08-07T22:22:50.384258,154.836,-62,49,0,0,100,1,1
2026-08-07T22:22:50.407850,154.859,-57,44,0,0,100,1,1
2026-08-07T22:22:50.437926,154.889,-56,43,0,0,100,1,1
2026-08-07T22:22:50.460256,154.911,-56,43,0,0,100,1,1
2026-08-07T22:22:50.484173,154.935,-56,43,0,0,100,1,1
2026-08-07T22:22:50.507325,154.959,-56,43,0,0,100,1,1
2026-08-07T22:22:50.529417,154.981,-56,43,0,0,100,1,1
2026-08-07T22:22:50.561891,155.013,-56,43,0,0,100,1,1
2026-08-07T22:22:50.583925,155.035,-56,43,0,0,100,1,1
2026-08-07T22:22:50.606348,155.058,-56,43,0,0,100,1,1
2026-08-07T22:22:50.631069,155.082,-56,43,0,0,100,1,1
2026-08-07T22:22:50.653630,155.105,-56,43,0,0,100,1,1
2026-08-07T22:22:50.684345,155.136,-55,43,0,0,100,1,1
2026-08-07T22:22:50.706724,155.158,-55,43,0,0,100,1,1
2026-08-07T22:22:50.729100,155.180,-55,43,0,0,100,1,1
2026-08-07T22:22:50.753845,155.205,-56,43,0,0,100,1,1
2026-08-07T22:22:50.775988,155.227,-56,43,0,0,100,1,1
2026-08-07T22:22:50.805619,155.257,-56,43,0,0,100,1,1
2026-08-07T22:22:50.829292,155.281,-56,43,0,0,100,1,1
2026-08-07T22:22:50.851752,155.303,-56,43,0,0,100,1,1
2026-08-07T22:22:50.874704,155.326,-56,43,0,0,100,1,1
2026-08-07T22:22:50.898273,155.350,-56,43,0,0,100,1,1
2026-08-07T22:22:50.928361,155.380,-56,43,0,0,100,1,1
2026-08-07T22:22:50.950643,155.402,-56,43,0,0,100,1,1
2026-08-07T22:22:50.974336,155.426,-56,43,0,0,100,1,1
2026-08-07T22:22:50.997690,155.449,-56,43,0,0,100,1,1
2026-08-07T22:22:51.019735,155.471,-56,43,0,0,100,1,1
2026-08-07T22:22:51.052076,155.503,-56,43,0,0,100,1,1
2026-08-07T22:22:51.074217,155.525,-56,43,0,0,100,1,1
2026-08-07T22:22:51.097132,155.548,-56,43,0,0,100,1,1
2026-08-07T22:22:51.121773,155.573,-56,43,0,0,100,1,1
2026-08-07T22:22:51.144131,155.595,-56,43,0,0,100,1,1
2026-08-07T22:22:51.175033,155.626,-56,43,0,0,100,1,1
2026-08-07T22:22:51.197419,155.649,-56,43,0,0,100,1,1
2026-08-07T22:22:51.219884,155.671,-56,43,0,0,100,1,1
2026-08-07T22:22:51.244442,155.696,-56,43,0,0,100,1,1
2026-08-07T22:22:51.266621,155.718,-56,43,0,0,100,1,1
2026-08-07T22:22:51.296078,155.747,-56,43,0,0,100,1,1
2026-08-07T22:22:51.319764,155.771,-56,43,0,0,100,1,1
2026-08-07T22:22:51.342241,155.793,-56,43,0,0,100,1,1
2026-08-07T22:22:51.365569,155.817,-56,43,0,0,100,1,1
2026-08-07T22:22:51.389064,155.840,-56,43,0,0,100,1,1
2026-08-07T22:22:51.418560,155.870,-56,43,0,0,100,1,1
2026-08-07T22:22:51.440789,155.892,-56,43,0,0,100,1,1
2026-08-07T22:22:51.464617,155.916,-56,43,0,0,100,1,1
2026-08-07T22:22:51.487767,155.939,-56,43,0,0,100,1,1
2026-08-07T22:22:51.510056,155.961,-56,43,0,0,100,1,1
2026-08-07T22:22:51.542471,155.994,-56,43,0,0,100,1,1
2026-08-07T22:22:51.564784,156.016,-56,43,0,0,100,1,1
2026-08-07T22:22:51.587263,156.039,-56,43,0,0,100,1,1
2026-08-07T22:22:51.612393,156.064,-56,43,0,0,100,1,1
2026-08-07T22:22:51.634366,156.086,-56,43,0,0,100,1,1
2026-08-07T22:22:51.665420,156.117,-56,43,0,0,100,1,1
2026-08-07T22:22:51.687981,156.139,-56,43,0,0,100,1,1
2026-08-07T22:22:51.710120,156.161,-56,43,0,0,100,1,1
2026-08-07T22:22:51.734860,156.186,-56,43,0,0,100,1,1
2026-08-07T22:22:51.757136,156.208,-56,43,0,0,100,1,1
2026-08-07T22:22:51.786239,156.238,-56,43,0,0,100,1,1
2026-08-07T22:22:51.809958,156.261,-56,43,0,0,100,1,1
2026-08-07T22:22:51.832298,156.284,-56,43,0,0,100,1,1
2026-08-07T22:22:51.855449,156.307,-56,43,0,0,100,1,1
2026-08-07T22:22:51.878958,156.330,-56,43,0,0,100,1,1
2026-08-07T22:22:51.909031,156.360,-56,43,0,0,100,1,1
2026-08-07T22:22:51.931357,156.383,-56,43,0,0,100,1,1
2026-08-07T22:22:51.955226,156.406,-56,43,0,0,100,1,1
2026-08-07T22:22:51.978286,156.430,-56,43,0,0,100,1,1
2026-08-07T22:22:52.000510,156.452,-56,43,0,0,100,1,1
2026-08-07T22:22:52.032832,156.484,-56,43,0,0,100,1,1
2026-08-07T22:22:52.055050,156.506,-56,43,0,0,100,1,1
2026-08-07T22:22:52.077737,156.529,-56,43,0,0,100,1,1
2026-08-07T22:22:52.102421,156.554,-56,43,0,0,100,1,1
2026-08-07T22:22:52.124590,156.576,-56,43,0,0,100,1,1
2026-08-07T22:22:52.155778,156.607,-56,43,0,0,100,1,1
2026-08-07T22:22:52.178022,156.629,-56,43,0,0,100,1,1
2026-08-07T22:22:52.200305,156.652,-56,43,0,0,100,1,1
2026-08-07T22:22:52.224970,156.676,-56,43,0,0,100,1,1
2026-08-07T22:22:52.247463,156.699,-56,43,0,0,100,1,1
2026-08-07T22:22:52.276606,156.728,-56,43,0,0,100,1,1
2026-08-07T22:22:52.300298,156.752,-56,43,0,0,100,1,1
2026-08-07T22:22:52.323192,156.774,-56,43,0,0,100,1,1
2026-08-07T22:22:52.346054,156.797,-56,43,0,0,100,1,1
2026-08-07T22:22:52.369528,156.821,-56,43,0,0,100,1,1
2026-08-07T22:22:52.399432,156.851,-56,43,0,0,100,1,1
2026-08-07T22:22:52.421724,156.873,-56,43,0,0,100,1,1
2026-08-07T22:22:52.445520,156.897,-56,43,0,0,100,1,1
2026-08-07T22:22:52.468966,156.920,-56,43,0,0,100,1,1
2026-08-07T22:22:52.491185,156.942,-56,43,0,0,100,1,1
2026-08-07T22:22:52.523288,156.975,-56,43,0,0,100,1,1
2026-08-07T22:22:52.545464,156.997,-56,43,0,0,100,1,1
2026-08-07T22:22:52.568200,157.019,-56,43,0,0,100,1,1
2026-08-07T22:22:52.592691,157.044,-56,43,0,0,100,1,1
2026-08-07T22:22:52.615066,157.066,-55,43,0,0,100,1,1
2026-08-07T22:22:52.646171,157.097,-56,43,0,0,100,1,1
2026-08-07T22:22:52.668555,157.120,-56,43,0,0,100,1,1
2026-08-07T22:22:52.691178,157.142,-56,43,0,0,100,1,1
2026-08-07T22:22:52.715676,157.167,-56,43,0,0,100,1,1
2026-08-07T22:22:52.738098,157.189,-56,43,0,0,100,1,1
2026-08-07T22:22:52.767303,157.218,-55,43,0,0,100,1,1
2026-08-07T22:22:52.790702,157.242,-56,43,0,0,100,1,1
2026-08-07T22:22:52.813140,157.264,-56,43,0,0,100,1,1
2026-08-07T22:22:52.836540,157.288,-56,43,0,0,100,1,1
2026-08-07T22:22:52.860044,157.311,-56,43,0,0,100,1,1
2026-08-07T22:22:52.889720,157.341,-56,43,0,0,100,1,1
2026-08-07T22:22:52.911901,157.363,-56,43,0,0,100,1,1
2026-08-07T22:22:52.935793,157.387,-56,43,0,0,100,1,1
2026-08-07T22:22:52.958869,157.410,-56,43,0,0,100,1,1
2026-08-07T22:22:52.981062,157.432,-56,43,0,0,100,1,1
2026-08-07T22:22:53.013619,157.465,-55,42,0,0,100,1,1
2026-08-07T22:22:53.036168,157.487,-56,42,0,0,100,1,1
2026-08-07T22:22:53.058338,157.510,-55,42,0,0,100,1,1
2026-08-07T22:22:53.083280,157.534,-55,42,0,0,100,1,1
2026-08-07T22:22:53.105526,157.557,-55,41,0,0,100,1,1
2026-08-07T22:22:53.136775,157.588,-55,41,0,0,100,1,1
2026-08-07T22:22:53.159087,157.610,-55,41,0,0,100,1,1
2026-08-07T22:22:53.181368,157.633,-55,41,0,0,100,1,1
2026-08-07T22:22:53.206133,157.657,-54,41,0,0,100,1,1
2026-08-07T22:22:53.228354,157.680,-54,40,0,0,100,1,1
2026-08-07T22:22:53.257725,157.709,-55,41,0,0,100,1,1
2026-08-07T22:22:53.281282,157.733,-54,41,0,0,100,1,1
2026-08-07T22:22:53.303953,157.755,-54,41,0,0,100,1,1
2026-08-07T22:22:53.326754,157.778,-54,41,0,0,100,1,1
2026-08-07T22:22:53.350398,157.802,-54,41,0,0,100,1,1
2026-08-07T22:22:53.380118,157.831,-55,41,0,0,100,1,1
2026-08-07T22:22:53.402528,157.854,-54,41,0,0,100,1,1
2026-08-07T22:22:53.426223,157.877,-54,41,0,0,100,1,1
2026-08-07T22:22:53.449612,157.901,-54,40,0,0,100,1,1
2026-08-07T22:22:53.471586,157.923,-50,38,0,0,100,1,1
2026-08-07T22:22:53.503881,157.955,-44,36,0,0,100,1,1
2026-08-07T22:22:53.526176,157.977,-42,35,0,0,100,1,1
2026-08-07T22:22:53.548536,158.000,-39,35,0,0,100,1,1
2026-08-07T22:22:53.573458,158.025,-37,34,0,0,100,1,1
2026-08-07T22:22:53.595687,158.047,-34,32,0,0,100,1,1
2026-08-07T22:22:53.626488,158.078,-30,30,0,0,100,1,1
2026-08-07T22:22:53.648901,158.100,-28,28,0,0,100,1,1
2026-08-07T22:22:53.671353,158.123,-26,26,0,0,100,1,1
2026-08-07T22:22:53.696134,158.147,-24,24,0,0,100,1,1
2026-08-07T22:22:53.718259,158.169,-21,20,0,0,100,1,1
2026-08-07T22:22:53.747780,158.199,-19,17,0,0,100,1,1
2026-08-07T22:22:53.771564,158.223,-17,16,0,0,100,1,1
2026-08-07T22:22:53.794117,158.245,-16,15,0,0,100,1,1
2026-08-07T22:22:53.817280,158.269,-14,14,0,0,100,1,1
2026-08-07T22:22:53.841011,158.292,-12,12,0,0,100,1,1
2026-08-07T22:22:53.870985,158.322,-10,10,0,0,100,1,1
2026-08-07T22:22:53.894722,158.346,-9,9,0,0,100,1,1
2026-08-07T22:22:53.918506,158.370,-9,9,0,0,100,1,1
2026-08-07T22:22:53.942129,158.393,-8,8,0,0,100,1,1
2026-08-07T22:22:53.977404,158.429,-7,7,0,0,100,1,1
2026-08-07T22:22:53.999912,158.451,-7,7,0,0,100,1,1
2026-08-07T22:22:54.022291,158.474,-7,7,0,0,100,1,1
2026-08-07T22:22:54.047327,158.499,-7,7,0,0,100,1,1
2026-08-07T22:22:54.069614,158.521,-7,7,0,0,100,1,1
2026-08-07T22:22:54.098417,158.550,-6,6,0,0,100,1,1
2026-08-07T22:22:54.122228,158.573,-6,6,0,0,100,1,1
2026-08-07T22:22:54.145052,158.596,-6,6,0,0,100,1,1
2026-08-07T22:22:54.168303,158.620,-6,6,0,0,100,1,1
2026-08-07T22:22:54.192099,158.643,-6,5,0,0,100,1,1
2026-08-07T22:22:54.220931,158.672,-5,5,0,0,100,1,1
2026-08-07T22:22:54.243471,158.695,-5,4,0,0,100,1,1
2026-08-07T22:22:54.267585,158.719,-5,4,0,0,100,1,1
2026-08-07T22:22:54.290971,158.742,-4,4,0,0,100,1,1
2026-08-07T22:22:54.313260,158.765,-4,4,0,0,100,1,1
2026-08-07T22:22:54.345156,158.796,-4,4,0,0,100,1,1
2026-08-07T22:22:54.367746,158.819,-4,3,0,0,100,1,1
2026-08-07T22:22:54.390287,158.842,-4,3,0,0,100,1,1
2026-08-07T22:22:54.415266,158.867,-3,3,0,0,100,1,1
2026-08-07T22:22:54.449199,158.900,-3,3,0,0,100,1,1
2026-08-07T22:22:54.473071,158.924,-3,3,0,0,100,1,1
2026-08-07T22:22:54.495742,158.947,-3,3,0,0,100,1,1
2026-08-07T22:22:54.519248,158.971,-4,3,0,0,100,1,1
2026-08-07T22:22:54.554974,159.006,-4,3,0,0,100,1,1
2026-08-07T22:22:54.577695,159.029,-4,3,0,0,100,1,1
2026-08-07T22:22:54.600347,159.052,-4,3,0,0,100,1,1
2026-08-07T22:22:54.625313,159.077,-4,3,0,0,100,1,1
2026-08-07T22:22:54.659254,159.110,-4,3,0,0,100,1,1
2026-08-07T22:22:54.682945,159.134,-4,3,0,0,100,1,1
2026-08-07T22:22:54.705340,159.157,-4,3,0,0,100,1,1
2026-08-07T22:22:54.728320,159.180,-4,3,0,0,100,1,1
2026-08-07T22:22:54.752385,159.204,-3,3,0,0,100,1,1
2026-08-07T22:22:54.781656,159.233,-4,3,0,0,100,1,1
2026-08-07T22:22:54.803963,159.255,-4,3,0,0,100,1,1
2026-08-07T22:22:54.828174,159.279,-4,3,0,0,100,1,1
2026-08-07T22:22:54.852094,159.303,-4,3,0,0,100,1,1
2026-08-07T22:22:54.888175,159.339,-4,3,0,0,100,1,1
2026-08-07T22:22:54.910922,159.362,-4,3,0,0,100,1,1
2026-08-07T22:22:54.933499,159.385,-4,3,0,0,100,1,1
2026-08-07T22:22:54.958797,159.410,-3,3,0,0,100,1,1
2026-08-07T22:22:54.991856,159.443,-3,3,0,0,100,1,1
2026-08-07T22:22:55.014557,159.466,-3,3,0,0,100,1,1
2026-08-07T22:22:55.038597,159.490,-3,3,0,0,100,1,1
2026-08-07T22:22:55.062375,159.514,-3,3,0,0,100,1,1
2026-08-07T22:22:55.098572,159.550,-3,3,0,0,100,1,1
2026-08-07T22:22:55.121284,159.572,-4,3,0,0,100,1,1
2026-08-07T22:22:55.143827,159.595,-3,3,0,0,100,1,1
2026-08-07T22:22:55.168944,159.620,-3,3,0,0,100,1,1
2026-08-07T22:22:55.202204,159.653,-3,3,0,0,100,1,1
2026-08-07T22:22:55.224827,159.676,-3,3,0,0,100,1,1
2026-08-07T22:22:55.249006,159.700,-3,3,0,0,100,1,1
2026-08-07T22:22:55.272653,159.724,-3,3,0,0,100,1,1
2026-08-07T22:22:55.308396,159.760,-3,3,0,0,100,1,1
2026-08-07T22:22:55.331100,159.782,-3,3,0,0,100,1,1
2026-08-07T22:22:55.353926,159.805,-3,3,0,0,100,1,1
2026-08-07T22:22:55.378789,159.830,-3,3,0,0,100,1,1
2026-08-07T22:22:55.412097,159.863,-3,3,0,0,100,1,1
2026-08-07T22:22:55.434463,159.886,-3,3,0,0,100,1,1
2026-08-07T22:22:55.458896,159.910,-3,3,0,0,100,1,1
2026-08-07T22:22:55.482518,159.934,-3,3,0,0,100,1,1
2026-08-07T22:22:55.518639,159.970,-3,3,0,0,100,1,1
2026-08-07T22:22:55.541323,159.993,-3,3,0,0,100,1,1
2026-08-07T22:22:55.564192,160.015,-3,3,0,0,100,1,1
2026-08-07T22:22:55.589274,160.041,-3,3,0,0,100,1,1
2026-08-07T22:22:55.622385,160.074,-3,3,0,0,100,1,1
2026-08-07T22:22:55.645011,160.096,-3,3,0,0,100,1,1
2026-08-07T22:22:55.669087,160.120,-3,3,0,0,100,1,1
2026-08-07T22:22:55.692850,160.144,-3,3,0,0,100,1,1
2026-08-07T22:22:55.728778,160.180,-3,3,0,0,100,1,1
2026-08-07T22:22:55.751448,160.203,-3,3,0,0,100,1,1
2026-08-07T22:22:55.774405,160.226,-3,3,0,0,100,1,1
2026-08-07T22:22:55.799422,160.251,-3,3,0,0,100,1,1
2026-08-07T22:22:55.832333,160.284,-3,3,0,0,100,1,1
2026-08-07T22:22:55.854673,160.306,-3,3,0,0,100,1,1
2026-08-07T22:22:55.878697,160.330,-3,3,0,0,100,1,1
2026-08-07T22:22:55.902232,160.353,-3,3,0,0,100,1,1
2026-08-07T22:22:55.924735,160.376,-3,3,0,0,100,1,1
2026-08-07T22:22:55.956161,160.407,-3,3,0,0,100,1,1
2026-08-07T22:22:55.978995,160.430,-3,3,0,0,100,1,1
2026-08-07T22:22:56.001746,160.453,-3,3,0,0,100,1,1
2026-08-07T22:22:56.028721,160.480,-3,3,0,0,100,1,1
2026-08-07T22:22:56.060149,160.511,-3,3,0,0,100,1,1
2026-08-07T22:22:56.084507,160.536,-3,3,0,0,100,1,1
2026-08-07T22:22:56.106948,160.558,-3,3,0,0,100,1,1
2026-08-07T22:22:56.130694,160.582,-3,3,0,0,100,1,1
2026-08-07T22:22:56.166377,160.618,-3,3,0,0,100,1,1
2026-08-07T22:22:56.189168,160.640,-3,3,0,0,100,1,1
2026-08-07T22:22:56.211774,160.663,-3,3,0,0,100,1,1
2026-08-07T22:22:56.236930,160.688,-3,3,0,0,100,1,1
2026-08-07T22:22:56.270384,160.722,-3,3,0,0,100,1,1
2026-08-07T22:22:56.294501,160.746,-3,3,0,0,100,1,1
2026-08-07T22:22:56.317181,160.768,-3,3,0,0,100,1,1
2026-08-07T22:22:56.341029,160.792,-3,3,0,0,100,1,1
2026-08-07T22:22:56.376428,160.828,-3,3,0,0,100,1,1
2026-08-07T22:22:56.399220,160.850,-3,3,0,0,100,1,1
2026-08-07T22:22:56.421651,160.873,-3,3,0,0,100,1,1
2026-08-07T22:22:56.446736,160.898,-3,3,0,0,100,1,1
2026-08-07T22:22:56.480095,160.931,-3,3,0,0,100,1,1
2026-08-07T22:22:56.503940,160.955,-3,3,0,0,100,1,1
2026-08-07T22:22:56.526553,160.978,-3,3,0,0,100,1,1
2026-08-07T22:22:56.549782,161.001,-3,3,0,0,100,1,1
2026-08-07T22:22:56.573478,161.025,-3,3,0,0,100,1,1
2026-08-07T22:22:56.603032,161.054,-3,3,0,0,100,1,1
2026-08-07T22:22:56.625095,161.076,-3,3,0,0,100,1,1
2026-08-07T22:22:56.649421,161.101,-3,3,0,0,100,1,1
2026-08-07T22:22:56.672578,161.124,-3,3,0,0,100,1,1
2026-08-07T22:22:56.694862,161.146,-3,3,0,0,100,1,1
2026-08-07T22:22:56.726873,161.178,-3,3,0,0,100,1,1
2026-08-07T22:22:56.748960,161.200,-3,3,0,0,100,1,1
2026-08-07T22:22:56.771593,161.223,-3,3,0,0,100,1,1
2026-08-07T22:22:56.796675,161.248,-3,3,0,0,100,1,1
2026-08-07T22:22:56.818894,161.270,-3,3,0,0,100,1,1
2026-08-07T22:22:56.849564,161.301,-3,3,0,0,100,1,1
2026-08-07T22:22:56.872029,161.323,-3,3,0,0,100,1,1
2026-08-07T22:22:56.894413,161.346,-3,3,0,0,100,1,1
2026-08-07T22:22:56.919025,161.370,-3,3,0,0,100,1,1
2026-08-07T22:22:56.941506,161.393,-3,3,0,0,100,1,1
2026-08-07T22:22:56.970905,161.422,-3,3,0,0,100,1,1
2026-08-07T22:22:56.994675,161.446,-3,3,0,0,100,1,1
2026-08-07T22:22:57.017325,161.469,-3,3,0,0,100,1,1
2026-08-07T22:22:57.040528,161.492,-3,3,0,0,100,1,1
2026-08-07T22:22:57.064205,161.515,-3,3,0,0,100,1,1
2026-08-07T22:22:57.086744,161.538,-3,3,0,0,100,1,1
2026-08-07T22:22:57.110277,161.561,-3,3,0,0,100,1,1
2026-08-07T22:22:57.133876,161.585,-3,3,0,0,100,1,1
2026-08-07T22:22:57.163184,161.614,-3,3,0,0,100,1,1
2026-08-07T22:22:57.185614,161.637,-3,3,0,0,100,1,1
2026-08-07T22:22:57.209453,161.661,-3,3,0,0,100,1,1
2026-08-07T22:22:57.232522,161.684,-3,3,0,0,100,1,1
2026-08-07T22:22:57.254732,161.706,-3,3,0,0,100,1,1
2026-08-07T22:22:57.286965,161.738,-3,3,0,0,100,1,1
2026-08-07T22:22:57.309416,161.761,-3,3,0,0,100,1,1
2026-08-07T22:22:57.331988,161.783,-3,3,0,0,100,1,1
2026-08-07T22:22:57.357124,161.808,-3,3,0,0,100,1,1
2026-08-07T22:22:57.379368,161.831,-3,3,0,0,100,1,1
2026-08-07T22:22:57.410244,161.861,-3,3,0,0,100,1,1
2026-08-07T22:22:57.432626,161.884,-3,3,0,0,100,1,1
2026-08-07T22:22:57.455174,161.906,-3,3,0,0,100,1,1
2026-08-07T22:22:57.479928,161.931,-3,3,0,0,100,1,1
2026-08-07T22:22:57.502366,161.954,-3,3,0,0,100,1,1
2026-08-07T22:22:57.531066,161.982,-3,3,0,0,100,1,1
2026-08-07T22:22:57.555143,162.006,-3,3,0,0,100,1,1
2026-08-07T22:22:57.577427,162.029,-3,3,0,0,100,1,1
2026-08-07T22:22:57.600580,162.052,-3,3,0,0,100,1,1
2026-08-07T22:22:57.624172,162.075,-3,3,0,0,100,1,1
2026-08-07T22:22:57.653557,162.105,-3,3,0,0,100,1,1
2026-08-07T22:22:57.676050,162.127,-3,3,0,0,100,1,1
2026-08-07T22:22:57.700067,162.151,-3,3,0,0,100,1,1
2026-08-07T22:22:57.723094,162.174,-3,3,0,0,100,1,1
2026-08-07T22:22:57.745436,162.197,-3,3,0,0,100,1,1
2026-08-07T22:22:57.777434,162.229,-3,3,0,0,100,1,1
2026-08-07T22:22:57.799945,162.251,-3,3,0,0,100,1,1
2026-08-07T22:22:57.822342,162.274,-3,3,0,0,100,1,1
2026-08-07T22:22:57.847246,162.299,-3,3,0,0,100,1,1
2026-08-07T22:22:57.869767,162.321,-3,3,0,0,100,1,1
2026-08-07T22:22:57.900442,162.352,-3,3,0,0,100,1,1
2026-08-07T22:22:57.922892,162.374,-3,3,0,0,100,1,1
2026-08-07T22:22:57.945194,162.396,-3,3,0,0,100,1,1
2026-08-07T22:22:57.970079,162.421,-3,3,0,0,100,1,1
2026-08-07T22:22:57.992316,162.444,-3,3,0,0,100,1,1
2026-08-07T22:22:58.021564,162.473,-3,3,0,0,100,1,1
2026-08-07T22:22:58.045403,162.497,-3,3,0,0,100,1,1
2026-08-07T22:22:58.068009,162.519,-3,3,0,0,100,1,1
2026-08-07T22:22:58.091305,162.543,-3,3,0,0,100,1,1
2026-08-07T22:22:58.114914,162.566,-3,3,0,0,100,1,1
2026-08-07T22:22:58.145367,162.597,-3,3,0,0,100,1,1
2026-08-07T22:22:58.166648,162.618,-3,3,0,0,100,1,1
2026-08-07T22:22:58.190431,162.642,-3,3,0,0,100,1,1
2026-08-07T22:22:58.213811,162.665,-3,3,0,0,100,1,1
2026-08-07T22:22:58.236253,162.688,-3,3,0,0,100,1,1
2026-08-07T22:22:58.268050,162.719,-3,3,0,0,100,1,1
2026-08-07T22:22:58.290491,162.742,-3,3,0,0,100,1,1
2026-08-07T22:22:58.313124,162.764,-3,3,0,0,100,1,1
2026-08-07T22:22:58.337933,162.789,-3,3,0,0,100,1,1
2026-08-07T22:22:58.372025,162.823,-3,3,0,0,100,1,1
2026-08-07T22:22:58.396021,162.847,-3,3,0,0,100,1,1
2026-08-07T22:22:58.418635,162.870,-3,3,0,0,100,1,1
2026-08-07T22:22:58.442188,162.893,-3,3,0,0,100,1,1
2026-08-07T22:22:58.477997,162.929,-3,3,0,0,100,1,1
2026-08-07T22:22:58.500848,162.952,-3,3,0,0,100,1,1
2026-08-07T22:22:58.523487,162.975,-3,3,0,0,100,1,1
2026-08-07T22:22:58.548229,162.999,-3,3,0,0,100,1,1
2026-08-07T22:22:58.581920,163.033,-3,3,0,0,100,1,1
2026-08-07T22:22:58.606064,163.057,-3,3,0,0,100,1,1
2026-08-07T22:22:58.628372,163.080,-3,3,0,0,100,1,1
2026-08-07T22:22:58.652178,163.103,-3,3,0,0,100,1,1
2026-08-07T22:22:58.675785,163.127,-3,3,0,0,100,1,1
2026-08-07T22:22:58.704736,163.156,-3,3,0,0,100,1,1
2026-08-07T22:22:58.727100,163.178,-3,3,0,0,100,1,1
2026-08-07T22:22:58.751198,163.202,-3,3,0,0,100,1,1
2026-08-07T22:22:58.774837,163.226,-3,3,0,0,100,1,1
2026-08-07T22:22:58.810927,163.262,-3,3,0,0,100,1,1
2026-08-07T22:22:58.833452,163.285,-3,3,0,0,100,1,1
2026-08-07T22:22:58.856290,163.308,-3,3,0,0,100,1,1
2026-08-07T22:22:58.881062,163.332,-3,3,0,0,100,1,1
2026-08-07T22:22:58.914892,163.366,-3,3,0,0,100,1,1
2026-08-07T22:22:58.937335,163.389,-3,3,0,0,100,1,1
2026-08-07T22:22:58.961355,163.413,-3,3,0,0,100,1,1
2026-08-07T22:22:58.985105,163.436,-3,3,0,0,100,1,1
2026-08-07T22:22:59.021471,163.473,-4,3,0,0,100,1,1
2026-08-07T22:22:59.044112,163.495,-3,3,0,0,100,1,1
2026-08-07T22:22:59.066738,163.518,-3,3,0,0,100,1,1
2026-08-07T22:22:59.091741,163.543,-3,3,0,0,100,1,1
2026-08-07T22:22:59.125090,163.576,-3,3,0,0,100,1,1
2026-08-07T22:22:59.147732,163.599,-3,3,0,0,100,1,1
2026-08-07T22:22:59.171973,163.623,-3,3,0,0,100,1,1
2026-08-07T22:22:59.195773,163.647,-3,3,0,0,100,1,1
2026-08-07T22:22:59.231553,163.683,-3,3,0,0,100,1,1
2026-08-07T22:22:59.254076,163.705,-3,3,0,0,100,1,1
2026-08-07T22:22:59.276711,163.728,-3,3,0,0,100,1,1
2026-08-07T22:22:59.301515,163.753,-3,3,0,0,100,1,1
2026-08-07T22:22:59.335305,163.787,-3,3,0,0,100,1,1
2026-08-07T22:22:59.358045,163.809,-3,3,0,0,100,1,1
2026-08-07T22:22:59.382105,163.833,-3,3,0,0,100,1,1
2026-08-07T22:22:59.406160,163.857,-4,3,0,0,100,1,1
2026-08-07T22:22:59.441905,163.893,-3,3,0,0,100,1,1
2026-08-07T22:22:59.464574,163.916,-3,3,0,0,100,1,1
2026-08-07T22:22:59.487002,163.938,-3,3,0,0,100,1,1
2026-08-07T22:22:59.512201,163.963,-3,3,0,0,100,1,1
2026-08-07T22:22:59.545394,163.997,-3,3,0,0,100,1,1
2026-08-07T22:22:59.568160,164.019,-3,3,0,0,100,1,1
2026-08-07T22:22:59.592383,164.044,-3,3,0,0,100,1,1
2026-08-07T22:22:59.616098,164.067,-3,3,0,0,100,1,1
2026-08-07T22:22:59.652107,164.103,-3,2,0,0,100,1,1
2026-08-07T22:22:59.674644,164.126,-3,3,0,0,100,1,1
2026-08-07T22:22:59.697438,164.149,-3,2,0,0,100,1,1
2026-08-07T22:22:59.722723,164.174,-2,2,0,0,100,1,1
2026-08-07T22:22:59.755755,164.207,-2,2,0,0,100,1,1
2026-08-07T22:22:59.778561,164.230,-2,3,0,0,100,1,1
2026-08-07T22:22:59.802590,164.254,-2,3,0,0,100,1,1
2026-08-07T22:22:59.826476,164.278,-2,2,0,0,100,1,1
2026-08-07T22:22:59.862190,164.313,-2,2,0,0,100,1,1
2026-08-07T22:22:59.884715,164.336,-2,3,0,0,100,1,1
2026-08-07T22:22:59.907632,164.359,-2,2,0,0,100,1,1
2026-08-07T22:22:59.932895,164.384,-1,2,0,0,100,1,1
2026-08-07T22:22:59.965921,164.417,-1,2,0,0,100,1,1
2026-08-07T22:22:59.988563,164.440,-1,2,0,0,100,1,1
2026-08-07T22:23:00.012966,164.464,-1,2,0,0,100,1,1
2026-08-07T22:23:00.037117,164.488,-1,2,0,0,100,1,1
2026-08-07T22:23:00.072573,164.524,-1,2,0,0,100,1,1
2026-08-07T22:23:00.095315,164.547,-1,2,0,0,100,1,1
2026-08-07T22:23:00.118066,164.569,-1,2,0,0,100,1,1
2026-08-07T22:23:00.143451,164.595,-1,2,0,0,100,1,1
2026-08-07T22:23:00.176112,164.627,-1,2,0,0,100,1,1
2026-08-07T22:23:00.198974,164.650,-1,2,0,0,100,1,1
2026-08-07T22:23:00.223133,164.674,-1,2,0,0,100,1,1
2026-08-07T22:23:00.249195,164.700,-1,2,0,0,100,1,1
2026-08-07T22:23:00.282603,164.734,-1,2,0,0,100,1,1
2026-08-07T22:23:00.305241,164.757,-1,2,0,0,100,1,1
2026-08-07T22:23:00.328152,164.779,-1,2,0,0,100,1,1
2026-08-07T22:23:00.353474,164.805,-1,2,0,0,100,1,1
2026-08-07T22:23:00.386283,164.838,-1,2,0,0,100,1,1
2026-08-07T22:23:00.409050,164.860,-1,2,0,0,100,1,1
2026-08-07T22:23:00.433329,164.885,-1,2,0,0,100,1,1
2026-08-07T22:23:00.457468,164.909,-1,2,0,0,100,1,1
2026-08-07T22:23:00.492739,164.944,-1,2,0,0,100,1,1
2026-08-07T22:23:00.515608,164.967,-1,2,0,0,100,1,1
2026-08-07T22:23:00.538229,164.989,-1,2,0,0,100,1,1
2026-08-07T22:23:00.563480,165.015,-1,2,0,0,100,1,1
2026-08-07T22:23:00.596720,165.048,-1,3,0,0,100,1,1
2026-08-07T22:23:00.619287,165.071,-1,2,0,0,100,1,1
2026-08-07T22:23:00.643596,165.095,-1,2,0,0,100,1,1
2026-08-07T22:23:00.667641,165.119,-1,2,0,0,100,1,1
2026-08-07T22:23:00.702908,165.154,-1,2,0,0,100,1,1
2026-08-07T22:23:00.725686,165.177,-1,2,0,0,100,1,1
2026-08-07T22:23:00.748629,165.200,-1,2,0,0,100,1,1
2026-08-07T22:23:00.774181,165.225,-1,2,0,0,100,1,1
2026-08-07T22:23:00.806652,165.258,-1,2,0,0,100,1,1
2026-08-07T22:23:00.829416,165.281,-1,2,0,0,100,1,1
2026-08-07T22:23:00.853553,165.305,-1,2,0,0,100,1,1
2026-08-07T22:23:00.877385,165.329,-1,2,0,0,100,1,1
2026-08-07T22:23:00.913107,165.364,-1,2,0,0,100,1,1
2026-08-07T22:23:00.936274,165.387,-1,2,0,0,100,1,1
2026-08-07T22:23:00.958728,165.410,-1,2,0,0,100,1,1
2026-08-07T22:23:00.984123,165.435,0,2,0,0,100,1,1
2026-08-07T22:23:01.016725,165.468,-1,2,0,0,100,1,1
2026-08-07T22:23:01.039527,165.491,-1,2,0,0,100,1,1
2026-08-07T22:23:01.063674,165.515,-1,2,0,0,100,1,1
2026-08-07T22:23:01.087791,165.539,-1,2,0,0,100,1,1
2026-08-07T22:23:01.123076,165.574,-1,2,0,0,100,1,1
2026-08-07T22:23:01.145875,165.597,-1,2,0,0,100,1,1
2026-08-07T22:23:01.168532,165.620,-1,2,0,0,100,1,1
2026-08-07T22:23:01.193739,165.645,-1,2,0,0,100,1,1
2026-08-07T22:23:01.227034,165.678,-1,2,0,0,100,1,1
2026-08-07T22:23:01.249826,165.701,-1,2,0,0,100,1,1
2026-08-07T22:23:01.274554,165.726,-1,2,0,0,100,1,1
2026-08-07T22:23:01.297858,165.749,-1,2,0,0,100,1,1
2026-08-07T22:23:01.333528,165.785,-1,2,0,0,100,1,1
2026-08-07T22:23:01.356190,165.807,-1,2,0,0,100,1,1
2026-08-07T22:23:01.378761,165.830,-1,2,0,0,100,1,1
2026-08-07T22:23:01.403673,165.855,-1,2,0,0,100,1,1
2026-08-07T22:23:01.436829,165.888,-1,2,0,0,100,1,1
2026-08-07T22:23:01.459359,165.911,-1,2,0,0,100,1,1
2026-08-07T22:23:01.483390,165.935,-1,2,0,0,100,1,1
2026-08-07T22:23:01.507203,165.958,-1,2,0,0,100,1,1
2026-08-07T22:23:01.543535,165.995,-1,2,0,0,100,1,1
2026-08-07T22:23:01.566320,166.018,-1,2,0,0,100,1,1
2026-08-07T22:23:01.589087,166.040,-1,2,0,0,100,1,1
2026-08-07T22:23:01.614089,166.065,-1,2,0,0,100,1,1
2026-08-07T22:23:01.647088,166.098,-1,2,0,0,100,1,1
2026-08-07T22:23:01.669936,166.121,-1,2,0,0,100,1,1
2026-08-07T22:23:01.694120,166.145,-1,2,0,0,100,1,1
2026-08-07T22:23:01.718099,166.169,-1,2,0,0,100,1,1
2026-08-07T22:23:01.753749,166.205,-1,2,0,0,100,1,1
2026-08-07T22:23:01.776611,166.228,0,2,0,0,100,1,1
2026-08-07T22:23:01.799308,166.251,0,1,0,0,100,1,1
2026-08-07T22:23:01.824824,166.276,1,0,0,0,100,1,1
2026-08-07T22:23:01.857432,166.309,2,-1,0,0,100,1,1
2026-08-07T22:23:01.880200,166.331,2,-1,0,0,100,1,1
2026-08-07T22:23:01.904208,166.355,2,-1,0,0,100,1,1
2026-08-07T22:23:01.928365,166.380,2,-2,0,0,100,1,1
2026-08-07T22:23:01.963931,166.415,2,-2,0,0,100,1,1
2026-08-07T22:23:01.986568,166.438,2,-2,0,0,100,1,1
2026-08-07T22:23:02.009329,166.461,2,-2,0,0,100,1,1
2026-08-07T22:23:02.034829,166.486,2,-2,0,0,100,1,1
2026-08-07T22:23:02.067991,166.519,2,-2,0,0,100,1,1
2026-08-07T22:23:02.090665,166.542,2,-2,0,0,100,1,1
2026-08-07T22:23:02.114891,166.566,2,-2,0,0,100,1,1
2026-08-07T22:23:02.138926,166.590,2,-2,0,0,100,1,1
2026-08-07T22:23:02.174033,166.625,2,-2,0,0,100,1,1
2026-08-07T22:23:02.196870,166.648,2,-2,0,0,100,1,1
2026-08-07T22:23:02.219545,166.671,2,-2,0,0,100,1,1
2026-08-07T22:23:02.244711,166.696,2,-2,0,0,100,1,1
2026-08-07T22:23:02.277970,166.729,2,-2,0,0,100,1,1
2026-08-07T22:23:02.300704,166.752,2,-2,0,0,100,1,1
2026-08-07T22:23:02.324808,166.776,2,-2,0,0,100,1,1
2026-08-07T22:23:02.350125,166.801,2,-2,0,0,100,1,1
2026-08-07T22:23:02.384189,166.835,2,-2,0,0,100,1,1
2026-08-07T22:23:02.407111,166.858,2,-2,0,0,100,1,1
2026-08-07T22:23:02.429851,166.881,2,-2,0,0,100,1,1
2026-08-07T22:23:02.455101,166.906,2,-2,0,0,100,1,1
2026-08-07T22:23:02.487851,166.939,2,-2,0,0,100,1,1
2026-08-07T22:23:02.510908,166.962,2,-2,0,0,100,1,1
2026-08-07T22:23:02.534817,166.986,2,-2,0,0,100,1,1
2026-08-07T22:23:02.558810,167.010,2,-2,0,0,100,1,1
2026-08-07T22:23:02.594360,167.046,2,-2,0,0,100,1,1
2026-08-07T22:23:02.617140,167.068,2,-2,0,0,100,1,1
2026-08-07T22:23:02.639717,167.091,2,-2,0,0,100,1,1
2026-08-07T22:23:02.665174,167.116,2,-2,0,0,100,1,1
2026-08-07T22:23:02.697964,167.149,2,-2,0,0,100,1,1
2026-08-07T22:23:02.720772,167.172,2,-2,0,0,100,1,1
2026-08-07T22:23:02.745085,167.196,2,-2,0,0,100,1,1
2026-08-07T22:23:02.769037,167.220,2,-2,0,0,100,1,1
2026-08-07T22:23:02.804616,167.256,2,-2,0,0,100,1,1
2026-08-07T22:23:02.827439,167.279,2,-2,0,0,100,1,1
2026-08-07T22:23:02.850201,167.301,2,-2,0,0,100,1,1
2026-08-07T22:23:02.875411,167.327,2,-2,0,0,100,1,1
2026-08-07T22:23:02.908358,167.360,2,-2,0,0,100,1,1
2026-08-07T22:23:02.931028,167.382,2,-2,0,0,100,1,1
2026-08-07T22:23:02.955167,167.406,2,-2,0,0,100,1,1
2026-08-07T22:23:02.979461,167.431,2,-2,0,0,100,1,1
2026-08-07T22:23:03.014735,167.466,2,-2,0,0,100,1,1
2026-08-07T22:23:03.037595,167.489,2,-2,0,0,100,1,1
2026-08-07T22:23:03.060230,167.511,2,-2,0,0,100,1,1
2026-08-07T22:23:03.085750,167.537,2,-2,0,0,100,1,1
2026-08-07T22:23:03.118386,167.570,2,-2,0,0,100,1,1
2026-08-07T22:23:03.141099,167.592,2,-2,0,0,100,1,1
2026-08-07T22:23:03.165420,167.617,2,-2,0,0,100,1,1
2026-08-07T22:23:03.189045,167.640,2,-2,0,0,100,1,1
2026-08-07T22:23:03.224871,167.676,2,-2,0,0,100,1,1
2026-08-07T22:23:03.247491,167.699,2,-2,0,0,100,1,1
2026-08-07T22:23:03.270251,167.721,2,-2,0,0,100,1,1
2026-08-07T22:23:03.295516,167.747,2,-2,0,0,100,1,1
2026-08-07T22:23:03.328713,167.780,2,-2,0,0,100,1,1
2026-08-07T22:23:03.351438,167.803,3,-2,0,0,100,1,1
2026-08-07T22:23:03.375974,167.827,3,-1,0,0,100,1,1
2026-08-07T22:23:03.399949,167.851,3,-2,0,0,100,1,1
2026-08-07T22:23:03.434982,167.886,4,-2,0,0,100,1,1
2026-08-07T22:23:03.458254,167.909,4,-2,0,0,100,1,1
2026-08-07T22:23:03.480973,167.932,4,-2,0,0,100,1,1
2026-08-07T22:23:03.506471,167.958,4,-2,0,0,100,1,1
2026-08-07T22:23:03.538981,167.990,4,-2,0,0,100,1,1
2026-08-07T22:23:03.561750,168.013,4,-2,0,0,100,1,1
2026-08-07T22:23:03.586189,168.037,4,-2,0,0,100,1,1
2026-08-07T22:23:03.610136,168.061,4,-2,0,0,100,1,1
2026-08-07T22:23:03.645285,168.097,4,-2,0,0,100,1,1
2026-08-07T22:23:03.668439,168.120,4,-3,0,0,100,1,1
2026-08-07T22:23:03.691501,168.143,4,-3,0,0,100,1,1
2026-08-07T22:23:03.716915,168.168,4,-2,0,0,100,1,1
2026-08-07T22:23:03.749196,168.200,4,-2,0,0,100,1,1
2026-08-07T22:23:03.772227,168.223,4,-2,0,0,100,1,1
2026-08-07T22:23:03.796506,168.248,4,-2,0,0,100,1,1
2026-08-07T22:23:03.820460,168.272,4,-2,0,0,100,1,1
2026-08-07T22:23:03.855489,168.307,3,-1,0,0,100,1,1
2026-08-07T22:23:03.878364,168.330,3,-1,0,0,100,1,1
2026-08-07T22:23:03.901201,168.352,2,-1,0,0,100,1,1
2026-08-07T22:23:03.926551,168.378,2,0,0,0,100,1,1
2026-08-07T22:23:03.959186,168.410,2,0,0,0,100,1,1
2026-08-07T22:23:03.982115,168.433,2,0,0,0,100,1,1
2026-08-07T22:23:04.006330,168.458,2,0,0,0,100,1,1
2026-08-07T22:23:04.030497,168.482,1,1,0,0,100,1,1
2026-08-07T22:23:04.065701,168.517,1,2,0,0,100,1,1
2026-08-07T22:23:04.088782,168.540,1,2,0,0,100,1,1
2026-08-07T22:23:04.111826,168.563,1,2,0,0,100,1,1
2026-08-07T22:23:04.136844,168.588,1,2,0,0,100,1,1
2026-08-07T22:23:04.169320,168.621,1,2,0,0,100,1,1
2026-08-07T22:23:04.192085,168.643,1,2,0,0,100,1,1
2026-08-07T22:23:04.216753,168.668,1,2,0,0,100,1,1
2026-08-07T22:23:04.240398,168.692,1,2,0,0,100,1,1
2026-08-07T22:23:04.275812,168.727,1,2,0,0,100,1,1
2026-08-07T22:23:04.298947,168.750,1,2,0,0,100,1,1
2026-08-07T22:23:04.322099,168.773,1,2,0,0,100,1,1
2026-08-07T22:23:04.347111,168.798,1,2,0,0,100,1,1
2026-08-07T22:23:04.379329,168.831,1,2,0,0,100,1,1
2026-08-07T22:23:04.402042,168.853,1,2,0,0,100,1,1
2026-08-07T22:23:04.426374,168.878,1,2,0,0,100,1,1
2026-08-07T22:23:04.450368,168.902,1,3,0,0,100,1,1
2026-08-07T22:23:04.486163,168.937,1,3,0,0,100,1,1
2026-08-07T22:23:04.508968,168.960,1,3,0,0,100,1,1
2026-08-07T22:23:04.531759,168.983,1,3,0,0,100,1,1
2026-08-07T22:23:04.557203,169.008,1,2,0,0,100,1,1
2026-08-07T22:23:04.589661,169.041,1,2,0,0,100,1,1
2026-08-07T22:23:04.612358,169.064,1,2,0,0,100,1,1
2026-08-07T22:23:04.636887,169.088,1,2,0,0,100,1,1
2026-08-07T22:23:04.660915,169.112,1,2,0,0,100,1,1
2026-08-07T22:23:04.696047,169.147,1,2,0,0,100,1,1
2026-08-07T22:23:04.719064,169.170,1,2,0,0,100,1,1
2026-08-07T22:23:04.741777,169.193,1,2,0,0,100,1,1
2026-08-07T22:23:04.767341,169.219,1,2,0,0,100,1,1
2026-08-07T22:23:04.799856,169.251,1,2,0,0,100,1,1
2026-08-07T22:23:04.822712,169.274,1,2,0,0,100,1,1
2026-08-07T22:23:04.847076,169.298,1,2,0,0,100,1,1
2026-08-07T22:23:04.870983,169.322,1,2,0,0,100,1,1
2026-08-07T22:23:04.906209,169.357,0,2,0,0,100,1,1
2026-08-07T22:23:04.929096,169.380,1,2,0,0,100,1,1
2026-08-07T22:23:04.951992,169.403,1,2,0,0,100,1,1
2026-08-07T22:23:04.977425,169.429,1,2,0,0,100,1,1
2026-08-07T22:23:05.009833,169.461,1,2,0,0,100,1,1
2026-08-07T22:23:05.033258,169.485,1,2,0,0,100,1,1
2026-08-07T22:23:05.057321,169.509,1,2,0,0,100,1,1
2026-08-07T22:23:05.081190,169.532,1,2,0,0,100,1,1
2026-08-07T22:23:05.116258,169.567,1,2,0,0,100,1,1
2026-08-07T22:23:05.139228,169.590,1,2,0,0,100,1,1
2026-08-07T22:23:05.162263,169.614,1,2,0,0,100,1,1
2026-08-07T22:23:05.187579,169.639,1,2,0,0,100,1,1
2026-08-07T22:23:05.220216,169.672,1,1,0,0,100,1,1
2026-08-07T22:23:05.242918,169.694,1,1,0,0,100,1,1
2026-08-07T22:23:05.267411,169.719,0,1,0,0,100,1,1
2026-08-07T22:23:05.291244,169.742,0,2,0,0,100,1,1
2026-08-07T22:23:05.326079,169.777,-1,3,0,0,100,1,1
2026-08-07T22:23:05.348338,169.800,-1,2,0,0,100,1,1
2026-08-07T22:23:05.370682,169.822,-1,2,0,0,100,1,1
2026-08-07T22:23:05.395346,169.847,-1,2,0,0,100,1,1
2026-08-07T22:23:05.417555,169.869,-1,2,0,0,100,1,1
2026-08-07T22:23:05.446969,169.898,-1,2,0,0,100,1,1
2026-08-07T22:23:05.470645,169.922,-1,2,0,0,100,1,1
2026-08-07T22:23:05.493041,169.944,-1,2,0,0,100,1,1
2026-08-07T22:23:05.516339,169.968,-1,2,0,0,100,1,1
2026-08-07T22:23:05.539716,169.991,-1,2,0,0,100,1,1
2026-08-07T22:23:05.569368,170.021,-1,2,0,0,100,1,1
2026-08-07T22:23:05.591773,170.043,-1,2,0,0,100,1,1
2026-08-07T22:23:05.615737,170.067,-1,2,0,0,100,1,1
2026-08-07T22:23:05.638928,170.090,-1,2,0,0,100,1,1
2026-08-07T22:23:05.660891,170.112,-1,2,0,0,100,1,1
2026-08-07T22:23:05.693386,170.145,-1,2,0,0,100,1,1
2026-08-07T22:23:05.715615,170.167,-1,2,0,0,100,1,1
2026-08-07T22:23:05.737883,170.189,-1,2,0,0,100,1,1
2026-08-07T22:23:05.762860,170.214,-1,2,0,0,100,1,1
2026-08-07T22:23:05.784945,170.236,-1,2,0,0,100,1,1
2026-08-07T22:23:05.816173,170.267,-1,2,0,0,100,1,1
2026-08-07T22:23:05.838485,170.290,-1,2,0,0,100,1,1
2026-08-07T22:23:05.861211,170.312,-1,2,0,0,100,1,1
2026-08-07T22:23:05.885667,170.337,-1,2,0,0,100,1,1
2026-08-07T22:23:05.908073,170.359,-1,2,0,0,100,1,1
2026-08-07T22:23:05.937286,170.389,-1,2,0,0,100,1,1
2026-08-07T22:23:05.960984,170.412,-1,2,0,0,100,1,1
2026-08-07T22:23:05.983456,170.435,-1,2,0,0,100,1,1
2026-08-07T22:23:06.006494,170.458,-1,2,0,0,100,1,1
2026-08-07T22:23:06.030086,170.481,-1,2,0,0,100,1,1
2026-08-07T22:23:06.060132,170.511,-1,2,0,0,100,1,1
2026-08-07T22:23:06.082697,170.534,-1,2,0,0,100,1,1
2026-08-07T22:23:06.106088,170.557,-1,2,0,0,100,1,1
2026-08-07T22:23:06.129278,170.581,-1,2,0,0,100,1,1
2026-08-07T22:23:06.151531,170.603,-1,2,0,0,100,1,1
2026-08-07T22:23:06.183820,170.635,-1,2,0,0,100,1,1
2026-08-07T22:23:06.206068,170.657,-1,2,0,0,100,1,1
2026-08-07T22:23:06.228459,170.680,-1,2,0,0,100,1,1
2026-08-07T22:23:06.253527,170.705,-1,2,0,0,100,1,1
2026-08-07T22:23:06.275489,170.727,-1,2,0,0,100,1,1
2026-08-07T22:23:06.306579,170.758,-1,2,0,0,100,1,1
2026-08-07T22:23:06.328915,170.780,-1,2,0,0,100,1,1
2026-08-07T22:23:06.351206,170.802,-1,2,0,0,100,1,1
2026-08-07T22:23:06.375869,170.827,-1,2,0,0,100,1,1
2026-08-07T22:23:06.398151,170.849,-1,2,0,0,100,1,1
2026-08-07T22:23:06.427577,170.879,-1,2,0,0,100,1,1
2026-08-07T22:23:06.451191,170.902,-1,2,0,0,100,1,1
2026-08-07T22:23:06.473718,170.925,-1,2,0,0,100,1,1
2026-08-07T22:23:06.496842,170.948,-1,2,0,0,100,1,1
2026-08-07T22:23:06.520244,170.971,-1,2,0,0,100,1,1
2026-08-07T22:23:06.550229,171.001,-1,2,0,0,100,1,1
2026-08-07T22:23:06.573875,171.025,-1,2,0,0,100,1,1
2026-08-07T22:23:06.597453,171.049,-1,2,0,0,100,1,1
2026-08-07T22:23:06.620815,171.072,-1,2,0,0,100,1,1
2026-08-07T22:23:06.656672,171.108,-1,2,0,0,100,1,1
2026-08-07T22:23:06.678905,171.130,-1,2,0,0,100,1,1
2026-08-07T22:23:06.701369,171.153,-1,2,0,0,100,1,1
2026-08-07T22:23:06.726142,171.177,-1,2,0,0,100,1,1
2026-08-07T22:23:06.748098,171.199,-1,2,0,0,100,1,1
2026-08-07T22:23:06.778143,171.229,-1,2,0,0,100,1,1
2026-08-07T22:23:06.801556,171.253,-1,2,0,0,100,1,1
2026-08-07T22:23:06.824068,171.275,-1,2,0,0,100,1,1
2026-08-07T22:23:06.847015,171.298,-1,2,0,0,100,1,1
2026-08-07T22:23:06.870572,171.322,-1,2,0,0,100,1,1
2026-08-07T22:23:06.900638,171.352,-1,2,0,0,100,1,1
2026-08-07T22:23:06.922632,171.374,-1,2,0,0,100,1,1
2026-08-07T22:23:06.946279,171.398,-1,2,0,0,100,1,1
2026-08-07T22:23:06.969791,171.421,-1,2,0,0,100,1,1
2026-08-07T22:23:06.991855,171.443,-1,2,0,0,100,1,1
2026-08-07T22:23:07.024532,171.476,-1,2,0,0,100,1,1
2026-08-07T22:23:07.046649,171.498,-1,2,0,0,100,1,1
2026-08-07T22:23:07.069008,171.520,-1,2,0,0,100,1,1
2026-08-07T22:23:07.093974,171.545,-1,2,0,0,100,1,1
2026-08-07T22:23:07.116239,171.567,-1,2,0,0,100,1,1
2026-08-07T22:23:07.147267,171.598,-1,2,0,0,100,1,1
2026-08-07T22:23:07.169668,171.621,-1,2,0,0,100,1,1
2026-08-07T22:23:07.191883,171.643,-1,2,0,0,100,1,1
2026-08-07T22:23:07.216546,171.668,-1,2,0,0,100,1,1
2026-08-07T22:23:07.239011,171.690,-1,2,0,0,100,1,1
2026-08-07T22:23:07.268865,171.720,-1,2,0,0,100,1,1
2026-08-07T22:23:07.292049,171.743,-1,2,0,0,100,1,1
2026-08-07T22:23:07.314473,171.766,-1,2,0,0,100,1,1
2026-08-07T22:23:07.337458,171.789,-1,2,0,0,100,1,1
2026-08-07T22:23:07.360917,171.812,-1,2,0,0,100,1,1
2026-08-07T22:23:07.391264,171.842,-1,2,0,0,100,1,1
2026-08-07T22:23:07.413128,171.864,-1,3,0,0,100,1,1
2026-08-07T22:23:07.437168,171.888,-1,2,0,0,100,1,1
2026-08-07T22:23:07.460097,171.911,-1,2,0,0,100,1,1
2026-08-07T22:23:07.482295,171.934,-1,2,0,0,100,1,1
2026-08-07T22:23:07.514874,171.966,-1,2,0,0,100,1,1
2026-08-07T22:23:07.537068,171.988,-1,2,0,0,100,1,1
2026-08-07T22:23:07.559427,172.011,-1,2,0,0,100,1,1
2026-08-07T22:23:07.584322,172.036,-1,2,0,0,100,1,1
2026-08-07T22:23:07.606328,172.058,-1,2,0,0,100,1,1
2026-08-07T22:23:07.638052,172.089,-1,2,0,0,100,1,1
2026-08-07T22:23:07.660108,172.111,-1,2,0,0,100,1,1
2026-08-07T22:23:07.682888,172.134,-1,2,0,0,100,1,1
2026-08-07T22:23:07.707248,172.159,-1,2,0,0,100,1,1
2026-08-07T22:23:07.729380,172.181,-1,2,0,0,100,1,1
2026-08-07T22:23:07.758638,172.210,-1,2,0,0,100,1,1
2026-08-07T22:23:07.782277,172.234,-1,2,0,0,100,1,1
2026-08-07T22:23:07.804823,172.256,-1,2,0,0,100,1,1
2026-08-07T22:23:07.827927,172.279,-1,2,0,0,100,1,1
2026-08-07T22:23:07.851435,172.303,-1,2,0,0,100,1,1
2026-08-07T22:23:07.881423,172.333,-1,2,0,0,100,1,1
2026-08-07T22:23:07.903479,172.355,-1,2,0,0,100,1,1
2026-08-07T22:23:07.927134,172.378,-1,2,0,0,100,1,1
2026-08-07T22:23:07.950404,172.402,-1,2,0,0,100,1,1
2026-08-07T22:23:07.972293,172.424,-1,2,0,0,100,1,1
2026-08-07T22:23:08.005327,172.457,-1,2,0,0,100,1,1
2026-08-07T22:23:08.027405,172.479,-1,2,0,0,100,1,1
2026-08-07T22:23:08.049877,172.501,-1,2,0,0,100,1,1
2026-08-07T22:23:08.074928,172.526,-1,2,0,0,100,1,1
2026-08-07T22:23:08.096886,172.548,-2,2,0,0,100,1,1
2026-08-07T22:23:08.128126,172.579,-1,2,0,0,100,1,1
2026-08-07T22:23:08.150390,172.602,-1,2,0,0,100,1,1
2026-08-07T22:23:08.172935,172.624,-1,2,0,0,100,1,1
2026-08-07T22:23:08.197345,172.649,-1,2,0,0,100,1,1
2026-08-07T22:23:08.219456,172.671,-1,2,0,0,100,1,1
2026-08-07T22:23:08.249201,172.700,-1,2,0,0,100,1,1
2026-08-07T22:23:08.272795,172.724,-1,2,0,0,100,1,1
2026-08-07T22:23:08.295230,172.746,-1,2,0,0,100,1,1
2026-08-07T22:23:08.317900,172.769,-1,2,0,0,100,1,1
2026-08-07T22:23:08.341676,172.793,-1,2,0,0,100,1,1
2026-08-07T22:23:08.371774,172.823,-1,2,0,0,100,1,1
2026-08-07T22:23:08.394238,172.845,-1,2,0,0,100,1,1
2026-08-07T22:23:08.417793,172.869,-1,2,0,0,100,1,1
2026-08-07T22:23:08.440924,172.892,-1,2,0,0,100,1,1
2026-08-07T22:23:08.463020,172.914,-1,2,0,0,100,1,1
2026-08-07T22:23:08.495621,172.947,-1,2,0,0,100,1,1
2026-08-07T22:23:08.517941,172.969,-1,2,0,0,100,1,1
2026-08-07T22:23:08.540286,172.992,-1,2,0,0,100,1,1
2026-08-07T22:23:08.564838,173.016,-1,2,0,0,100,1,1
2026-08-07T22:23:08.587193,173.038,-1,2,0,0,100,1,1
2026-08-07T22:23:08.618475,173.070,-1,2,0,0,100,1,1
2026-08-07T22:23:08.640679,173.092,-1,2,0,0,100,1,1
2026-08-07T22:23:08.663322,173.115,-1,2,0,0,100,1,1
2026-08-07T22:23:08.688032,173.139,-1,2,0,0,100,1,1
2026-08-07T22:23:08.710980,173.162,-1,2,0,0,100,1,1
2026-08-07T22:23:08.739541,173.191,-1,2,0,0,100,1,1
2026-08-07T22:23:08.763105,173.214,-1,2,0,0,100,1,1
2026-08-07T22:23:08.785272,173.237,-1,2,0,0,100,1,1
2026-08-07T22:23:08.808634,173.260,-1,2,0,0,100,1,1
2026-08-07T22:23:08.832051,173.283,-1,2,0,0,100,1,1
2026-08-07T22:23:08.861927,173.313,-1,2,0,0,100,1,1
2026-08-07T22:23:08.884403,173.336,-1,2,0,0,100,1,1
2026-08-07T22:23:08.908063,173.359,-1,2,0,0,100,1,1
2026-08-07T22:23:08.931103,173.382,-1,2,0,0,100,1,1
2026-08-07T22:23:08.953387,173.405,-1,2,0,0,100,1,1
2026-08-07T22:23:08.985828,173.437,-1,2,0,0,100,1,1
2026-08-07T22:23:09.008208,173.459,-1,2,0,0,100,1,1
2026-08-07T22:23:09.030605,173.482,-1,2,0,0,100,1,1
2026-08-07T22:23:09.055242,173.507,-1,2,0,0,100,1,1
2026-08-07T22:23:09.077416,173.529,-1,2,0,0,100,1,1
2026-08-07T22:23:09.109232,173.560,-1,2,0,0,100,1,1
2026-08-07T22:23:09.131208,173.582,-1,2,0,0,100,1,1
2026-08-07T22:23:09.153537,173.605,-1,2,0,0,100,1,1
2026-08-07T22:23:09.178136,173.629,-1,2,0,0,100,1,1
2026-08-07T22:23:09.200406,173.652,-1,2,0,0,100,1,1
2026-08-07T22:23:09.229863,173.681,-1,2,0,0,100,1,1
2026-08-07T22:23:09.253428,173.705,-1,2,0,0,100,1,1
2026-08-07T22:23:09.275919,173.727,-1,2,0,0,100,1,1
2026-08-07T22:23:09.298837,173.750,-1,2,0,0,100,1,1
2026-08-07T22:23:09.322327,173.774,-1,2,0,0,100,1,1
2026-08-07T22:23:09.352597,173.804,-1,2,0,0,100,1,1
2026-08-07T22:23:09.374824,173.826,-1,2,0,0,100,1,1
2026-08-07T22:23:09.398608,173.850,-1,2,0,0,100,1,1
2026-08-07T22:23:09.421718,173.873,-1,2,0,0,100,1,1
2026-08-07T22:23:09.443724,173.895,-1,2,0,0,100,1,1
2026-08-07T22:23:09.476202,173.927,-1,2,0,0,100,1,1
2026-08-07T22:23:09.498429,173.950,-1,2,0,0,100,1,1
2026-08-07T22:23:09.520998,173.972,-1,2,0,0,100,1,1
2026-08-07T22:23:09.545780,173.997,-1,2,0,0,100,1,1
2026-08-07T22:23:09.568125,174.019,-1,2,0,0,100,1,1
2026-08-07T22:23:09.599318,174.051,-1,2,0,0,100,1,1
2026-08-07T22:23:09.621609,174.073,-1,2,0,0,100,1,1
2026-08-07T22:23:09.643784,174.095,-1,2,0,0,100,1,1
2026-08-07T22:23:09.668532,174.120,-1,2,0,0,100,1,1
2026-08-07T22:23:09.690623,174.142,-1,2,0,0,100,1,1
2026-08-07T22:23:09.720208,174.171,-1,2,0,0,100,1,1
2026-08-07T22:23:09.743950,174.195,-1,2,0,0,100,1,1
2026-08-07T22:23:09.766359,174.218,-1,2,0,0,100,1,1
2026-08-07T22:23:09.789546,174.241,-1,2,0,0,100,1,1
2026-08-07T22:23:09.812975,174.264,-1,2,0,0,100,1,1
2026-08-07T22:23:09.842882,174.294,-1,2,0,0,100,1,1
2026-08-07T22:23:09.865128,174.316,-1,2,0,0,100,1,1
2026-08-07T22:23:09.888693,174.340,-1,2,0,0,100,1,1
2026-08-07T22:23:09.912007,174.363,-1,2,0,0,100,1,1
2026-08-07T22:23:09.933972,174.385,-1,2,0,0,100,1,1
2026-08-07T22:23:09.966740,174.418,-1,2,0,0,100,1,1
2026-08-07T22:23:09.988918,174.440,-1,2,0,0,100,1,1
2026-08-07T22:23:10.011407,174.463,-1,2,0,0,100,1,1
2026-08-07T22:23:10.036223,174.487,-1,2,0,0,100,1,1
2026-08-07T22:23:10.058361,174.510,-1,2,0,0,100,1,1
2026-08-07T22:23:10.089534,174.541,-1,2,0,0,100,1,1
2026-08-07T22:23:10.111937,174.563,-1,2,0,0,100,1,1
2026-08-07T22:23:10.134535,174.586,-1,2,0,0,100,1,1
2026-08-07T22:23:10.158854,174.610,-1,2,0,0,100,1,1
2026-08-07T22:23:10.181172,174.632,-1,2,0,0,100,1,1
2026-08-07T22:23:10.210557,174.662,-1,2,0,0,100,1,1
2026-08-07T22:23:10.234211,174.685,-1,2,0,0,100,1,1
2026-08-07T22:23:10.256494,174.708,-1,2,0,0,100,1,1
2026-08-07T22:23:10.279757,174.731,-1,2,0,0,100,1,1
2026-08-07T22:23:10.303185,174.754,-1,2,0,0,100,1,1
2026-08-07T22:23:10.333166,174.784,-1,2,0,0,100,1,1
2026-08-07T22:23:10.355364,174.807,-1,2,0,0,100,1,1
2026-08-07T22:23:10.379239,174.830,-1,2,0,0,100,1,1
2026-08-07T22:23:10.402525,174.854,-1,2,0,0,100,1,1
2026-08-07T22:23:10.424401,174.876,-1,2,0,0,100,1,1
2026-08-07T22:23:10.457019,174.908,-1,2,0,0,100,1,1
2026-08-07T22:23:10.479218,174.930,-1,2,0,0,100,1,1
2026-08-07T22:23:10.501584,174.953,-1,2,0,0,100,1,1
2026-08-07T22:23:10.526504,174.978,-1,2,0,0,100,1,1
2026-08-07T22:23:10.548581,175.000,-2,2,0,0,100,1,1
2026-08-07T22:23:10.580596,175.032,-1,2,0,0,100,1,1
2026-08-07T22:23:10.602242,175.053,-1,2,0,0,100,1,1
2026-08-07T22:23:10.624716,175.076,-1,2,0,0,100,1,1
2026-08-07T22:23:10.649377,175.101,-1,2,0,0,100,1,1
2026-08-07T22:23:10.671537,175.123,-1,2,0,0,100,1,1
2026-08-07T22:23:10.701220,175.152,-1,2,0,0,100,1,1
2026-08-07T22:23:10.724353,175.176,-1,2,0,0,100,1,1
2026-08-07T22:23:10.747100,175.198,-1,2,0,0,100,1,1
2026-08-07T22:23:10.769976,175.221,-1,2,0,0,100,1,1
2026-08-07T22:23:10.793562,175.245,-1,2,0,0,100,1,1
2026-08-07T22:23:10.824023,175.275,-1,2,0,0,100,1,1
2026-08-07T22:23:10.846209,175.297,-1,2,0,0,100,1,1
2026-08-07T22:23:10.870286,175.322,-1,2,0,0,100,1,1
2026-08-07T22:23:10.893089,175.344,-1,2,0,0,100,1,1
2026-08-07T22:23:10.915240,175.366,-1,2,0,0,100,1,1
2026-08-07T22:23:10.947526,175.399,-1,2,0,0,100,1,1
2026-08-07T22:23:10.969641,175.421,-1,2,0,0,100,1,1
2026-08-07T22:23:10.992089,175.443,-1,2,0,0,100,1,1
2026-08-07T22:23:11.016948,175.468,-1,2,0,0,100,1,1
2026-08-07T22:23:11.039151,175.490,-1,2,0,0,100,1,1
2026-08-07T22:23:11.070068,175.521,-1,2,0,0,100,1,1
2026-08-07T22:23:11.092341,175.544,-1,2,0,0,100,1,1
2026-08-07T22:23:11.114930,175.566,-1,2,0,0,100,1,1
2026-08-07T22:23:11.139439,175.591,-1,2,0,0,100,1,1
2026-08-07T22:23:11.161572,175.613,-1,2,0,0,100,1,1
2026-08-07T22:23:11.191087,175.642,-1,2,0,0,100,1,1
2026-08-07T22:23:11.214973,175.666,-1,2,0,0,100,1,1
2026-08-07T22:23:11.237331,175.689,-1,2,0,0,100,1,1
2026-08-07T22:23:11.260462,175.712,-1,2,0,0,100,1,1
2026-08-07T22:23:11.284053,175.735,-1,2,0,0,100,1,1
2026-08-07T22:23:11.313857,175.765,-1,2,0,0,100,1,1
2026-08-07T22:23:11.336184,175.787,-1,2,0,0,100,1,1
2026-08-07T22:23:11.359813,175.811,-1,2,0,0,100,1,1
2026-08-07T22:23:11.383021,175.834,-1,2,0,0,100,1,1
2026-08-07T22:23:11.404843,175.856,-1,2,0,0,100,1,1
2026-08-07T22:23:11.437658,175.889,-1,2,0,0,100,1,1
2026-08-07T22:23:11.460022,175.911,-1,2,0,0,100,1,1
2026-08-07T22:23:11.482676,175.934,-1,2,0,0,100,1,1
2026-08-07T22:23:11.507233,175.958,-1,2,0,0,100,1,1
2026-08-07T22:23:11.529200,175.980,-1,2,0,0,100,1,1
2026-08-07T22:23:11.560763,176.012,-1,2,0,0,100,1,1
2026-08-07T22:23:11.582928,176.034,-1,2,0,0,100,1,1
2026-08-07T22:23:11.605087,176.056,-1,2,0,0,100,1,1
2026-08-07T22:23:11.629790,176.081,-1,2,0,0,100,1,1
2026-08-07T22:23:11.652151,176.103,-1,2,0,0,100,1,1
2026-08-07T22:23:11.681646,176.133,-1,2,0,0,100,1,1
2026-08-07T22:23:11.705375,176.157,-1,2,0,0,100,1,1
2026-08-07T22:23:11.727560,176.179,-1,2,0,0,100,1,1
2026-08-07T22:23:11.750874,176.202,-1,2,0,0,100,1,1
2026-08-07T22:23:11.774110,176.225,-1,2,0,0,100,1,1
2026-08-07T22:23:11.804162,176.255,-1,2,0,0,100,1,1
2026-08-07T22:23:11.826148,176.277,-1,2,0,0,100,1,1
2026-08-07T22:23:11.850351,176.302,-1,2,0,0,100,1,1
2026-08-07T22:23:11.872261,176.324,-1,2,0,0,100,1,1
2026-08-07T22:23:11.895096,176.346,-1,2,0,0,100,1,1
2026-08-07T22:23:11.928198,176.379,-1,2,0,0,100,1,1
2026-08-07T22:23:11.950335,176.402,-1,2,0,0,100,1,1
2026-08-07T22:23:11.972780,176.424,-1,2,0,0,100,1,1
2026-08-07T22:23:11.997546,176.449,-1,2,0,0,100,1,1
2026-08-07T22:23:12.019580,176.471,-1,2,0,0,100,1,1
2026-08-07T22:23:12.051006,176.502,-1,2,0,0,100,1,1
2026-08-07T22:23:12.073431,176.525,-1,2,0,0,100,1,1
2026-08-07T22:23:12.095713,176.547,-1,2,0,0,100,1,1
2026-08-07T22:23:12.120431,176.572,-1,2,0,0,100,1,1
2026-08-07T22:23:12.142560,176.594,-1,2,0,0,100,1,1
2026-08-07T22:23:12.171895,176.623,-1,2,0,0,100,1,1
2026-08-07T22:23:12.195356,176.647,-1,2,0,0,100,1,1
2026-08-07T22:23:12.218180,176.669,-1,2,0,0,100,1,1
2026-08-07T22:23:12.240946,176.692,-1,2,0,0,100,1,1
2026-08-07T22:23:12.264388,176.716,-1,2,0,0,100,1,1
2026-08-07T22:23:12.294625,176.746,-1,2,0,0,100,1,1
2026-08-07T22:23:12.316952,176.768,-1,2,0,0,100,1,1
2026-08-07T22:23:12.340621,176.792,-1,2,0,0,100,1,1
2026-08-07T22:23:12.363708,176.815,-1,2,0,0,100,1,1
2026-08-07T22:23:12.385946,176.837,-1,2,0,0,100,1,1
2026-08-07T22:23:12.418489,176.870,-1,2,0,0,100,1,1
2026-08-07T22:23:12.441407,176.893,-1,2,0,0,100,1,1
2026-08-07T22:23:12.463022,176.914,-1,2,0,0,100,1,1
2026-08-07T22:23:12.487852,176.939,-1,2,0,0,100,1,1
2026-08-07T22:23:12.509946,176.961,-1,2,0,0,100,1,1
2026-08-07T22:23:12.541462,176.993,-1,2,0,0,100,1,1
2026-08-07T22:23:12.563620,177.015,-1,2,0,0,100,1,1
2026-08-07T22:23:12.586002,177.037,-1,2,0,0,100,1,1
2026-08-07T22:23:12.610559,177.062,-1,2,0,0,100,1,1
2026-08-07T22:23:12.632967,177.084,-1,2,0,0,100,1,1
2026-08-07T22:23:12.662433,177.114,-1,2,0,0,100,1,1
2026-08-07T22:23:12.685979,177.137,-1,2,0,0,100,1,1
2026-08-07T22:23:12.708423,177.160,-1,2,0,0,100,1,1
2026-08-07T22:23:12.731552,177.183,-1,2,0,0,100,1,1
2026-08-07T22:23:12.754999,177.206,-1,2,0,0,100,1,1
2026-08-07T22:23:12.785202,177.236,-1,2,0,0,100,1,1
2026-08-07T22:23:12.807198,177.258,-1,2,0,0,100,1,1
2026-08-07T22:23:12.831132,177.282,-1,2,0,0,100,1,1
2026-08-07T22:23:12.854120,177.305,-1,2,0,0,100,1,1
2026-08-07T22:23:12.876234,177.327,-1,2,0,0,100,1,1
2026-08-07T22:23:12.908926,177.360,-1,2,0,0,100,1,1
2026-08-07T22:23:12.933335,177.385,-1,2,0,0,100,1,1
2026-08-07T22:23:12.955397,177.407,-1,2,0,0,100,1,1
2026-08-07T22:23:12.980314,177.432,-1,2,0,0,100,1,1
2026-08-07T22:23:13.012556,177.464,-1,2,0,0,100,1,1
2026-08-07T22:23:13.036179,177.487,-2,2,0,0,100,1,1
2026-08-07T22:23:13.058694,177.510,-1,2,0,0,100,1,1
2026-08-07T22:23:13.081652,177.533,-1,2,0,0,100,1,1
2026-08-07T22:23:13.105442,177.557,-1,2,0,0,100,1,1
2026-08-07T22:23:13.135577,177.587,-1,2,0,0,100,1,1
2026-08-07T22:23:13.157602,177.609,-1,2,0,0,100,1,1
2026-08-07T22:23:13.181483,177.633,-1,2,0,0,100,1,1
2026-08-07T22:23:13.204509,177.656,-1,2,0,0,100,1,1
2026-08-07T22:23:13.226753,177.678,-1,2,0,0,100,1,1
2026-08-07T22:23:13.259165,177.710,-1,2,0,0,100,1,1
2026-08-07T22:23:13.281490,177.733,-1,2,0,0,100,1,1
2026-08-07T22:23:13.303732,177.755,-1,2,0,0,100,1,1
2026-08-07T22:23:13.328497,177.780,-1,3,0,0,100,1,1
2026-08-07T22:23:13.350763,177.802,-1,2,0,0,100,1,1
2026-08-07T22:23:13.382204,177.833,-1,2,0,0,100,1,1
2026-08-07T22:23:13.404335,177.856,-1,2,0,0,100,1,1
2026-08-07T22:23:13.426695,177.878,-1,2,0,0,100,1,1
2026-08-07T22:23:13.451204,177.902,-1,2,0,0,100,1,1
2026-08-07T22:23:13.473362,177.925,-1,2,0,0,100,1,1
2026-08-07T22:23:13.503035,177.954,-1,2,0,0,100,1,1
2026-08-07T22:23:13.526614,177.978,-1,2,0,0,100,1,1
2026-08-07T22:23:13.549071,178.000,-1,2,0,0,100,1,1
2026-08-07T22:23:13.572176,178.023,-1,2,0,0,100,1,1
2026-08-07T22:23:13.595639,178.047,-1,2,0,0,100,1,1
2026-08-07T22:23:13.625371,178.077,-1,2,0,0,100,1,1
2026-08-07T22:23:13.647712,178.099,-1,2,0,0,100,1,1
2026-08-07T22:23:13.671360,178.123,-1,2,0,0,100,1,1
2026-08-07T22:23:13.694463,178.146,-1,2,0,0,100,1,1
2026-08-07T22:23:13.716644,178.168,-1,2,0,0,100,1,1
2026-08-07T22:23:13.749713,178.201,-1,2,0,0,100,1,1
2026-08-07T22:23:13.771902,178.223,-1,2,0,0,100,1,1
2026-08-07T22:23:13.794143,178.245,-1,2,0,0,100,1,1
2026-08-07T22:23:13.819019,178.270,-1,2,0,0,100,1,1
2026-08-07T22:23:13.840963,178.292,-1,2,0,0,100,1,1
2026-08-07T22:23:13.872499,178.324,-1,2,0,0,100,1,1
2026-08-07T22:23:13.894684,178.346,-1,2,0,0,100,1,1
2026-08-07T22:23:13.917166,178.368,-1,2,0,0,100,1,1
2026-08-07T22:23:13.941796,178.393,-1,2,0,0,100,1,1
2026-08-07T22:23:13.963814,178.415,-1,2,0,0,100,1,1
2026-08-07T22:23:13.993542,178.445,-1,2,0,0,100,1,1
2026-08-07T22:23:14.017111,178.468,-1,2,0,0,100,1,1
2026-08-07T22:23:14.039477,178.491,-1,2,0,0,100,1,1
2026-08-07T22:23:14.062642,178.514,-1,2,0,0,100,1,1
2026-08-07T22:23:14.086025,178.537,-1,2,0,0,100,1,1
2026-08-07T22:23:14.115997,178.567,-1,2,0,0,100,1,1
2026-08-07T22:23:14.138580,178.590,-1,2,0,0,100,1,1
2026-08-07T22:23:14.162285,178.614,-1,2,0,0,100,1,1
2026-08-07T22:23:14.185170,178.636,-1,2,0,0,100,1,1
2026-08-07T22:23:14.207368,178.659,-1,2,0,0,100,1,1
2026-08-07T22:23:14.239874,178.691,-1,2,0,0,100,1,1
2026-08-07T22:23:14.262185,178.713,-1,2,0,0,100,1,1
2026-08-07T22:23:14.284593,178.736,-1,2,0,0,100,1,1
2026-08-07T22:23:14.309413,178.761,-1,2,0,0,100,1,1
2026-08-07T22:23:14.331414,178.783,-1,2,0,0,100,1,1
2026-08-07T22:23:14.362921,178.814,-1,2,0,0,100,1,1
2026-08-07T22:23:14.385200,178.836,-1,2,0,0,100,1,1
2026-08-07T22:23:14.407582,178.859,-1,2,0,0,100,1,1
2026-08-07T22:23:14.432241,178.883,-1,2,0,0,100,1,1
2026-08-07T22:23:14.454315,178.906,-1,2,0,0,100,1,1
2026-08-07T22:23:14.483782,178.935,-1,2,0,0,100,1,1
2026-08-07T22:23:14.507076,178.958,-1,2,0,0,100,1,1
2026-08-07T22:23:14.529663,178.981,-1,2,0,0,100,1,1
2026-08-07T22:23:14.551956,179.003,-1,3,0,0,100,1,1
2026-08-07T22:23:14.576115,179.027,-1,2,0,0,100,1,1
2026-08-07T22:23:14.606562,179.058,-1,2,0,0,100,1,1
2026-08-07T22:23:14.628822,179.080,-1,2,0,0,100,1,1
2026-08-07T22:23:14.652585,179.104,-1,2,0,0,100,1,1
2026-08-07T22:23:14.675765,179.127,-1,2,0,0,100,1,1
2026-08-07T22:23:14.697905,179.149,-1,2,0,0,100,1,1
2026-08-07T22:23:14.730268,179.182,-1,2,0,0,100,1,1
2026-08-07T22:23:14.752623,179.204,-1,2,0,0,100,1,1
2026-08-07T22:23:14.774767,179.226,-1,2,0,0,100,1,1
2026-08-07T22:23:14.799640,179.251,-1,2,0,0,100,1,1
2026-08-07T22:23:14.821575,179.273,-1,2,0,0,100,1,1
2026-08-07T22:23:14.853099,179.304,-1,2,0,0,100,1,1
2026-08-07T22:23:14.875303,179.327,-1,2,0,0,100,1,1
2026-08-07T22:23:14.897816,179.349,-1,2,0,0,100,1,1
2026-08-07T22:23:14.922484,179.374,-1,2,0,0,100,1,1
2026-08-07T22:23:14.944615,179.396,-1,2,0,0,100,1,1
2026-08-07T22:23:14.974091,179.425,-1,2,0,0,100,1,1
2026-08-07T22:23:14.997979,179.449,-1,2,0,0,100,1,1
2026-08-07T22:23:15.020182,179.471,-1,2,0,0,100,1,1
2026-08-07T22:23:15.043147,179.494,-1,2,0,0,100,1,1
2026-08-07T22:23:15.068099,179.519,-1,2,0,0,100,1,1
2026-08-07T22:23:15.096908,179.548,-1,2,0,0,100,1,1
2026-08-07T22:23:15.119068,179.570,-1,2,0,0,100,1,1
2026-08-07T22:23:15.142833,179.594,-1,2,0,0,100,1,1
2026-08-07T22:23:15.166004,179.617,-1,2,0,0,100,1,1
2026-08-07T22:23:15.188116,179.639,-1,3,0,0,100,1,1
2026-08-07T22:23:15.220771,179.672,-1,2,0,0,100,1,1
2026-08-07T22:23:15.242663,179.694,-1,2,0,0,100,1,1
2026-08-07T22:23:15.265088,179.716,-1,2,0,0,100,1,1
2026-08-07T22:23:15.289937,179.741,-1,2,0,0,100,1,1
2026-08-07T22:23:15.312286,179.764,-1,2,0,0,100,1,1
2026-08-07T22:23:15.343651,179.795,-1,2,0,0,100,1,1
2026-08-07T22:23:15.366061,179.817,-1,2,0,0,100,1,1
2026-08-07T22:23:15.388395,179.840,-1,2,0,0,100,1,1
2026-08-07T22:23:15.412944,179.864,-1,2,0,0,100,1,1
2026-08-07T22:23:15.435335,179.887,-1,2,0,0,100,1,1
2026-08-07T22:23:15.464553,179.916,-1,3,0,0,100,1,1
2026-08-07T22:23:15.488091,179.939,-1,2,0,0,100,1,1
2026-08-07T22:23:15.510598,179.962,-1,2,0,0,100,1,1
2026-08-07T22:23:15.533870,179.985,-1,2,0,0,100,1,1
2026-08-07T22:23:15.557313,180.009,-1,2,0,0,100,1,1
2026-08-07T22:23:15.587072,180.038,-1,2,0,0,100,1,1
2026-08-07T22:23:15.609070,180.060,-1,2,0,0,100,1,1
2026-08-07T22:23:15.632889,180.084,-1,2,0,0,100,1,1
2026-08-07T22:23:15.655166,180.106,-1,2,0,0,100,1,1
2026-08-07T22:23:15.678137,180.129,-1,2,0,0,100,1,1
2026-08-07T22:23:15.711116,180.162,-1,2,0,0,100,1,1
2026-08-07T22:23:15.733440,180.185,-1,2,0,0,100,1,1
2026-08-07T22:23:15.755737,180.207,-1,2,0,0,100,1,1
2026-08-07T22:23:15.780695,180.232,-1,2,0,0,100,1,1
2026-08-07T22:23:15.802556,180.254,-1,2,0,0,100,1,1
2026-08-07T22:23:15.834079,180.285,-1,2,0,0,100,1,1
2026-08-07T22:23:15.856171,180.307,-1,2,0,0,100,1,1
2026-08-07T22:23:15.878950,180.330,-1,2,0,0,100,1,1
2026-08-07T22:23:15.903531,180.355,-1,2,0,0,100,1,1
2026-08-07T22:23:15.925592,180.377,-1,2,0,0,100,1,1
2026-08-07T22:23:15.954951,180.406,-1,2,0,0,100,1,1
2026-08-07T22:23:15.978297,180.430,-1,2,0,0,100,1,1
2026-08-07T22:23:16.000765,180.452,-1,2,0,0,100,1,1
2026-08-07T22:23:16.022650,180.474,-1,2,0,0,100,1,1
2026-08-07T22:23:16.047105,180.498,-1,2,0,0,100,1,1
2026-08-07T22:23:16.077740,180.529,-1,2,0,0,100,1,1
2026-08-07T22:23:16.099888,180.551,-1,2,0,0,100,1,1
2026-08-07T22:23:16.123636,180.575,-1,2,0,0,100,1,1
2026-08-07T22:23:16.146884,180.598,-1,2,0,0,100,1,1
2026-08-07T22:23:16.168713,180.620,-1,2,0,0,100,1,1
2026-08-07T22:23:16.201592,180.653,-1,2,0,0,100,1,1
2026-08-07T22:23:16.223896,180.675,-1,2,0,0,100,1,1
2026-08-07T22:23:16.246184,180.697,-1,2,0,0,100,1,1
2026-08-07T22:23:16.271026,180.722,-1,2,0,0,100,1,1
2026-08-07T22:23:16.293208,180.744,-1,2,0,0,100,1,1
2026-08-07T22:23:16.323990,180.775,-1,2,0,0,100,1,1
2026-08-07T22:23:16.346218,180.797,-1,2,0,0,100,1,1
2026-08-07T22:23:16.368814,180.820,-1,2,0,0,100,1,1
2026-08-07T22:23:16.393373,180.845,-1,2,0,0,100,1,1
2026-08-07T22:23:16.415598,180.867,-1,2,0,0,100,1,1
2026-08-07T22:23:16.445454,180.897,-1,2,0,0,100,1,1
2026-08-07T22:23:16.469185,180.920,-1,2,0,0,100,1,1
2026-08-07T22:23:16.491202,180.942,-1,2,0,0,100,1,1
2026-08-07T22:23:16.514347,180.966,-1,2,0,0,100,1,1
2026-08-07T22:23:16.537914,180.989,-1,2,0,0,100,1,1
2026-08-07T22:23:16.567956,181.019,-1,2,0,0,100,1,1
2026-08-07T22:23:16.589937,181.041,-1,2,0,0,100,1,1
2026-08-07T22:23:16.613929,181.065,-1,2,0,0,100,1,1
2026-08-07T22:23:16.637363,181.089,-1,2,0,0,100,1,1
2026-08-07T22:23:16.659219,181.110,-1,2,0,0,100,1,1
2026-08-07T22:23:16.691855,181.143,-1,2,0,0,100,1,1
2026-08-07T22:23:16.714113,181.165,-1,2,0,0,100,1,1
2026-08-07T22:23:16.736590,181.188,-1,2,0,0,100,1,1
2026-08-07T22:23:16.761444,181.213,-1,2,0,0,100,1,1
2026-08-07T22:23:16.783424,181.235,-1,2,0,0,100,1,1
2026-08-07T22:23:16.814899,181.266,-1,2,0,0,100,1,1
2026-08-07T22:23:16.837163,181.288,-1,2,0,0,100,1,1
2026-08-07T22:23:16.859442,181.311,-1,2,0,0,100,1,1
2026-08-07T22:23:16.884092,181.335,-1,2,0,0,100,1,1
2026-08-07T22:23:16.906426,181.358,-1,2,0,0,100,1,1
2026-08-07T22:23:16.935782,181.387,-1,2,0,0,100,1,1
2026-08-07T22:23:16.959523,181.411,-1,2,0,0,100,1,1
2026-08-07T22:23:16.981723,181.433,-1,2,0,0,100,1,1
2026-08-07T22:23:17.004688,181.456,-1,2,0,0,100,1,1
2026-08-07T22:23:17.028215,181.479,-1,2,0,0,100,1,1
2026-08-07T22:23:17.058184,181.509,-1,2,0,0,100,1,1
2026-08-07T22:23:17.080556,181.532,-1,2,0,0,100,1,1
2026-08-07T22:23:17.104375,181.556,-1,2,0,0,100,1,1
2026-08-07T22:23:17.127564,181.579,-1,2,0,0,100,1,1
2026-08-07T22:23:17.149581,181.601,-1,2,0,0,100,1,1
2026-08-07T22:23:17.184191,181.635,-1,2,0,0,100,1,1
2026-08-07T22:23:17.206673,181.658,-1,2,0,0,100,1,1
2026-08-07T22:23:17.228932,181.680,-1,2,0,0,100,1,1
2026-08-07T22:23:17.253687,181.705,-1,2,0,0,100,1,1
2026-08-07T22:23:17.285888,181.737,-2,2,0,0,100,1,1
2026-08-07T22:23:17.309456,181.761,-1,2,0,0,100,1,1
2026-08-07T22:23:17.332067,181.783,-2,2,0,0,100,1,1
2026-08-07T22:23:17.355075,181.806,-1,2,0,0,100,1,1
2026-08-07T22:23:17.378705,181.830,-1,2,0,0,100,1,1
2026-08-07T22:23:17.408758,181.860,-1,2,0,0,100,1,1
2026-08-07T22:23:17.431010,181.882,-1,2,0,0,100,1,1
2026-08-07T22:23:17.454565,181.906,-1,2,0,0,100,1,1
2026-08-07T22:23:17.477764,181.929,-1,3,0,0,100,1,1
2026-08-07T22:23:17.499915,181.951,-1,2,0,0,100,1,1
2026-08-07T22:23:17.532683,181.984,-1,2,0,0,100,1,1
2026-08-07T22:23:17.554832,182.006,-1,2,0,0,100,1,1
2026-08-07T22:23:17.577267,182.028,-1,2,0,0,100,1,1
2026-08-07T22:23:17.601944,182.053,-1,2,0,0,100,1,1
2026-08-07T22:23:17.623941,182.075,-1,2,0,0,100,1,1
2026-08-07T22:23:17.655399,182.107,-1,2,0,0,100,1,1
2026-08-07T22:23:17.677755,182.129,-1,2,0,0,100,1,1
2026-08-07T22:23:17.700074,182.151,-1,2,0,0,100,1,1
2026-08-07T22:23:17.724903,182.176,-1,2,0,0,100,1,1
2026-08-07T22:23:17.746985,182.198,-1,2,0,0,100,1,1
2026-08-07T22:23:17.776537,182.228,-1,2,0,0,100,1,1
2026-08-07T22:23:17.800100,182.251,-1,2,0,0,100,1,1
2026-08-07T22:23:17.822370,182.274,-1,2,0,0,100,1,1
2026-08-07T22:23:17.845678,182.297,-1,2,0,0,100,1,1
2026-08-07T22:23:17.869048,182.320,-1,2,0,0,100,1,1
2026-08-07T22:23:17.898869,182.350,-1,2,0,0,100,1,1
2026-08-07T22:23:17.921071,182.372,-1,2,0,0,100,1,1
2026-08-07T22:23:17.944789,182.396,-1,2,0,0,100,1,1
2026-08-07T22:23:17.967282,182.419,-1,2,0,0,100,1,1
2026-08-07T22:23:17.989740,182.441,-1,2,0,0,100,1,1
2026-08-07T22:23:18.022799,182.474,-1,2,0,0,100,1,1
2026-08-07T22:23:18.045145,182.496,-1,2,0,0,100,1,1
2026-08-07T22:23:18.067494,182.519,-1,2,0,0,100,1,1
2026-08-07T22:23:18.092335,182.544,-1,2,0,0,100,1,1
2026-08-07T22:23:18.114316,182.566,-1,2,0,0,100,1,1
2026-08-07T22:23:18.145711,182.597,-1,2,0,0,100,1,1
2026-08-07T22:23:18.167888,182.619,-1,2,0,0,100,1,1
2026-08-07T22:23:18.190227,182.642,-1,2,0,0,100,1,1
2026-08-07T22:23:18.215054,182.666,-1,3,0,0,100,1,1
2026-08-07T22:23:18.237112,182.688,-1,2,0,0,100,1,1
2026-08-07T22:23:18.266692,182.718,-1,2,0,0,100,1,1
2026-08-07T22:23:18.290259,182.742,-1,2,0,0,100,1,1
2026-08-07T22:23:18.312714,182.764,-1,2,0,0,100,1,1
2026-08-07T22:23:18.335583,182.787,-1,2,0,0,100,1,1
2026-08-07T22:23:18.359123,182.810,-1,2,0,0,100,1,1
2026-08-07T22:23:18.389332,182.841,-1,2,0,0,100,1,1
2026-08-07T22:23:18.411384,182.863,-1,2,0,0,100,1,1
2026-08-07T22:23:18.435439,182.887,-1,2,0,0,100,1,1
2026-08-07T22:23:18.458469,182.910,-1,2,0,0,100,1,1
2026-08-07T22:23:18.480753,182.932,-1,2,0,0,100,1,1
2026-08-07T22:23:18.513516,182.965,-1,2,0,0,100,1,1
2026-08-07T22:23:18.535267,182.987,-1,2,0,0,100,1,1
2026-08-07T22:23:18.557842,183.009,-1,2,0,0,100,1,1
2026-08-07T22:23:18.582618,183.034,-1,2,0,0,100,1,1
2026-08-07T22:23:18.604676,183.056,-1,2,0,0,100,1,1
2026-08-07T22:23:18.636124,183.087,-1,2,0,0,100,1,1
2026-08-07T22:23:18.658229,183.109,-1,2,0,0,100,1,1
2026-08-07T22:23:18.680836,183.132,-1,2,0,0,100,1,1
2026-08-07T22:23:18.705531,183.157,-1,2,0,0,100,1,1
2026-08-07T22:23:18.727818,183.179,-1,2,0,0,100,1,1
2026-08-07T22:23:18.756996,183.208,-1,2,0,0,100,1,1
2026-08-07T22:23:18.780839,183.232,-1,3,0,0,100,1,1
2026-08-07T22:23:18.803191,183.254,-1,3,0,0,100,1,1
2026-08-07T22:23:18.826392,183.278,-1,2,0,0,100,1,1
2026-08-07T22:23:18.849841,183.301,-1,2,0,0,100,1,1
2026-08-07T22:23:18.879923,183.331,-1,2,0,0,100,1,1
2026-08-07T22:23:18.902042,183.353,-1,2,0,0,100,1,1
2026-08-07T22:23:18.925787,183.377,-1,2,0,0,100,1,1
2026-08-07T22:23:18.948885,183.400,-1,2,0,0,100,1,1
2026-08-07T22:23:18.971077,183.422,-1,2,0,0,100,1,1
2026-08-07T22:23:19.003879,183.455,-1,2,0,0,100,1,1
2026-08-07T22:23:19.025770,183.477,-1,2,0,0,100,1,1
2026-08-07T22:23:19.048191,183.499,-1,2,0,0,100,1,1
2026-08-07T22:23:19.072973,183.524,-1,2,0,0,100,1,1
2026-08-07T22:23:19.095146,183.546,-1,2,0,0,100,1,1
2026-08-07T22:23:19.126594,183.578,-1,2,0,0,100,1,1
2026-08-07T22:23:19.148883,183.600,-1,2,0,0,100,1,1
2026-08-07T22:23:19.171113,183.622,-1,2,0,0,100,1,1
2026-08-07T22:23:19.195861,183.647,-1,2,0,0,100,1,1
2026-08-07T22:23:19.218081,183.669,-1,2,0,0,100,1,1
2026-08-07T22:23:19.247563,183.699,-1,2,0,0,100,1,1
2026-08-07T22:23:19.271051,183.722,-1,2,0,0,100,1,1
2026-08-07T22:23:19.294815,183.746,-1,2,0,0,100,1,1
2026-08-07T22:23:19.318147,183.769,-1,2,0,0,100,1,1
2026-08-07T22:23:19.354026,183.805,-1,2,0,0,100,1,1
2026-08-07T22:23:19.376049,183.827,-1,2,0,0,100,1,1
2026-08-07T22:23:19.398422,183.850,-1,2,0,0,100,1,1
2026-08-07T22:23:19.423455,183.875,-1,2,0,0,100,1,1
2026-08-07T22:23:19.445468,183.897,-1,2,0,0,100,1,1
2026-08-07T22:23:19.476355,183.928,-1,2,0,0,100,1,1
2026-08-07T22:23:19.498928,183.950,-1,2,0,0,100,1,1
2026-08-07T22:23:19.521027,183.972,-1,2,0,0,100,1,1
2026-08-07T22:23:19.545509,183.997,-1,2,0,0,100,1,1
2026-08-07T22:23:19.567939,184.019,-1,2,0,0,100,1,1
2026-08-07T22:23:19.597694,184.049,-1,2,0,0,100,1,1
2026-08-07T22:23:19.621464,184.073,-1,2,0,0,100,1,1
2026-08-07T22:23:19.643811,184.095,-1,2,0,0,100,1,1
2026-08-07T22:23:19.667019,184.118,-1,2,0,0,100,1,1
2026-08-07T22:23:19.690099,184.141,-1,2,0,0,100,1,1
2026-08-07T22:23:19.720553,184.172,-1,2,0,0,100,1,1
2026-08-07T22:23:19.742622,184.194,-1,2,0,0,100,1,1
2026-08-07T22:23:19.766393,184.218,-1,2,0,0,100,1,1
2026-08-07T22:23:19.789490,184.241,-1,2,0,0,100,1,1
2026-08-07T22:23:19.811752,184.263,-1,2,0,0,100,1,1
2026-08-07T22:23:19.844208,184.295,-1,2,0,0,100,1,1
2026-08-07T22:23:19.866406,184.318,-1,2,0,0,100,1,1
2026-08-07T22:23:19.888972,184.340,-1,2,0,0,100,1,1
2026-08-07T22:23:19.913864,184.365,-1,2,0,0,100,1,1
2026-08-07T22:23:19.935844,184.387,-1,2,0,0,100,1,1
2026-08-07T22:23:19.967151,184.418,-1,2,0,0,100,1,1
2026-08-07T22:23:19.989428,184.441,-1,2,0,0,100,1,1
2026-08-07T22:23:20.011824,184.463,-1,2,0,0,100,1,1
2026-08-07T22:23:20.036678,184.488,-1,2,0,0,100,1,1
2026-08-07T22:23:20.058827,184.510,-1,2,0,0,100,1,1
2026-08-07T22:23:20.088024,184.539,-1,2,0,0,100,1,1
2026-08-07T22:23:20.111483,184.563,-1,2,0,0,100,1,1
2026-08-07T22:23:20.133901,184.585,-1,2,0,0,100,1,1
2026-08-07T22:23:20.157105,184.608,-1,2,0,0,100,1,1
2026-08-07T22:23:20.180466,184.632,-1,2,0,0,100,1,1
2026-08-07T22:23:20.210499,184.662,-1,2,0,0,100,1,1
2026-08-07T22:23:20.232746,184.684,-1,2,0,0,100,1,1
2026-08-07T22:23:20.256505,184.708,-1,2,0,0,100,1,1
2026-08-07T22:23:20.279341,184.731,-1,2,0,0,100,1,1
2026-08-07T22:23:20.301639,184.753,-1,2,0,0,100,1,1
2026-08-07T22:23:20.334653,184.786,-1,2,0,0,100,1,1
2026-08-07T22:23:20.356706,184.808,-1,2,0,0,100,1,1
2026-08-07T22:23:20.379020,184.830,-1,2,0,0,100,1,1
2026-08-07T22:23:20.404147,184.855,-1,2,0,0,100,1,1
2026-08-07T22:23:20.426124,184.877,-1,2,0,0,100,1,1
2026-08-07T22:23:20.457652,184.909,-1,2,0,0,100,1,1
2026-08-07T22:23:20.479692,184.931,-1,2,0,0,100,1,1
2026-08-07T22:23:20.502225,184.953,-1,2,0,0,100,1,1
2026-08-07T22:23:20.526821,184.978,-1,2,0,0,100,1,1
2026-08-07T22:23:20.549060,185.000,-1,2,0,0,100,1,1
2026-08-07T22:23:20.578579,185.030,-1,2,0,0,100,1,1
2026-08-07T22:23:20.601987,185.053,-1,3,0,0,100,1,1
2026-08-07T22:23:20.624539,185.076,-1,2,0,0,100,1,1
2026-08-07T22:23:20.647367,185.099,-1,2,0,0,100,1,1
2026-08-07T22:23:20.671225,185.122,-1,2,0,0,100,1,1
2026-08-07T22:23:20.701143,185.152,-1,2,0,0,100,1,1
2026-08-07T22:23:20.723339,185.175,-1,2,0,0,100,1,1
2026-08-07T22:23:20.747110,185.198,-1,2,0,0,100,1,1
2026-08-07T22:23:20.770117,185.221,-1,2,0,0,100,1,1
2026-08-07T22:23:20.792419,185.244,-1,2,0,0,100,1,1
2026-08-07T22:23:20.825152,185.276,-1,2,0,0,100,1,1
2026-08-07T22:23:20.847141,185.298,-1,2,0,0,100,1,1
2026-08-07T22:23:20.869546,185.321,-2,2,0,0,100,1,1
2026-08-07T22:23:20.894633,185.346,-1,2,0,0,100,1,1
2026-08-07T22:23:20.916868,185.368,-1,2,0,0,100,1,1
2026-08-07T22:23:20.947634,185.399,-1,2,0,0,100,1,1
2026-08-07T22:23:20.969925,185.421,-1,2,0,0,100,1,1
2026-08-07T22:23:20.992261,185.444,-1,2,0,0,100,1,1
2026-08-07T22:23:21.017029,185.468,-1,2,0,0,100,1,1
2026-08-07T22:23:21.039384,185.491,-1,2,0,0,100,1,1
2026-08-07T22:23:21.069083,185.520,-1,2,0,0,100,1,1
2026-08-07T22:23:21.092502,185.544,-1,2,0,0,100,1,1
2026-08-07T22:23:21.114893,185.566,-1,2,0,0,100,1,1
2026-08-07T22:23:21.138238,185.589,-1,2,0,0,100,1,1
2026-08-07T22:23:21.161306,185.613,-1,2,0,0,100,1,1
2026-08-07T22:23:21.191472,185.643,-1,2,0,0,100,1,1
2026-08-07T22:23:21.213954,185.665,-1,2,0,0,100,1,1
2026-08-07T22:23:21.237467,185.689,-1,2,0,0,100,1,1
2026-08-07T22:23:21.260747,185.712,-1,2,0,0,100,1,1
2026-08-07T22:23:21.282787,185.734,-1,2,0,0,100,1,1
2026-08-07T22:23:21.315523,185.767,-1,2,0,0,100,1,1
2026-08-07T22:23:21.337474,185.789,-1,3,0,0,100,1,1
2026-08-07T22:23:21.359874,185.811,-1,2,0,0,100,1,1
2026-08-07T22:23:21.384644,185.836,-1,2,0,0,100,1,1
2026-08-07T22:23:21.408996,185.860,-1,2,0,0,100,1,1
2026-08-07T22:23:21.438249,185.890,-1,2,0,0,100,1,1
2026-08-07T22:23:21.460585,185.912,-1,2,0,0,100,1,1
2026-08-07T22:23:21.483102,185.934,-1,2,0,0,100,1,1
2026-08-07T22:23:21.507337,185.959,-1,2,0,0,100,1,1
2026-08-07T22:23:21.529780,185.981,-1,2,0,0,100,1,1
2026-08-07T22:23:21.559278,186.011,-1,2,0,0,100,1,1
2026-08-07T22:23:21.582935,186.034,-1,2,0,0,100,1,1
2026-08-07T22:23:21.605192,186.056,-1,2,0,0,100,1,1
2026-08-07T22:23:21.628048,186.079,-1,2,0,0,100,1,1
2026-08-07T22:23:21.651602,186.103,-1,2,0,0,100,1,1
2026-08-07T22:23:21.681686,186.133,-1,2,0,0,100,1,1
2026-08-07T22:23:21.704031,186.155,-1,2,0,0,100,1,1
2026-08-07T22:23:21.727610,186.179,-1,2,0,0,100,1,1
2026-08-07T22:23:21.749881,186.201,-1,2,0,0,100,1,1
2026-08-07T22:23:21.772793,186.224,-1,2,0,0,100,1,1
2026-08-07T22:23:21.805880,186.257,-1,2,0,0,100,1,1
2026-08-07T22:23:21.828089,186.279,-1,2,0,0,100,1,1
2026-08-07T22:23:21.850523,186.302,-1,2,0,0,100,1,1
2026-08-07T22:23:21.875220,186.326,-1,2,0,0,100,1,1
2026-08-07T22:23:21.897138,186.348,-1,2,0,0,100,1,1
2026-08-07T22:23:21.928687,186.380,-1,2,0,0,100,1,1
2026-08-07T22:23:21.950985,186.402,-1,2,0,0,100,1,1
2026-08-07T22:23:21.973199,186.424,-1,2,0,0,100,1,1
2026-08-07T22:23:21.997987,186.449,-1,2,0,0,100,1,1
2026-08-07T22:23:22.020290,186.472,-1,2,0,0,100,1,1
2026-08-07T22:23:22.049584,186.501,-1,2,0,0,100,1,1
2026-08-07T22:23:22.072944,186.524,-1,2,0,0,100,1,1
2026-08-07T22:23:22.095454,186.547,-1,2,0,0,100,1,1
2026-08-07T22:23:22.117486,186.569,-1,2,0,0,100,1,1
2026-08-07T22:23:22.141838,186.593,-1,3,0,0,100,1,1
2026-08-07T22:23:22.172349,186.624,-1,2,0,0,100,1,1
2026-08-07T22:23:22.194419,186.646,-1,2,0,0,100,1,1
2026-08-07T22:23:22.218314,186.670,-1,2,0,0,100,1,1
2026-08-07T22:23:22.241429,186.693,-1,2,0,0,100,1,1
2026-08-07T22:23:22.263539,186.715,-1,2,0,0,100,1,1
2026-08-07T22:23:22.295982,186.747,-1,2,0,0,100,1,1
2026-08-07T22:23:22.318448,186.770,-1,2,0,0,100,1,1
2026-08-07T22:23:22.340917,186.792,-1,2,0,0,100,1,1
2026-08-07T22:23:22.365438,186.817,-1,2,0,0,100,1,1
2026-08-07T22:23:22.387625,186.839,-1,2,0,0,100,1,1
2026-08-07T22:23:22.419023,186.870,-1,2,0,0,100,1,1
2026-08-07T22:23:22.441175,186.892,-1,2,0,0,100,1,1
2026-08-07T22:23:22.463568,186.915,-1,2,0,0,100,1,1
2026-08-07T22:23:22.488141,186.939,-1,2,0,0,100,1,1
2026-08-07T22:23:22.510395,186.962,-1,2,0,0,100,1,1
2026-08-07T22:23:22.540086,186.991,-1,2,0,0,100,1,1
2026-08-07T22:23:22.563563,187.015,-1,2,0,0,100,1,1
2026-08-07T22:23:22.586115,187.037,-2,2,0,0,100,1,1
2026-08-07T22:23:22.609365,187.061,-2,3,0,0,100,1,1
2026-08-07T22:23:22.633051,187.084,-1,2,0,0,100,1,1
2026-08-07T22:23:22.663132,187.114,-2,2,0,0,100,1,1
2026-08-07T22:23:22.685230,187.136,-1,3,0,0,100,1,1
2026-08-07T22:23:22.708979,187.160,-1,2,0,0,100,1,1
2026-08-07T22:23:22.732212,187.183,-1,2,0,0,100,1,1
2026-08-07T22:23:22.754018,187.205,-1,3,0,0,100,1,1
2026-08-07T22:23:22.786912,187.238,-1,2,0,0,100,1,1
2026-08-07T22:23:22.808840,187.260,-1,2,0,0,100,1,1
2026-08-07T22:23:22.831370,187.283,-1,2,0,0,100,1,1
2026-08-07T22:23:22.856183,187.307,-1,2,0,0,100,1,1
2026-08-07T22:23:22.878267,187.330,-1,2,0,0,100,1,1
2026-08-07T22:23:22.909508,187.361,-1,2,0,0,100,1,1
2026-08-07T22:23:22.931858,187.383,-1,2,0,0,100,1,1
2026-08-07T22:23:22.954132,187.405,-1,2,0,0,100,1,1
2026-08-07T22:23:22.978770,187.430,-1,2,0,0,100,1,1
2026-08-07T22:23:23.000963,187.452,-1,2,0,0,100,1,1
2026-08-07T22:23:23.030524,187.482,-1,2,0,0,100,1,1
2026-08-07T22:23:23.054153,187.505,-1,2,0,0,100,1,1
2026-08-07T22:23:23.076398,187.528,-1,2,0,0,100,1,1
2026-08-07T22:23:23.099541,187.551,-1,2,0,0,100,1,1
2026-08-07T22:23:23.123175,187.574,-1,2,0,0,100,1,1
2026-08-07T22:23:23.153057,187.604,-1,2,0,0,100,1,1
2026-08-07T22:23:23.175040,187.626,-1,2,0,0,100,1,1
2026-08-07T22:23:23.198910,187.650,-1,2,0,0,100,1,1
2026-08-07T22:23:23.220834,187.672,-1,2,0,0,100,1,1
2026-08-07T22:23:23.243907,187.695,-1,2,0,0,100,1,1
2026-08-07T22:23:23.276800,187.728,-1,2,0,0,100,1,1
2026-08-07T22:23:23.299109,187.750,-2,3,0,0,100,1,1
2026-08-07T22:23:23.321423,187.773,-1,2,0,0,100,1,1
2026-08-07T22:23:23.346556,187.798,-1,2,0,0,100,1,1
2026-08-07T22:23:23.368486,187.820,-1,2,0,0,100,1,1
2026-08-07T22:23:23.399836,187.851,-1,2,0,0,100,1,1
2026-08-07T22:23:23.422154,187.873,-1,3,0,0,100,1,1
2026-08-07T22:23:23.444562,187.896,-1,2,0,0,100,1,1
2026-08-07T22:23:23.469224,187.920,-1,2,0,0,100,1,1
2026-08-07T22:23:23.491465,187.943,-1,2,0,0,100,1,1
2026-08-07T22:23:23.520943,187.972,-1,2,0,0,100,1,1
2026-08-07T22:23:23.545729,187.997,-1,2,0,0,100,1,1
2026-08-07T22:23:23.567961,188.019,-1,2,0,0,100,1,1
2026-08-07T22:23:23.590963,188.042,-1,2,0,0,100,1,1
2026-08-07T22:23:23.627230,188.078,-1,3,0,0,100,1,1
2026-08-07T22:23:23.649444,188.101,-1,3,0,0,100,1,1
2026-08-07T22:23:23.671807,188.123,-1,2,0,0,100,1,1
2026-08-07T22:23:23.696456,188.148,-1,2,0,0,100,1,1
2026-08-07T22:23:23.718862,188.170,-1,2,0,0,100,1,1
2026-08-07T22:23:23.750183,188.201,-1,2,0,0,100,1,1
2026-08-07T22:23:23.772405,188.224,-1,3,0,0,100,1,1
2026-08-07T22:23:23.794817,188.246,-1,2,0,0,100,1,1
2026-08-07T22:23:23.819452,188.271,-1,3,0,0,100,1,1
2026-08-07T22:23:23.841767,188.293,-1,2,0,0,100,1,1
2026-08-07T22:23:23.871096,188.322,-1,2,0,0,100,1,1
2026-08-07T22:23:23.894806,188.346,-1,2,0,0,100,1,1
2026-08-07T22:23:23.917193,188.368,-1,2,0,0,100,1,1
2026-08-07T22:23:23.940379,188.392,-1,2,0,0,100,1,1
2026-08-07T22:23:23.963920,188.415,-1,2,0,0,100,1,1
2026-08-07T22:23:23.993610,188.445,-1,2,0,0,100,1,1
2026-08-07T22:23:24.015794,188.467,-1,2,0,0,100,1,1
2026-08-07T22:23:24.039921,188.491,-1,2,0,0,100,1,1
2026-08-07T22:23:24.062838,188.514,-1,2,0,0,100,1,1
2026-08-07T22:23:24.085031,188.536,-1,2,0,0,100,1,1
2026-08-07T22:23:24.117545,188.569,-1,2,0,0,100,1,1
2026-08-07T22:23:24.139728,188.591,-1,2,0,0,100,1,1
2026-08-07T22:23:24.162115,188.613,-1,2,0,0,100,1,1
2026-08-07T22:23:24.187035,188.638,-1,2,0,0,100,1,1
2026-08-07T22:23:24.209205,188.660,-1,2,0,0,100,1,1
2026-08-07T22:23:24.240535,188.692,-1,2,0,0,100,1,1
2026-08-07T22:23:24.262834,188.714,-1,2,0,0,100,1,1
2026-08-07T22:23:24.285009,188.736,-1,2,0,0,100,1,1
2026-08-07T22:23:24.309749,188.761,-1,2,0,0,100,1,1
2026-08-07T22:23:24.331902,188.783,-1,2,0,0,100,1,1
2026-08-07T22:23:24.361450,188.813,-1,2,0,0,100,1,1
2026-08-07T22:23:24.384969,188.836,-1,2,0,0,100,1,1
2026-08-07T22:23:24.407304,188.859,-1,2,0,0,100,1,1
2026-08-07T22:23:24.430261,188.882,-1,2,0,0,100,1,1
2026-08-07T22:23:24.453753,188.905,-1,2,0,0,100,1,1
2026-08-07T22:23:24.484093,188.935,-1,2,0,0,100,1,1
2026-08-07T22:23:24.506028,188.957,-1,2,0,0,100,1,1
2026-08-07T22:23:24.529719,188.981,-1,2,0,0,100,1,1
2026-08-07T22:23:24.552302,189.004,-1,2,0,0,100,1,1
2026-08-07T22:23:24.574508,189.026,-1,2,0,0,100,1,1
2026-08-07T22:23:24.607902,189.059,-1,2,0,0,100,1,1
2026-08-07T22:23:24.629904,189.081,-1,2,0,0,100,1,1
2026-08-07T22:23:24.652317,189.104,-1,2,0,0,100,1,1
2026-08-07T22:23:24.676983,189.128,-1,2,0,0,100,1,1
2026-08-07T22:23:24.699022,189.150,-1,2,0,0,100,1,1
2026-08-07T22:23:24.730881,189.182,-1,3,0,0,100,1,1
2026-08-07T22:23:24.753210,189.204,-1,2,0,0,100,1,1
2026-08-07T22:23:24.775526,189.227,-1,2,0,0,100,1,1
2026-08-07T22:23:24.800244,189.251,-1,3,0,0,100,1,1
2026-08-07T22:23:24.822574,189.274,-1,2,0,0,100,1,1
2026-08-07T22:23:24.852101,189.303,-1,2,0,0,100,1,1
2026-08-07T22:23:24.875645,189.327,-1,3,0,0,100,1,1
2026-08-07T22:23:24.898122,189.349,-1,2,0,0,100,1,1
2026-08-07T22:23:24.921185,189.372,-1,2,0,0,100,1,1
2026-08-07T22:23:24.944760,189.396,-1,2,0,0,100,1,1
2026-08-07T22:23:24.974582,189.426,-1,2,0,0,100,1,1
2026-08-07T22:23:24.996803,189.448,-1,2,0,0,100,1,1
2026-08-07T22:23:25.020672,189.472,-1,2,0,0,100,1,1
2026-08-07T22:23:25.043939,189.495,-2,2,0,0,100,1,1
2026-08-07T22:23:25.066022,189.517,-1,2,0,0,100,1,1
2026-08-07T22:23:25.098448,189.550,-1,2,0,0,100,1,1
2026-08-07T22:23:25.120620,189.572,-1,2,0,0,100,1,1
2026-08-07T22:23:25.143115,189.594,-1,2,0,0,100,1,1
2026-08-07T22:23:25.167799,189.619,-1,2,0,0,100,1,1
2026-08-07T22:23:25.190094,189.641,-1,2,0,0,100,1,1
2026-08-07T22:23:25.221073,189.672,-1,2,0,0,100,1,1
2026-08-07T22:23:25.243557,189.695,-1,2,0,0,100,1,1
2026-08-07T22:23:25.265969,189.717,-1,2,0,0,100,1,1
2026-08-07T22:23:25.290387,189.742,-1,2,0,0,100,1,1
2026-08-07T22:23:25.312890,189.764,-1,2,0,0,100,1,1
2026-08-07T22:23:25.342429,189.794,-2,2,0,0,100,1,1
2026-08-07T22:23:25.366050,189.817,-1,2,0,0,100,1,1
2026-08-07T22:23:25.388521,189.840,-1,2,0,0,100,1,1
2026-08-07T22:23:25.411553,189.863,-1,2,0,0,100,1,1
2026-08-07T22:23:25.435039,189.886,-1,2,0,0,100,1,1
2026-08-07T22:23:25.464882,189.916,-1,2,0,0,100,1,1
2026-08-07T22:23:25.487036,189.938,-2,2,0,0,100,1,1
2026-08-07T22:23:25.511006,189.962,-1,2,0,0,100,1,1
2026-08-07T22:23:25.533913,189.985,-1,2,0,0,100,1,1
2026-08-07T22:23:25.556180,190.007,-1,2,0,0,100,1,1
2026-08-07T22:23:25.588875,190.040,-1,2,0,0,100,1,1
2026-08-07T22:23:25.611089,190.062,-1,3,0,0,100,1,1
2026-08-07T22:23:25.633506,190.085,-1,2,0,0,100,1,1
2026-08-07T22:23:25.660464,190.112,-1,2,0,0,100,1,1
2026-08-07T22:23:25.682681,190.134,-1,2,0,0,100,1,1
2026-08-07T22:23:25.711565,190.163,-1,3,0,0,100,1,1
2026-08-07T22:23:25.734294,190.186,-1,2,0,0,100,1,1
2026-08-07T22:23:25.756498,190.208,-1,2,0,0,100,1,1
2026-08-07T22:23:25.781100,190.232,-1,2,0,0,100,1,1
2026-08-07T22:23:25.803209,190.254,-1,2,0,0,100,1,1
2026-08-07T22:23:25.832432,190.284,-1,2,0,0,100,1,1
2026-08-07T22:23:25.855943,190.307,-1,3,0,0,100,1,1
2026-08-07T22:23:25.878521,190.330,-1,2,0,0,100,1,1
2026-08-07T22:23:25.901505,190.353,-1,2,0,0,100,1,1
2026-08-07T22:23:25.925075,190.376,-1,2,0,0,100,1,1
2026-08-07T22:23:25.955296,190.407,-1,2,0,0,100,1,1
2026-08-07T22:23:25.977316,190.429,-1,2,0,0,100,1,1
2026-08-07T22:23:26.001093,190.452,-1,2,0,0,100,1,1
2026-08-07T22:23:26.024169,190.475,-1,2,0,0,100,1,1
2026-08-07T22:23:26.046269,190.497,-1,2,0,0,100,1,1
2026-08-07T22:23:26.079189,190.530,-1,2,0,0,100,1,1
2026-08-07T22:23:26.101322,190.553,-1,2,0,0,100,1,1
2026-08-07T22:23:26.123662,190.575,-1,3,0,0,100,1,1
2026-08-07T22:23:26.148552,190.600,-1,2,0,0,100,1,1
2026-08-07T22:23:26.170590,190.622,-1,2,0,0,100,1,1
2026-08-07T22:23:26.201661,190.653,-1,2,0,0,100,1,1
2026-08-07T22:23:26.223882,190.675,-1,2,0,0,100,1,1
2026-08-07T22:23:26.246355,190.698,-1,2,0,0,100,1,1
2026-08-07T22:23:26.270737,190.722,-1,2,0,0,100,1,1
2026-08-07T22:23:26.293156,190.744,-1,2,0,0,100,1,1
2026-08-07T22:23:26.322839,190.774,-1,2,0,0,100,1,1
2026-08-07T22:23:26.346563,190.798,-1,2,0,0,100,1,1
2026-08-07T22:23:26.368993,190.820,-1,2,0,0,100,1,1
2026-08-07T22:23:26.391909,190.843,-1,2,0,0,100,1,1
2026-08-07T22:23:26.415484,190.867,-1,2,0,0,100,1,1
2026-08-07T22:23:26.445518,190.897,-1,2,0,0,100,1,1
2026-08-07T22:23:26.467736,190.919,-1,2,0,0,100,1,1
2026-08-07T22:23:26.491606,190.943,-1,2,0,0,100,1,1
2026-08-07T22:23:26.514626,190.966,-1,2,0,0,100,1,1
2026-08-07T22:23:26.536672,190.988,-1,3,0,0,100,1,1
2026-08-07T22:23:26.569538,191.021,-1,2,0,0,100,1,1
2026-08-07T22:23:26.591495,191.043,-1,2,0,0,100,1,1
2026-08-07T22:23:26.614103,191.065,-1,2,0,0,100,1,1
2026-08-07T22:23:26.638838,191.090,-1,3,0,0,100,1,1
2026-08-07T22:23:26.660901,191.112,-1,2,0,0,100,1,1
2026-08-07T22:23:26.692365,191.144,-1,2,0,0,100,1,1
2026-08-07T22:23:26.714558,191.166,-1,2,0,0,100,1,1
2026-08-07T22:23:26.737264,191.188,-1,2,0,0,100,1,1
2026-08-07T22:23:26.761708,191.213,-1,2,0,0,100,1,1
2026-08-07T22:23:26.783848,191.235,-1,3,0,0,100,1,1
2026-08-07T22:23:26.813224,191.264,-1,2,0,0,100,1,1
2026-08-07T22:23:26.836590,191.288,-1,2,0,0,100,1,1
2026-08-07T22:23:26.859124,191.310,-1,3,0,0,100,1,1
2026-08-07T22:23:26.882211,191.333,-1,2,0,0,100,1,1
2026-08-07T22:23:26.905587,191.357,-1,2,0,0,100,1,1
2026-08-07T22:23:26.936176,191.387,-1,2,0,0,100,1,1
2026-08-07T22:23:26.958379,191.410,-1,2,0,0,100,1,1
2026-08-07T22:23:26.982061,191.433,-1,2,0,0,100,1,1
2026-08-07T22:23:27.005130,191.456,-1,2,0,0,100,1,1
2026-08-07T22:23:27.027350,191.479,-1,2,0,0,100,1,1
2026-08-07T22:23:27.059891,191.511,-1,2,0,0,100,1,1
2026-08-07T22:23:27.081967,191.533,-1,2,0,0,100,1,1
2026-08-07T22:23:27.104336,191.556,-1,2,0,0,100,1,1
2026-08-07T22:23:27.129205,191.580,-1,2,0,0,100,1,1
2026-08-07T22:23:27.151099,191.602,-1,2,0,0,100,1,1
2026-08-07T22:23:27.183349,191.634,-1,2,0,0,100,1,1
2026-08-07T22:23:27.204934,191.656,-1,2,0,0,100,1,1
2026-08-07T22:23:27.227287,191.679,-1,2,0,0,100,1,1
2026-08-07T22:23:27.252060,191.703,-1,2,0,0,100,1,1
2026-08-07T22:23:27.274315,191.726,-1,2,0,0,100,1,1
2026-08-07T22:23:27.303653,191.755,-1,2,0,0,100,1,1
2026-08-07T22:23:27.327302,191.779,-1,2,0,0,100,1,1
2026-08-07T22:23:27.349926,191.801,-1,2,0,0,100,1,1
2026-08-07T22:23:27.372700,191.824,-1,2,0,0,100,1,1
2026-08-07T22:23:27.396282,191.847,-1,2,0,0,100,1,1
2026-08-07T22:23:27.426426,191.878,-1,2,0,0,100,1,1
2026-08-07T22:23:27.448620,191.900,-1,2,0,0,100,1,1
2026-08-07T22:23:27.472331,191.924,-1,2,0,0,100,1,1
2026-08-07T22:23:27.495415,191.947,-1,2,0,0,100,1,1
2026-08-07T22:23:27.517397,191.969,-1,2,0,0,100,1,1
2026-08-07T22:23:27.550271,192.001,-1,2,0,0,100,1,1
2026-08-07T22:23:27.572280,192.024,-1,2,0,0,100,1,1
2026-08-07T22:23:27.594457,192.046,-1,2,0,0,100,1,1
2026-08-07T22:23:27.619140,192.070,-1,2,0,0,100,1,1
2026-08-07T22:23:27.641073,192.092,-1,2,0,0,100,1,1
2026-08-07T22:23:27.672788,192.124,-1,2,0,0,100,1,1
2026-08-07T22:23:27.695015,192.146,-1,2,0,0,100,1,1
2026-08-07T22:23:27.717428,192.169,-1,2,0,0,100,1,1
2026-08-07T22:23:27.741866,192.193,-1,2,0,0,100,1,1
2026-08-07T22:23:27.764130,192.215,-1,3,0,0,100,1,1
2026-08-07T22:23:27.794155,192.245,-1,2,0,0,100,1,1
2026-08-07T22:23:27.817762,192.269,-1,2,0,0,100,1,1
2026-08-07T22:23:27.840054,192.291,-1,2,0,0,100,1,1
2026-08-07T22:23:27.863172,192.314,-1,2,0,0,100,1,1
2026-08-07T22:23:27.886607,192.338,-1,2,0,0,100,1,1
2026-08-07T22:23:27.916837,192.368,-1,2,0,0,100,1,1
2026-08-07T22:23:27.939153,192.390,-1,2,0,0,100,1,1
2026-08-07T22:23:27.962691,192.414,-1,2,0,0,100,1,1
2026-08-07T22:23:27.985956,192.437,-1,2,0,0,100,1,1
2026-08-07T22:23:28.008163,192.459,-1,2,0,0,100,1,1
2026-08-07T22:23:28.040671,192.492,-1,2,0,0,100,1,1
2026-08-07T22:23:28.062660,192.514,-1,2,0,0,100,1,1
2026-08-07T22:23:28.085166,192.536,-1,2,0,0,100,1,1
2026-08-07T22:23:28.109985,192.561,-1,2,0,0,100,1,1
2026-08-07T22:23:28.132204,192.583,-1,2,0,0,100,1,1
2026-08-07T22:23:28.163652,192.615,-1,2,0,0,100,1,1
2026-08-07T22:23:28.186033,192.637,-1,2,0,0,100,1,1
2026-08-07T22:23:28.208179,192.659,-1,2,0,0,100,1,1
2026-08-07T22:23:28.232768,192.684,-1,2,0,0,100,1,1
2026-08-07T22:23:28.254949,192.706,-1,2,0,0,100,1,1
2026-08-07T22:23:28.284499,192.736,-1,2,0,0,100,1,1
2026-08-07T22:23:28.308114,192.759,-1,2,0,0,100,1,1
2026-08-07T22:23:28.330448,192.782,-1,2,0,0,100,1,1
2026-08-07T22:23:28.353703,192.805,-1,2,0,0,100,1,1
2026-08-07T22:23:28.376900,192.828,-1,2,0,0,100,1,1
2026-08-07T22:23:28.407175,192.858,-1,2,0,0,100,1,1
2026-08-07T22:23:28.429327,192.881,-1,2,0,0,100,1,1
2026-08-07T22:23:28.452977,192.904,-1,2,0,0,100,1,1
2026-08-07T22:23:28.476025,192.927,-1,2,0,0,100,1,1
2026-08-07T22:23:28.498384,192.950,-1,2,0,0,100,1,1
2026-08-07T22:23:28.530874,192.982,-1,3,0,0,100,1,1
2026-08-07T22:23:28.553170,193.004,-1,2,0,0,100,1,1
2026-08-07T22:23:28.575504,193.027,-1,3,0,0,100,1,1
2026-08-07T22:23:28.600371,193.052,-1,2,0,0,100,1,1
2026-08-07T22:23:28.622528,193.074,-1,2,0,0,100,1,1
2026-08-07T22:23:28.653982,193.105,-1,3,0,0,100,1,1
2026-08-07T22:23:28.676183,193.127,-1,2,0,0,100,1,1
2026-08-07T22:23:28.698456,193.150,-1,2,0,0,100,1,1
2026-08-07T22:23:28.723240,193.174,-1,2,0,0,100,1,1
2026-08-07T22:23:28.745415,193.197,-1,2,0,0,100,1,1
2026-08-07T22:23:28.774791,193.226,-1,2,0,0,100,1,1
2026-08-07T22:23:28.798426,193.250,-1,2,0,0,100,1,1
2026-08-07T22:23:28.820812,193.272,-1,2,0,0,100,1,1
2026-08-07T22:23:28.843852,193.295,-1,2,0,0,100,1,1
2026-08-07T22:23:28.867473,193.319,-1,2,0,0,100,1,1
2026-08-07T22:23:28.897658,193.349,-1,2,0,0,100,1,1
2026-08-07T22:23:28.919487,193.371,-1,2,0,0,100,1,1
2026-08-07T22:23:28.943361,193.395,-1,2,0,0,100,1,1
2026-08-07T22:23:28.966502,193.418,-1,2,0,0,100,1,1
2026-08-07T22:23:28.988652,193.440,-1,2,0,0,100,1,1
2026-08-07T22:23:29.021269,193.473,-1,2,0,0,100,1,1
2026-08-07T22:23:29.043877,193.495,-1,3,0,0,100,1,1
2026-08-07T22:23:29.066161,193.517,-1,2,0,0,100,1,1
2026-08-07T22:23:29.090866,193.542,-1,2,0,0,100,1,1
2026-08-07T22:23:29.112963,193.564,-1,2,0,0,100,1,1
2026-08-07T22:23:29.143946,193.595,-1,2,0,0,100,1,1
2026-08-07T22:23:29.166333,193.618,-1,2,0,0,100,1,1
2026-08-07T22:23:29.188728,193.640,-1,2,0,0,100,1,1
2026-08-07T22:23:29.213357,193.665,-1,2,0,0,100,1,1
2026-08-07T22:23:29.235621,193.687,-1,2,0,0,100,1,1
2026-08-07T22:23:29.265415,193.717,-1,3,0,0,100,1,1
2026-08-07T22:23:29.289057,193.740,-1,2,0,0,100,1,1
2026-08-07T22:23:29.311385,193.763,-1,2,0,0,100,1,1
2026-08-07T22:23:29.334422,193.786,-1,2,0,0,100,1,1
2026-08-07T22:23:29.358098,193.809,-1,2,0,0,100,1,1
2026-08-07T22:23:29.387855,193.839,-1,2,0,0,100,1,1
2026-08-07T22:23:29.410086,193.861,-1,2,0,0,100,1,1
2026-08-07T22:23:29.433972,193.885,-1,2,0,0,100,1,1
2026-08-07T22:23:29.457104,193.908,-1,2,0,0,100,1,1
2026-08-07T22:23:29.479053,193.930,-1,2,0,0,100,1,1
2026-08-07T22:23:29.511652,193.963,-1,2,0,0,100,1,1
2026-08-07T22:23:29.534065,193.985,-1,2,0,0,100,1,1
2026-08-07T22:23:29.556216,194.007,-1,2,0,0,100,1,1
2026-08-07T22:23:29.581070,194.032,-1,2,0,0,100,1,1
2026-08-07T22:23:29.603354,194.055,-1,2,0,0,100,1,1
2026-08-07T22:23:29.634622,194.086,-1,2,0,0,100,1,1
2026-08-07T22:23:29.657339,194.109,-1,2,0,0,100,1,1
2026-08-07T22:23:29.679436,194.131,-1,2,0,0,100,1,1
2026-08-07T22:23:29.704289,194.156,-1,2,0,0,100,1,1
2026-08-07T22:23:29.726671,194.178,-1,2,0,0,100,1,1
2026-08-07T22:23:29.755721,194.207,-1,3,0,0,100,1,1
2026-08-07T22:23:29.779291,194.231,-1,2,0,0,100,1,1
2026-08-07T22:23:29.801736,194.253,-1,2,0,0,100,1,1
2026-08-07T22:23:29.824775,194.276,-1,3,0,0,100,1,1
2026-08-07T22:23:29.848271,194.300,-1,2,0,0,100,1,1
2026-08-07T22:23:29.878229,194.329,-1,2,0,0,100,1,1
2026-08-07T22:23:29.902652,194.354,-1,2,0,0,100,1,1
2026-08-07T22:23:29.926353,194.378,-1,2,0,0,100,1,1
2026-08-07T22:23:29.949494,194.401,-1,2,0,0,100,1,1
2026-08-07T22:23:29.984842,194.436,-1,2,0,0,100,1,1
2026-08-07T22:23:30.007011,194.458,-1,2,0,0,100,1,1
2026-08-07T22:23:30.029752,194.481,-1,2,0,0,100,1,1
2026-08-07T22:23:30.054086,194.505,-1,2,0,0,100,1,1
2026-08-07T22:23:30.076406,194.528,-1,2,0,0,100,1,1
2026-08-07T22:23:30.105982,194.557,-1,2,0,0,100,1,1
2026-08-07T22:23:30.129499,194.581,-1,2,0,0,100,1,1
2026-08-07T22:23:30.152480,194.604,-1,2,0,0,100,1,1
2026-08-07T22:23:30.175106,194.626,-1,2,0,0,100,1,1
2026-08-07T22:23:30.198434,194.650,-1,2,0,0,100,1,1
2026-08-07T22:23:30.228397,194.680,-1,3,0,0,100,1,1
2026-08-07T22:23:30.250756,194.702,-1,2,0,0,100,1,1
2026-08-07T22:23:30.274608,194.726,-1,2,0,0,100,1,1
2026-08-07T22:23:30.297675,194.749,-1,2,0,0,100,1,1
2026-08-07T22:23:30.319700,194.771,-1,2,0,0,100,1,1
2026-08-07T22:23:30.352239,194.803,-1,2,0,0,100,1,1
2026-08-07T22:23:30.374605,194.826,-1,2,0,0,100,1,1
2026-08-07T22:23:30.397012,194.848,-1,2,0,0,100,1,1
2026-08-07T22:23:30.421538,194.873,-1,2,0,0,100,1,1
2026-08-07T22:23:30.443883,194.895,-1,2,0,0,100,1,1
2026-08-07T22:23:30.475335,194.927,-1,2,0,0,100,1,1
2026-08-07T22:23:30.497634,194.949,-1,2,0,0,100,1,1
2026-08-07T22:23:30.520150,194.971,-1,2,0,0,100,1,1
2026-08-07T22:23:30.544778,194.996,-1,2,0,0,100,1,1
2026-08-07T22:23:30.567004,195.018,-1,2,0,0,100,1,1
2026-08-07T22:23:30.596304,195.048,-1,2,0,0,100,1,1
2026-08-07T22:23:30.619857,195.071,-1,3,0,0,100,1,1
2026-08-07T22:23:30.642399,195.094,-1,2,0,0,100,1,1
2026-08-07T22:23:30.665325,195.117,-1,2,0,0,100,1,1
2026-08-07T22:23:30.688681,195.140,-1,2,0,0,100,1,1
2026-08-07T22:23:30.718885,195.170,-1,2,0,0,100,1,1
2026-08-07T22:23:30.740933,195.192,-1,2,0,0,100,1,1
2026-08-07T22:23:30.765044,195.216,-1,2,0,0,100,1,1
2026-08-07T22:23:30.787810,195.239,-1,2,0,0,100,1,1
2026-08-07T22:23:30.810045,195.261,-1,2,0,0,100,1,1
2026-08-07T22:23:30.842588,195.294,-1,2,0,0,100,1,1
2026-08-07T22:23:30.865031,195.316,-1,2,0,0,100,1,1
2026-08-07T22:23:30.887320,195.339,-1,2,0,0,100,1,1
2026-08-07T22:23:30.912212,195.363,-1,2,0,0,100,1,1
2026-08-07T22:23:30.934129,195.385,-1,2,0,0,100,1,1
2026-08-07T22:23:30.965555,195.417,-1,2,0,0,100,1,1
2026-08-07T22:23:30.988007,195.439,-1,3,0,0,100,1,1
2026-08-07T22:23:31.010430,195.462,-1,2,0,0,100,1,1
2026-08-07T22:23:31.034894,195.486,-1,2,0,0,100,1,1
2026-08-07T22:23:31.057041,195.508,-1,2,0,0,100,1,1
2026-08-07T22:23:31.086559,195.538,-1,2,0,0,100,1,1
2026-08-07T22:23:31.110247,195.561,-1,2,0,0,100,1,1
2026-08-07T22:23:31.132569,195.584,-1,2,0,0,100,1,1
2026-08-07T22:23:31.155380,195.607,-1,3,0,0,100,1,1
2026-08-07T22:23:31.178987,195.630,-1,3,0,0,100,1,1
2026-08-07T22:23:31.209036,195.660,-1,2,0,0,100,1,1
2026-08-07T22:23:31.231503,195.683,-1,2,0,0,100,1,1
2026-08-07T22:23:31.255267,195.706,-1,3,0,0,100,1,1
2026-08-07T22:23:31.278326,195.730,-1,2,0,0,100,1,1
2026-08-07T22:23:31.300452,195.752,-1,2,0,0,100,1,1
2026-08-07T22:23:31.333191,195.784,-1,2,0,0,100,1,1
2026-08-07T22:23:31.355261,195.807,-1,2,0,0,100,1,1
2026-08-07T22:23:31.377801,195.829,-1,2,0,0,100,1,1
2026-08-07T22:23:31.402690,195.854,-1,2,0,0,100,1,1
2026-08-07T22:23:31.424550,195.876,-1,2,0,0,100,1,1
2026-08-07T22:23:31.455961,195.907,-1,2,0,0,100,1,1
2026-08-07T22:23:31.478319,195.930,-1,2,0,0,100,1,1
2026-08-07T22:23:31.500647,195.952,-1,2,0,0,100,1,1
2026-08-07T22:23:31.525182,195.976,-1,3,0,0,100,1,1
2026-08-07T22:23:31.547433,195.999,-1,2,0,0,100,1,1
2026-08-07T22:23:31.577119,196.028,-1,2,0,0,100,1,1
2026-08-07T22:23:31.600592,196.052,-1,2,0,0,100,1,1
2026-08-07T22:23:31.623148,196.074,-1,2,0,0,100,1,1
2026-08-07T22:23:31.646099,196.097,-1,2,0,0,100,1,1
2026-08-07T22:23:31.669595,196.121,-1,2,0,0,100,1,1
2026-08-07T22:23:31.699704,196.151,-1,2,0,0,100,1,1
2026-08-07T22:23:31.721654,196.173,-1,2,0,0,100,1,1
2026-08-07T22:23:31.745573,196.197,-1,3,0,0,100,1,1
2026-08-07T22:23:31.768772,196.220,-1,3,0,0,100,1,1
2026-08-07T22:23:31.790951,196.242,-1,2,0,0,100,1,1
2026-08-07T22:23:31.823589,196.275,-1,2,0,0,100,1,1
2026-08-07T22:23:31.845660,196.297,-1,2,0,0,100,1,1
2026-08-07T22:23:31.867935,196.319,-1,2,0,0,100,1,1
2026-08-07T22:23:31.892686,196.344,-1,2,0,0,100,1,1
2026-08-07T22:23:31.915346,196.366,-1,2,0,0,100,1,1
2026-08-07T22:23:31.946539,196.398,-1,2,0,0,100,1,1
2026-08-07T22:23:31.968854,196.420,-1,2,0,0,100,1,1
2026-08-07T22:23:31.991076,196.442,-1,2,0,0,100,1,1
2026-08-07T22:23:32.017120,196.468,-1,2,0,0,100,1,1
2026-08-07T22:23:32.039326,196.491,-1,3,0,0,100,1,1
2026-08-07T22:23:32.067717,196.519,-2,3,0,0,100,1,1
2026-08-07T22:23:32.091104,196.542,-1,2,0,0,100,1,1
2026-08-07T22:23:32.113437,196.565,-1,2,0,0,100,1,1
2026-08-07T22:23:32.136624,196.588,-1,2,0,0,100,1,1
2026-08-07T22:23:32.159944,196.611,-1,2,0,0,100,1,1
2026-08-07T22:23:32.190078,196.641,-1,2,0,0,100,1,1
2026-08-07T22:23:32.212142,196.663,-1,3,0,0,100,1,1
2026-08-07T22:23:32.235898,196.687,-1,2,0,0,100,1,1
2026-08-07T22:23:32.258758,196.710,-1,2,0,0,100,1,1
2026-08-07T22:23:32.280959,196.732,-1,2,0,0,100,1,1
2026-08-07T22:23:32.313732,196.765,-1,2,0,0,100,1,1
2026-08-07T22:23:32.336210,196.787,-1,2,0,0,100,1,1
2026-08-07T22:23:32.358297,196.810,-1,2,0,0,100,1,1
2026-08-07T22:23:32.383170,196.834,-1,2,0,0,100,1,1
2026-08-07T22:23:32.405339,196.857,-1,2,0,0,100,1,1
2026-08-07T22:23:32.436712,196.888,-1,2,0,0,100,1,1
2026-08-07T22:23:32.459012,196.910,-1,2,0,0,100,1,1
2026-08-07T22:23:32.481459,196.933,-1,2,0,0,100,1,1
2026-08-07T22:23:32.506145,196.957,-1,2,0,0,100,1,1
2026-08-07T22:23:32.528225,196.979,-1,2,0,0,100,1,1
2026-08-07T22:23:32.557779,197.009,-1,2,0,0,100,1,1
2026-08-07T22:23:32.581166,197.032,-1,2,0,0,100,1,1
2026-08-07T22:23:32.603621,197.055,-1,2,0,0,100,1,1
2026-08-07T22:23:32.626603,197.078,-1,2,0,0,100,1,1
2026-08-07T22:23:32.650209,197.101,-1,2,0,0,100,1,1
2026-08-07T22:23:32.680783,197.132,-1,2,0,0,100,1,1
2026-08-07T22:23:32.702872,197.154,-1,2,0,0,100,1,1
2026-08-07T22:23:32.726586,197.178,-1,2,0,0,100,1,1
2026-08-07T22:23:32.749681,197.201,-1,2,0,0,100,1,1
2026-08-07T22:23:32.771717,197.223,-1,2,0,0,100,1,1
2026-08-07T22:23:32.804242,197.255,-1,3,0,0,100,1,1
2026-08-07T22:23:32.826342,197.278,-1,2,0,0,100,1,1
2026-08-07T22:23:32.848683,197.300,-1,2,0,0,100,1,1
2026-08-07T22:23:32.873423,197.325,-1,2,0,0,100,1,1
2026-08-07T22:23:32.895582,197.347,-1,3,0,0,100,1,1
2026-08-07T22:23:32.926822,197.378,-1,2,0,0,100,1,1
2026-08-07T22:23:32.949108,197.400,-1,2,0,0,100,1,1
2026-08-07T22:23:32.971557,197.423,-1,2,0,0,100,1,1
2026-08-07T22:23:32.996163,197.447,-1,2,0,0,100,1,1
2026-08-07T22:23:33.018403,197.470,-1,2,0,0,100,1,1
2026-08-07T22:23:33.048212,197.499,-1,2,0,0,100,1,1
2026-08-07T22:23:33.071782,197.523,-1,3,0,0,100,1,1
2026-08-07T22:23:33.094364,197.546,-1,2,0,0,100,1,1
2026-08-07T22:23:33.117440,197.569,-1,2,0,0,100,1,1
2026-08-07T22:23:33.140557,197.592,-1,3,0,0,100,1,1
2026-08-07T22:23:33.170843,197.622,-1,2,0,0,100,1,1
2026-08-07T22:23:33.193072,197.644,-1,3,0,0,100,1,1
2026-08-07T22:23:33.216864,197.668,-1,2,0,0,100,1,1
2026-08-07T22:23:33.240339,197.692,-1,2,0,0,100,1,1
2026-08-07T22:23:33.262236,197.713,-1,2,0,0,100,1,1
2026-08-07T22:23:33.294718,197.746,-1,2,0,0,100,1,1
2026-08-07T22:23:33.317116,197.768,-1,2,0,0,100,1,1
2026-08-07T22:23:33.339494,197.791,-1,3,0,0,100,1,1
2026-08-07T22:23:33.364154,197.815,-1,2,0,0,100,1,1
2026-08-07T22:23:33.386429,197.838,-1,2,0,0,100,1,1
2026-08-07T22:23:33.417508,197.869,-1,2,0,0,100,1,1
2026-08-07T22:23:33.439790,197.891,-1,3,0,0,100,1,1
2026-08-07T22:23:33.462146,197.913,-1,3,0,0,100,1,1
2026-08-07T22:23:33.486777,197.938,-1,2,0,0,100,1,1
2026-08-07T22:23:33.509070,197.960,-1,2,0,0,100,1,1
2026-08-07T22:23:33.538525,197.990,-1,2,0,0,100,1,1
2026-08-07T22:23:33.561978,198.013,-1,2,0,0,100,1,1
2026-08-07T22:23:33.584550,198.036,-1,2,0,0,100,1,1
2026-08-07T22:23:33.607368,198.059,-1,2,0,0,100,1,1
2026-08-07T22:23:33.631072,198.082,-1,2,0,0,100,1,1
2026-08-07T22:23:33.661096,198.112,-1,2,0,0,100,1,1
2026-08-07T22:23:33.683091,198.134,-1,2,0,0,100,1,1
2026-08-07T22:23:33.706941,198.158,-1,2,0,0,100,1,1
2026-08-07T22:23:33.729163,198.180,-1,2,0,0,100,1,1
2026-08-07T22:23:33.751960,198.203,-1,3,0,0,100,1,1
2026-08-07T22:23:33.784853,198.236,-1,2,0,0,100,1,1
2026-08-07T22:23:33.807228,198.258,-1,2,0,0,100,1,1
2026-08-07T22:23:33.829719,198.281,-1,3,0,0,100,1,1
2026-08-07T22:23:33.854542,198.306,-1,2,0,0,100,1,1
2026-08-07T22:23:33.876718,198.328,-1,2,0,0,100,1,1
2026-08-07T22:23:33.908196,198.359,-1,3,0,0,100,1,1
2026-08-07T22:23:33.930316,198.382,-1,2,0,0,100,1,1
2026-08-07T22:23:33.952711,198.404,-1,2,0,0,100,1,1
2026-08-07T22:23:33.977284,198.429,-1,2,0,0,100,1,1
2026-08-07T22:23:33.999463,198.451,-1,2,0,0,100,1,1
2026-08-07T22:23:34.028846,198.480,-1,2,0,0,100,1,1
2026-08-07T22:23:34.052478,198.504,-1,2,0,0,100,1,1
2026-08-07T22:23:34.074797,198.526,-1,2,0,0,100,1,1
2026-08-07T22:23:34.097889,198.549,-1,2,0,0,100,1,1
2026-08-07T22:23:34.121266,198.573,-1,2,0,0,100,1,1
2026-08-07T22:23:34.151708,198.603,-1,2,0,0,100,1,1
2026-08-07T22:23:34.173903,198.625,-1,2,0,0,100,1,1
2026-08-07T22:23:34.197732,198.649,-1,2,0,0,100,1,1
2026-08-07T22:23:34.220887,198.672,-1,2,0,0,100,1,1
2026-08-07T22:23:34.243116,198.694,-1,2,0,0,100,1,1
2026-08-07T22:23:34.275490,198.727,-1,2,0,0,100,1,1
2026-08-07T22:23:34.298249,198.749,-1,2,0,0,100,1,1
2026-08-07T22:23:34.320070,198.771,-1,2,0,0,100,1,1
2026-08-07T22:23:34.344833,198.796,-1,2,0,0,100,1,1
2026-08-07T22:23:34.366920,198.818,-1,2,0,0,100,1,1
2026-08-07T22:23:34.398307,198.850,-1,2,0,0,100,1,1
2026-08-07T22:23:34.420565,198.872,-1,2,0,0,100,1,1
2026-08-07T22:23:34.442964,198.894,-1,2,0,0,100,1,1
2026-08-07T22:23:34.467571,198.919,-1,2,0,0,100,1,1
2026-08-07T22:23:34.489719,198.941,-1,2,0,0,100,1,1
2026-08-07T22:23:34.519268,198.971,-1,2,0,0,100,1,1
2026-08-07T22:23:34.542569,198.994,-1,2,0,0,100,1,1
2026-08-07T22:23:34.565300,199.017,-1,2,0,0,100,1,1
2026-08-07T22:23:34.588550,199.040,-1,2,0,0,100,1,1
2026-08-07T22:23:34.612018,199.063,-1,2,0,0,100,1,1
2026-08-07T22:23:34.641635,199.093,-1,2,0,0,100,1,1
2026-08-07T22:23:34.664081,199.115,-1,2,0,0,100,1,1
2026-08-07T22:23:34.687680,199.139,-1,2,0,0,100,1,1
2026-08-07T22:23:34.711210,199.162,-1,2,0,0,100,1,1
2026-08-07T22:23:34.732880,199.184,-1,2,0,0,100,1,1
2026-08-07T22:23:34.765758,199.217,-1,2,0,0,100,1,1
2026-08-07T22:23:34.788062,199.239,-1,2,0,0,100,1,1
2026-08-07T22:23:34.810332,199.262,-1,3,0,0,100,1,1
2026-08-07T22:23:34.835109,199.286,-1,2,0,0,100,1,1
2026-08-07T22:23:34.857571,199.309,-1,2,0,0,100,1,1
2026-08-07T22:23:34.888689,199.340,-1,2,0,0,100,1,1
2026-08-07T22:23:34.910898,199.362,-1,2,0,0,100,1,1
2026-08-07T22:23:34.933344,199.385,-1,2,0,0,100,1,1
2026-08-07T22:23:34.958126,199.409,-1,2,0,0,100,1,1
2026-08-07T22:23:34.980102,199.431,-1,2,0,0,100,1,1
2026-08-07T22:23:35.009783,199.461,-1,3,0,0,100,1,1
2026-08-07T22:23:35.033288,199.485,-1,2,0,0,100,1,1
2026-08-07T22:23:35.055673,199.507,-1,2,0,0,100,1,1
2026-08-07T22:23:35.078959,199.530,-1,3,0,0,100,1,1
2026-08-07T22:23:35.102271,199.553,-1,2,0,0,100,1,1
2026-08-07T22:23:35.132195,199.583,-1,2,0,0,100,1,1
2026-08-07T22:23:35.154153,199.605,-1,2,0,0,100,1,1
2026-08-07T22:23:35.177912,199.629,-1,2,0,0,100,1,1
2026-08-07T22:23:35.200206,199.651,-1,2,0,0,100,1,1
2026-08-07T22:23:35.222999,199.674,-1,3,0,0,100,1,1
2026-08-07T22:23:35.256057,199.707,-1,3,0,0,100,1,1
2026-08-07T22:23:35.278389,199.730,-1,2,0,0,100,1,1
2026-08-07T22:23:35.300820,199.752,-1,2,0,0,100,1,1
2026-08-07T22:23:35.325494,199.777,-1,2,0,0,100,1,1
2026-08-07T22:23:35.347718,199.799,-1,2,0,0,100,1,1
2026-08-07T22:23:35.379015,199.830,-1,2,0,0,100,1,1
2026-08-07T22:23:35.401248,199.852,-1,3,0,0,100,1,1
2026-08-07T22:23:35.423516,199.875,-1,2,0,0,100,1,1
2026-08-07T22:23:35.448197,199.899,-1,3,0,0,100,1,1
2026-08-07T22:23:35.470295,199.922,-1,2,0,0,100,1,1
2026-08-07T22:23:35.500048,199.951,-1,2,0,0,100,1,1
2026-08-07T22:23:35.523608,199.975,-1,2,0,0,100,1,1
2026-08-07T22:23:35.546116,199.997,-1,2,0,0,100,1,1
2026-08-07T22:23:35.569071,200.020,-1,2,0,0,100,1,1
2026-08-07T22:23:35.592699,200.044,-1,2,0,0,100,1,1
2026-08-07T22:23:35.622730,200.074,-1,2,0,0,100,1,1
2026-08-07T22:23:35.645129,200.096,-1,2,0,0,100,1,1
2026-08-07T22:23:35.668845,200.120,-1,2,0,0,100,1,1
2026-08-07T22:23:35.691959,200.143,-1,3,0,0,100,1,1
2026-08-07T22:23:35.714407,200.166,-1,2,0,0,100,1,1
2026-08-07T22:23:35.746509,200.198,-1,2,0,0,100,1,1
2026-08-07T22:23:35.768678,200.220,-1,2,0,0,100,1,1
2026-08-07T22:23:35.791086,200.242,-1,2,0,0,100,1,1
2026-08-07T22:23:35.815886,200.267,-1,2,0,0,100,1,1
2026-08-07T22:23:35.838228,200.289,-1,3,0,0,100,1,1
2026-08-07T22:23:35.869305,200.321,-1,2,0,0,100,1,1
2026-08-07T22:23:35.891639,200.343,-1,3,0,0,100,1,1
2026-08-07T22:23:35.914183,200.365,-1,2,0,0,100,1,1
2026-08-07T22:23:35.938703,200.390,-2,2,0,0,100,1,1
2026-08-07T22:23:35.960841,200.412,-1,2,0,0,100,1,1
2026-08-07T22:23:35.990074,200.441,-2,2,0,0,100,1,1
2026-08-07T22:23:36.013658,200.465,-2,2,0,0,100,1,1
2026-08-07T22:23:36.035802,200.487,-2,2,0,0,100,1,1
2026-08-07T22:23:36.058052,200.509,-2,2,0,0,100,1,1
2026-08-07T22:23:36.082457,200.534,-2,2,0,0,100,1,1
2026-08-07T22:23:36.113071,200.564,-2,2,0,0,100,1,1
2026-08-07T22:23:36.135213,200.586,-2,2,0,0,100,1,1
2026-08-07T22:23:36.159025,200.610,-2,2,0,0,100,1,1
2026-08-07T22:23:36.182318,200.634,-2,2,0,0,100,1,1
2026-08-07T22:23:36.204325,200.656,-2,2,0,0,100,1,1
2026-08-07T22:23:36.236960,200.688,-2,2,0,0,100,1,1
2026-08-07T22:23:36.260366,200.712,-2,2,0,0,100,1,1
2026-08-07T22:23:36.282672,200.734,-1,2,0,0,100,1,1
2026-08-07T22:23:36.307118,200.758,-2,2,0,0,100,1,1
2026-08-07T22:23:36.340562,200.792,-2,2,0,0,100,1,1
2026-08-07T22:23:36.364386,200.816,-2,2,0,0,100,1,1
2026-08-07T22:23:36.386577,200.838,-2,2,0,0,100,1,1
2026-08-07T22:23:36.409555,200.861,-2,2,0,0,100,1,1
2026-08-07T22:23:36.433172,200.884,-2,2,0,0,100,1,1
2026-08-07T22:23:36.463075,200.914,-2,2,0,0,100,1,1
2026-08-07T22:23:36.485297,200.937,-2,2,0,0,100,1,1
2026-08-07T22:23:36.509272,200.961,-1,2,0,0,100,1,1
2026-08-07T22:23:36.532466,200.984,-2,2,0,0,100,1,1
2026-08-07T22:23:36.554753,201.006,-2,2,0,0,100,1,1
2026-08-07T22:23:36.587218,201.038,-2,2,0,0,100,1,1
2026-08-07T22:23:36.609323,201.061,-2,2,0,0,100,1,1
2026-08-07T22:23:36.631786,201.083,-2,2,0,0,100,1,1
2026-08-07T22:23:36.656562,201.108,-2,2,0,0,100,1,1
2026-08-07T22:23:36.678664,201.130,-2,2,0,0,100,1,1
2026-08-07T22:23:36.709973,201.161,-2,2,0,0,100,1,1
2026-08-07T22:23:36.732077,201.183,-2,2,0,0,100,1,1
2026-08-07T22:23:36.754519,201.206,-2,2,0,0,100,1,1
2026-08-07T22:23:36.779277,201.231,-2,2,0,0,100,1,1
2026-08-07T22:23:36.801690,201.253,-2,2,0,0,100,1,1
2026-08-07T22:23:36.831193,201.282,-1,2,0,0,100,1,1
2026-08-07T22:23:36.854611,201.306,-1,2,0,0,100,1,1
2026-08-07T22:23:36.877151,201.328,-2,2,0,0,100,1,1
2026-08-07T22:23:36.900304,201.352,-1,2,0,0,100,1,1
2026-08-07T22:23:36.923829,201.375,-2,2,0,0,100,1,1
2026-08-07T22:23:36.953830,201.405,-2,2,0,0,100,1,1
2026-08-07T22:23:36.976091,201.427,-2,2,0,0,100,1,1
2026-08-07T22:23:36.999983,201.451,-2,2,0,0,100,1,1
2026-08-07T22:23:37.023068,201.474,-2,2,0,0,100,1,1
2026-08-07T22:23:37.045035,201.496,-1,2,0,0,100,1,1
2026-08-07T22:23:37.077661,201.529,-1,2,0,0,100,1,1
2026-08-07T22:23:37.099843,201.551,-1,2,0,0,100,1,1
2026-08-07T22:23:37.122322,201.574,-2,2,0,0,100,1,1
2026-08-07T22:23:37.146988,201.598,-2,2,0,0,100,1,1
2026-08-07T22:23:37.169296,201.620,-2,2,0,0,100,1,1
2026-08-07T22:23:37.200382,201.652,-2,2,0,0,100,1,1
2026-08-07T22:23:37.222676,201.674,-1,2,0,0,100,1,1
2026-08-07T22:23:37.244900,201.696,-1,2,0,0,100,1,1
2026-08-07T22:23:37.269817,201.721,-2,2,0,0,100,1,1
2026-08-07T22:23:37.291846,201.743,-2,2,0,0,100,1,1
2026-08-07T22:23:37.321148,201.772,-1,2,0,0,100,1,1
2026-08-07T22:23:37.344776,201.796,-1,2,0,0,100,1,1
2026-08-07T22:23:37.367262,201.818,-1,2,0,0,100,1,1
2026-08-07T22:23:37.390306,201.842,-1,2,0,0,100,1,1
2026-08-07T22:23:37.413908,201.865,-2,3,0,0,100,1,1
2026-08-07T22:23:37.443792,201.895,-1,2,0,0,100,1,1
2026-08-07T22:23:37.466093,201.917,-1,2,0,0,100,1,1
2026-08-07T22:23:37.489700,201.941,-2,2,0,0,100,1,1
2026-08-07T22:23:37.513010,201.964,-2,2,0,0,100,1,1
2026-08-07T22:23:37.535034,201.986,-2,2,0,0,100,1,1
2026-08-07T22:23:37.567808,202.019,-2,2,0,0,100,1,1
2026-08-07T22:23:37.590128,202.041,-2,2,0,0,100,1,1
2026-08-07T22:23:37.612397,202.064,-2,2,0,0,100,1,1
2026-08-07T22:23:37.637360,202.089,-2,2,0,0,100,1,1
2026-08-07T22:23:37.659371,202.111,-1,2,0,0,100,1,1
2026-08-07T22:23:37.690914,202.142,-1,2,0,0,100,1,1
2026-08-07T22:23:37.713107,202.164,-1,2,0,0,100,1,1
2026-08-07T22:23:37.735796,202.187,-1,3,0,0,100,1,1
2026-08-07T22:23:37.760528,202.212,-2,2,0,0,100,1,1
2026-08-07T22:23:37.782607,202.234,-1,2,0,0,100,1,1
2026-08-07T22:23:37.811656,202.263,-1,2,0,0,100,1,1
2026-08-07T22:23:37.835024,202.286,-1,2,0,0,100,1,1
2026-08-07T22:23:37.857638,202.309,-1,2,0,0,100,1,1
2026-08-07T22:23:37.880568,202.332,-1,2,0,0,100,1,1
2026-08-07T22:23:37.904287,202.356,-1,2,0,0,100,1,1
2026-08-07T22:23:37.934480,202.386,-1,2,0,0,100,1,1
2026-08-07T22:23:37.956509,202.408,1,3,0,0,100,1,1
2026-08-07T22:23:37.980202,202.431,1,3,0,0,100,1,1
2026-08-07T22:23:38.003120,202.454,1,3,0,0,100,1,1
2026-08-07T22:23:38.025222,202.476,1,3,0,0,100,1,1
2026-08-07T22:23:38.058117,202.509,1,3,0,0,100,1,1
2026-08-07T22:23:38.080180,202.531,1,3,0,0,100,1,1
2026-08-07T22:23:38.102656,202.554,1,3,0,0,100,1,1
2026-08-07T22:23:38.126980,202.578,0,3,0,0,100,1,1
2026-08-07T22:23:38.149263,202.601,1,3,0,0,100,1,1
2026-08-07T22:23:38.180850,202.632,1,3,0,0,100,1,1
2026-08-07T22:23:38.203069,202.654,0,3,0,0,100,1,1
2026-08-07T22:23:38.225378,202.677,0,3,0,0,100,1,1
2026-08-07T22:23:38.249842,202.701,1,3,0,0,100,1,1
2026-08-07T22:23:38.271616,202.723,0,3,0,0,100,1,1
2026-08-07T22:23:38.301959,202.753,0,3,0,0,100,1,1
2026-08-07T22:23:38.325452,202.777,1,3,0,0,100,1,1
2026-08-07T22:23:38.347635,202.799,1,3,0,0,100,1,1
2026-08-07T22:23:38.369260,202.821,1,3,0,0,100,1,1
2026-08-07T22:23:38.395944,202.847,1,3,0,0,100,1,1
2026-08-07T22:23:38.424479,202.876,0,3,0,0,100,1,1
2026-08-07T22:23:38.446642,202.898,0,3,0,0,100,1,1
2026-08-07T22:23:38.470636,202.922,0,3,0,0,100,1,1
2026-08-07T22:23:38.493723,202.945,0,3,0,0,100,1,1
2026-08-07T22:23:38.516197,202.967,0,3,0,0,100,1,1
2026-08-07T22:23:38.548435,203.000,0,3,0,0,100,1,1
2026-08-07T22:23:38.570927,203.022,0,3,0,0,100,1,1
2026-08-07T22:23:38.593311,203.045,0,3,0,0,100,1,1
2026-08-07T22:23:38.618214,203.069,0,3,0,0,100,1,1
2026-08-07T22:23:38.640345,203.092,-2,2,0,0,100,1,1
2026-08-07T22:23:38.671957,203.123,-1,2,0,0,100,1,1
2026-08-07T22:23:38.694209,203.145,-1,2,0,0,100,1,1
2026-08-07T22:23:38.716747,203.168,-1,2,0,0,100,1,1
2026-08-07T22:23:38.741119,203.192,-1,2,0,0,100,1,1
2026-08-07T22:23:38.763376,203.215,-2,3,0,0,100,1,1
2026-08-07T22:23:38.792486,203.244,-2,2,0,0,100,1,1
2026-08-07T22:23:38.816432,203.268,-2,2,0,0,100,1,1
2026-08-07T22:23:38.838598,203.290,-2,2,0,0,100,1,1
2026-08-07T22:23:38.862072,203.313,-2,2,0,0,100,1,1
2026-08-07T22:23:38.885669,203.337,-2,2,0,0,100,1,1
2026-08-07T22:23:38.915222,203.366,-2,2,0,0,100,1,1
2026-08-07T22:23:38.937506,203.389,-2,2,0,0,100,1,1
2026-08-07T22:23:38.961232,203.412,-2,1,0,0,100,1,1
2026-08-07T22:23:38.984561,203.436,-2,1,0,0,100,1,1
2026-08-07T22:23:39.006390,203.458,-2,1,0,0,100,1,1
2026-08-07T22:23:39.039088,203.490,-3,2,0,0,100,1,1
2026-08-07T22:23:39.061158,203.512,-2,2,0,0,100,1,1
2026-08-07T22:23:39.083909,203.535,-2,2,0,0,100,1,1
2026-08-07T22:23:39.108880,203.560,-2,2,0,0,100,1,1
2026-08-07T22:23:39.130899,203.582,-1,2,0,0,100,1,1
2026-08-07T22:23:39.162094,203.613,-1,2,0,0,100,1,1
2026-08-07T22:23:39.184244,203.635,-1,2,0,0,100,1,1
2026-08-07T22:23:39.206430,203.658,-1,2,0,0,100,1,1
2026-08-07T22:23:39.231117,203.682,-1,2,0,0,100,1,1
2026-08-07T22:23:39.253475,203.705,-1,2,0,0,100,1,1
2026-08-07T22:23:39.282707,203.734,-1,2,0,0,100,1,1
2026-08-07T22:23:39.306179,203.757,-1,2,0,0,100,1,1
2026-08-07T22:23:39.328773,203.780,-1,3,0,0,100,1,1
2026-08-07T22:23:39.352320,203.804,-1,2,0,0,100,1,1
2026-08-07T22:23:39.375655,203.827,0,3,0,0,100,1,1
2026-08-07T22:23:39.405502,203.857,1,3,0,0,100,1,1
2026-08-07T22:23:39.427320,203.879,1,3,0,0,100,1,1
2026-08-07T22:23:39.450996,203.902,1,3,0,0,100,1,1
2026-08-07T22:23:39.472722,203.924,0,3,0,0,100,1,1
2026-08-07T22:23:39.495725,203.947,1,3,0,0,100,1,1
2026-08-07T22:23:39.529298,203.981,1,3,0,0,100,1,1
2026-08-07T22:23:39.551383,204.003,1,3,0,0,100,1,1
2026-08-07T22:23:39.573817,204.025,1,4,0,0,100,1,1
2026-08-07T22:23:39.598213,204.049,1,3,0,0,100,1,1
2026-08-07T22:23:39.620250,204.072,1,4,0,0,100,1,1
2026-08-07T22:23:39.651978,204.103,1,3,0,0,100,1,1
2026-08-07T22:23:39.674476,204.126,1,3,0,0,100,1,1
2026-08-07T22:23:39.696457,204.148,1,4,0,0,100,1,1
2026-08-07T22:23:39.720879,204.172,1,3,0,0,100,1,1
2026-08-07T22:23:39.742969,204.194,1,3,0,0,100,1,1
2026-08-07T22:23:39.773420,204.225,1,4,0,0,100,1,1
2026-08-07T22:23:39.796510,204.248,1,4,0,0,100,1,1
2026-08-07T22:23:39.818757,204.270,1,3,0,0,100,1,1
2026-08-07T22:23:39.840623,204.292,1,3,0,0,100,1,1
2026-08-07T22:23:39.865034,204.316,0,3,0,0,100,1,1
2026-08-07T22:23:39.895484,204.347,1,3,0,0,100,1,1
2026-08-07T22:23:39.917778,204.369,1,4,0,0,100,1,1
2026-08-07T22:23:39.941291,204.393,1,3,0,0,100,1,1
2026-08-07T22:23:39.963119,204.414,1,3,0,0,100,1,1
2026-08-07T22:23:39.986132,204.437,1,3,0,0,100,1,1
2026-08-07T22:23:40.019760,204.471,1,3,0,0,100,1,1
2026-08-07T22:23:40.041725,204.493,0,3,0,0,100,1,1
2026-08-07T22:23:40.063756,204.515,1,3,0,0,100,1,1
2026-08-07T22:23:40.088118,204.539,1,3,0,0,100,1,1
2026-08-07T22:23:40.110268,204.562,0,3,0,0,100,1,1
2026-08-07T22:23:40.142649,204.594,1,3,0,0,100,1,1
2026-08-07T22:23:40.164685,204.616,0,3,0,0,100,1,1
2026-08-07T22:23:40.187287,204.639,1,3,0,0,100,1,1
2026-08-07T22:23:40.211776,204.663,1,3,0,0,100,1,1
2026-08-07T22:23:40.233547,204.685,0,3,0,0,100,1,1
2026-08-07T22:23:40.263361,204.715,1,3,0,0,100,1,1
2026-08-07T22:23:40.286868,204.738,1,3,0,0,100,1,1
2026-08-07T22:23:40.309541,204.761,1,3,0,0,100,1,1
2026-08-07T22:23:40.332644,204.784,1,3,0,0,100,1,1
2026-08-07T22:23:40.356214,204.807,1,4,0,0,100,1,1
2026-08-07T22:23:40.385919,204.837,1,4,0,0,100,1,1
2026-08-07T22:23:40.408325,204.860,1,3,0,0,100,1,1
2026-08-07T22:23:40.432135,204.883,1,3,0,0,100,1,1
2026-08-07T22:23:40.454157,204.905,1,3,0,0,100,1,1
2026-08-07T22:23:40.476991,204.928,1,4,0,0,100,1,1
2026-08-07T22:23:40.511313,204.963,1,3,0,0,100,1,1
2026-08-07T22:23:40.533639,204.985,1,3,0,0,100,1,1
2026-08-07T22:23:40.555689,205.007,1,3,0,0,100,1,1
2026-08-07T22:23:40.580219,205.031,1,3,0,0,100,1,1
2026-08-07T22:23:40.602315,205.054,1,3,0,0,100,1,1
2026-08-07T22:23:40.624638,205.076,1,3,0,0,100,1,1
2026-08-07T22:23:40.649221,205.100,1,3,0,0,100,1,1
2026-08-07T22:23:40.671071,205.122,1,4,0,0,100,1,1
2026-08-07T22:23:40.702656,205.154,1,3,0,0,100,1,1
2026-08-07T22:23:40.725128,205.176,1,3,0,0,100,1,1
2026-08-07T22:23:40.747335,205.199,1,3,0,0,100,1,1
2026-08-07T22:23:40.771713,205.223,1,3,0,0,100,1,1
2026-08-07T22:23:40.793718,205.245,1,3,0,0,100,1,1
2026-08-07T22:23:40.823972,205.275,1,3,0,0,100,1,1
2026-08-07T22:23:40.847562,205.299,1,3,0,0,100,1,1
2026-08-07T22:23:40.869787,205.321,1,3,0,0,100,1,1
2026-08-07T22:23:40.891963,205.343,1,3,0,0,100,1,1
2026-08-07T22:23:40.915787,205.367,1,3,0,0,100,1,1
2026-08-07T22:23:40.946554,205.398,1,3,0,0,100,1,1
2026-08-07T22:23:40.968659,205.420,1,3,0,0,100,1,1
2026-08-07T22:23:40.992428,205.444,1,3,0,0,100,1,1
2026-08-07T22:23:41.013866,205.465,1,3,0,0,100,1,1
2026-08-07T22:23:41.037224,205.488,1,3,0,0,100,1,1
2026-08-07T22:23:41.070417,205.522,1,3,0,0,100,1,1
2026-08-07T22:23:41.092645,205.544,1,3,0,0,100,1,1
2026-08-07T22:23:41.114814,205.566,1,3,0,0,100,1,1
2026-08-07T22:23:41.139134,205.590,1,3,0,0,100,1,1
2026-08-07T22:23:41.161154,205.612,1,4,0,0,100,1,1
2026-08-07T22:23:41.193331,205.645,1,3,0,0,100,1,1
2026-08-07T22:23:41.215587,205.667,1,3,0,0,100,1,1
2026-08-07T22:23:41.237721,205.689,1,4,0,0,100,1,1
2026-08-07T22:23:41.262229,205.713,1,4,0,0,100,1,1
2026-08-07T22:23:41.284505,205.736,1,3,0,0,100,1,1
2026-08-07T22:23:41.314503,205.766,1,3,0,0,100,1,1
2026-08-07T22:23:41.337741,205.789,1,3,0,0,100,1,1
2026-08-07T22:23:41.360179,205.811,1,3,0,0,100,1,1
2026-08-07T22:23:41.381851,205.833,1,3,0,0,100,1,1
2026-08-07T22:23:41.406502,205.858,1,3,0,0,100,1,1
2026-08-07T22:23:41.436773,205.888,1,3,0,0,100,1,1
2026-08-07T22:23:41.459174,205.910,1,3,0,0,100,1,1
2026-08-07T22:23:41.482532,205.934,1,3,0,0,100,1,1
2026-08-07T22:23:41.504138,205.955,1,3,0,0,100,1,1
2026-08-07T22:23:41.527143,205.978,1,3,0,0,100,1,1
2026-08-07T22:23:41.561165,206.012,1,4,0,0,100,1,1
2026-08-07T22:23:41.582895,206.034,1,4,0,0,100,1,1
2026-08-07T22:23:41.605283,206.057,1,3,0,0,100,1,1
2026-08-07T22:23:41.629355,206.081,1,4,0,0,100,1,1
2026-08-07T22:23:41.651604,206.103,1,3,0,0,100,1,1
2026-08-07T22:23:41.683589,206.135,1,4,0,0,100,1,1
2026-08-07T22:23:41.705691,206.157,1,3,0,0,100,1,1
2026-08-07T22:23:41.728085,206.179,1,4,0,0,100,1,1
2026-08-07T22:23:41.752246,206.204,1,3,0,0,100,1,1
2026-08-07T22:23:41.774468,206.226,1,4,0,0,100,1,1
2026-08-07T22:23:41.804515,206.256,1,4,0,0,100,1,1
2026-08-07T22:23:41.828149,206.279,1,4,0,0,100,1,1
2026-08-07T22:23:41.850217,206.301,1,4,0,0,100,1,1
2026-08-07T22:23:41.871786,206.323,1,3,0,0,100,1,1
2026-08-07T22:23:41.896190,206.347,1,3,0,0,100,1,1
2026-08-07T22:23:41.927333,206.379,1,4,0,0,100,1,1
2026-08-07T22:23:41.949502,206.401,1,4,0,0,100,1,1
2026-08-07T22:23:41.972858,206.424,1,3,0,0,100,1,1
2026-08-07T22:23:41.994639,206.446,1,3,0,0,100,1,1
2026-08-07T22:23:42.017620,206.469,1,3,0,0,100,1,1
2026-08-07T22:23:42.051435,206.503,1,3,0,0,100,1,1
2026-08-07T22:23:42.073344,206.525,1,3,0,0,100,1,1
2026-08-07T22:23:42.095747,206.547,1,3,0,0,100,1,1
2026-08-07T22:23:42.120124,206.571,1,3,0,0,100,1,1
2026-08-07T22:23:42.142246,206.594,1,3,0,0,100,1,1
2026-08-07T22:23:42.173888,206.625,1,3,0,0,100,1,1
2026-08-07T22:23:42.196181,206.647,1,4,0,0,100,1,1
2026-08-07T22:23:42.218528,206.670,1,3,0,0,100,1,1
2026-08-07T22:23:42.242465,206.694,1,3,0,0,100,1,1
2026-08-07T22:23:42.264491,206.716,1,4,0,0,100,1,1
2026-08-07T22:23:42.294997,206.746,1,3,0,0,100,1,1
2026-08-07T22:23:42.318532,206.770,1,3,0,0,100,1,1
2026-08-07T22:23:42.340686,206.792,1,3,0,0,100,1,1
2026-08-07T22:23:42.362310,206.814,1,3,0,0,100,1,1
2026-08-07T22:23:42.386750,206.838,1,3,0,0,100,1,1
2026-08-07T22:23:42.417682,206.869,1,3,0,0,100,1,1
2026-08-07T22:23:42.439778,206.891,1,3,0,0,100,1,1
2026-08-07T22:23:42.463348,206.915,1,3,0,0,100,1,1
2026-08-07T22:23:42.484888,206.936,1,3,0,0,100,1,1
2026-08-07T22:23:42.508020,206.959,1,3,0,0,100,1,1
2026-08-07T22:23:42.541508,206.993,1,3,0,0,100,1,1
2026-08-07T22:23:42.563734,207.015,1,3,0,0,100,1,1
2026-08-07T22:23:42.585742,207.037,1,3,0,0,100,1,1
2026-08-07T22:23:42.610042,207.061,1,3,0,0,100,1,1
2026-08-07T22:23:42.634432,207.086,1,3,0,0,100,1,1
2026-08-07T22:23:42.664671,207.116,1,3,0,0,100,1,1
2026-08-07T22:23:42.686767,207.138,1,3,0,0,100,1,1
2026-08-07T22:23:42.708816,207.160,1,3,0,0,100,1,1
2026-08-07T22:23:42.733408,207.185,1,3,0,0,100,1,1
2026-08-07T22:23:42.755452,207.207,1,4,0,0,100,1,1
2026-08-07T22:23:42.785560,207.237,1,3,0,0,100,1,1
2026-08-07T22:23:42.808878,207.260,1,4,0,0,100,1,1
2026-08-07T22:23:42.831107,207.282,1,4,0,0,100,1,1
2026-08-07T22:23:42.852676,207.304,1,3,0,0,100,1,1
2026-08-07T22:23:42.877132,207.328,1,3,0,0,100,1,1
2026-08-07T22:23:42.907914,207.359,1,3,0,0,100,1,1
2026-08-07T22:23:42.930142,207.381,1,3,0,0,100,1,1
2026-08-07T22:23:42.953476,207.405,1,3,0,0,100,1,1
2026-08-07T22:23:42.975152,207.426,1,3,0,0,100,1,1
2026-08-07T22:23:42.998341,207.450,1,3,0,0,100,1,1
2026-08-07T22:23:43.032293,207.484,1,3,0,0,100,1,1
2026-08-07T22:23:43.054177,207.505,1,3,0,0,100,1,1
2026-08-07T22:23:43.076218,207.527,1,3,0,0,100,1,1
2026-08-07T22:23:43.101387,207.553,1,3,0,0,100,1,1
2026-08-07T22:23:43.123090,207.574,0,3,0,0,100,1,1
2026-08-07T22:23:43.154754,207.606,1,3,0,0,100,1,1
2026-08-07T22:23:43.176706,207.628,1,3,0,0,100,1,1
2026-08-07T22:23:43.199191,207.650,1,3,0,0,100,1,1
2026-08-07T22:23:43.223632,207.675,1,3,0,0,100,1,1
2026-08-07T22:23:43.245487,207.697,1,3,0,0,100,1,1
2026-08-07T22:23:43.275620,207.727,1,3,0,0,100,1,1
2026-08-07T22:23:43.299222,207.750,1,3,0,0,100,1,1
2026-08-07T22:23:43.321417,207.773,1,4,0,0,100,1,1
2026-08-07T22:23:43.342991,207.794,1,4,0,0,100,1,1
2026-08-07T22:23:43.367246,207.818,1,4,0,0,100,1,1
2026-08-07T22:23:43.398509,207.850,1,4,0,0,100,1,1
2026-08-07T22:23:43.420486,207.872,1,4,0,0,100,1,1
2026-08-07T22:23:43.443931,207.895,1,3,0,0,100,1,1
2026-08-07T22:23:43.465773,207.917,1,4,0,0,100,1,1
2026-08-07T22:23:43.488893,207.940,1,3,0,0,100,1,1
2026-08-07T22:23:43.522531,207.974,1,4,0,0,100,1,1
2026-08-07T22:23:43.544504,207.996,1,3,0,0,100,1,1
2026-08-07T22:23:43.567033,208.018,1,3,0,0,100,1,1
2026-08-07T22:23:43.591186,208.042,1,4,0,0,100,1,1
2026-08-07T22:23:43.613413,208.065,1,3,0,0,100,1,1
2026-08-07T22:23:43.645124,208.096,1,3,0,0,100,1,1
2026-08-07T22:23:43.667541,208.119,1,3,0,0,100,1,1
2026-08-07T22:23:43.689725,208.141,1,4,0,0,100,1,1
2026-08-07T22:23:43.714070,208.165,1,3,0,0,100,1,1
2026-08-07T22:23:43.735956,208.187,1,3,0,0,100,1,1
2026-08-07T22:23:43.766544,208.218,1,3,0,0,100,1,1
2026-08-07T22:23:43.789949,208.241,1,4,0,0,100,1,1
2026-08-07T22:23:43.812300,208.264,1,3,0,0,100,1,1
2026-08-07T22:23:43.835156,208.286,1,3,0,0,100,1,1
2026-08-07T22:23:43.858561,208.310,1,3,0,0,100,1,1
2026-08-07T22:23:43.888736,208.340,1,4,0,0,100,1,1
2026-08-07T22:23:43.910804,208.362,1,3,0,0,100,1,1
2026-08-07T22:23:43.934274,208.386,1,3,0,0,100,1,1
2026-08-07T22:23:43.955876,208.407,1,3,0,0,100,1,1
2026-08-07T22:23:43.978156,208.429,1,3,0,0,100,1,1
2026-08-07T22:23:44.012725,208.464,1,3,0,0,100,1,1
2026-08-07T22:23:44.034953,208.486,1,3,0,0,100,1,1
2026-08-07T22:23:44.056988,208.508,1,3,0,0,100,1,1
2026-08-07T22:23:44.081873,208.533,1,4,0,0,100,1,1
2026-08-07T22:23:44.103567,208.555,1,3,0,0,100,1,1
2026-08-07T22:23:44.135648,208.587,1,3,0,0,100,1,1
2026-08-07T22:23:44.157749,208.609,1,3,0,0,100,1,1
2026-08-07T22:23:44.180021,208.631,1,3,0,0,100,1,1
2026-08-07T22:23:44.204310,208.656,1,3,0,0,100,1,1
2026-08-07T22:23:44.226538,208.678,1,3,0,0,100,1,1
2026-08-07T22:23:44.256459,208.708,1,4,0,0,100,1,1
2026-08-07T22:23:44.280006,208.731,1,3,0,0,100,1,1
2026-08-07T22:23:44.302175,208.753,1,3,0,0,100,1,1
2026-08-07T22:23:44.323788,208.775,1,4,0,0,100,1,1
2026-08-07T22:23:44.348267,208.800,1,3,0,0,100,1,1
2026-08-07T22:23:44.379046,208.830,1,3,0,0,100,1,1
2026-08-07T22:23:44.401141,208.852,1,3,0,0,100,1,1
2026-08-07T22:23:44.424593,208.876,1,3,0,0,100,1,1
2026-08-07T22:23:44.446207,208.897,1,3,0,0,100,1,1
2026-08-07T22:23:44.469251,208.920,1,3,0,0,100,1,1
2026-08-07T22:23:44.503328,208.955,1,3,0,0,100,1,1
2026-08-07T22:23:44.525246,208.977,1,3,0,0,100,1,1
2026-08-07T22:23:44.547741,208.999,1,4,0,0,100,1,1
2026-08-07T22:23:44.572167,209.023,1,3,0,0,100,1,1
2026-08-07T22:23:44.594113,209.045,1,3,0,0,100,1,1
2026-08-07T22:23:44.625896,209.077,1,4,0,0,100,1,1
2026-08-07T22:23:44.648076,209.099,1,3,0,0,100,1,1
2026-08-07T22:23:44.670374,209.122,1,3,0,0,100,1,1
2026-08-07T22:23:44.694601,209.146,1,4,0,0,100,1,1
2026-08-07T22:23:44.716801,209.168,1,3,0,0,100,1,1
2026-08-07T22:23:44.747099,209.198,1,4,0,0,100,1,1
2026-08-07T22:23:44.771271,209.222,1,4,0,0,100,1,1
2026-08-07T22:23:44.793609,209.245,1,3,0,0,100,1,1
2026-08-07T22:23:44.816578,209.268,1,3,0,0,100,1,1
2026-08-07T22:23:44.839761,209.291,1,4,0,0,100,1,1
2026-08-07T22:23:44.869754,209.321,1,4,0,0,100,1,1
2026-08-07T22:23:44.891457,209.343,1,3,0,0,100,1,1
2026-08-07T22:23:44.915217,209.366,1,3,0,0,100,1,1
2026-08-07T22:23:44.936841,209.388,1,3,0,0,100,1,1
2026-08-07T22:23:44.959504,209.411,1,3,0,0,100,1,1
2026-08-07T22:23:44.993528,209.445,1,3,0,0,100,1,1
2026-08-07T22:23:45.015850,209.467,1,4,0,0,100,1,1
2026-08-07T22:23:45.038175,209.489,1,4,0,0,100,1,1
2026-08-07T22:23:45.062667,209.514,1,4,0,0,100,1,1
2026-08-07T22:23:45.084715,209.536,1,4,0,0,100,1,1
2026-08-07T22:23:45.116215,209.567,1,4,0,0,100,1,1
2026-08-07T22:23:45.138386,209.590,1,4,0,0,100,1,1
2026-08-07T22:23:45.160780,209.612,1,3,0,0,100,1,1
2026-08-07T22:23:45.184646,209.636,1,3,0,0,100,1,1
2026-08-07T22:23:45.206699,209.658,1,4,0,0,100,1,1
2026-08-07T22:23:45.237407,209.689,1,3,0,0,100,1,1
2026-08-07T22:23:45.260858,209.712,1,3,0,0,100,1,1
2026-08-07T22:23:45.283353,209.735,1,3,0,0,100,1,1
2026-08-07T22:23:45.306324,209.758,1,4,0,0,100,1,1
2026-08-07T22:23:45.329612,209.781,1,3,0,0,100,1,1
2026-08-07T22:23:45.359904,209.811,0,4,0,0,100,1,1
2026-08-07T22:23:45.382112,209.833,1,3,0,0,100,1,1
2026-08-07T22:23:45.405522,209.857,1,3,0,0,100,1,1
2026-08-07T22:23:45.427204,209.878,1,3,0,0,100,1,1
2026-08-07T22:23:45.450373,209.902,0,3,0,0,100,1,1
2026-08-07T22:23:45.483819,209.935,1,3,0,0,100,1,1
2026-08-07T22:23:45.506038,209.957,1,4,0,0,100,1,1
2026-08-07T22:23:45.528340,209.980,1,3,0,0,100,1,1
2026-08-07T22:23:45.552709,210.004,1,4,0,0,100,1,1
2026-08-07T22:23:45.574248,210.026,1,3,0,0,100,1,1
2026-08-07T22:23:45.606708,210.058,1,3,0,0,100,1,1
2026-08-07T22:23:45.628855,210.080,1,3,0,0,100,1,1
2026-08-07T22:23:45.651255,210.102,1,3,0,0,100,1,1
2026-08-07T22:23:45.675693,210.127,1,3,0,0,100,1,1
2026-08-07T22:23:45.697565,210.149,1,3,0,0,100,1,1
2026-08-07T22:23:45.727772,210.179,1,4,0,0,100,1,1
2026-08-07T22:23:45.751292,210.203,1,3,0,0,100,1,1
2026-08-07T22:23:45.773465,210.225,1,3,0,0,100,1,1
2026-08-07T22:23:45.795239,210.247,1,3,0,0,100,1,1
2026-08-07T22:23:45.819768,210.271,1,4,0,0,100,1,1
2026-08-07T22:23:45.850220,210.301,1,3,0,0,100,1,1
2026-08-07T22:23:45.872395,210.324,1,4,0,0,100,1,1
2026-08-07T22:23:45.895714,210.347,1,3,0,0,100,1,1
2026-08-07T22:23:45.917582,210.369,1,4,0,0,100,1,1
2026-08-07T22:23:45.940622,210.392,1,3,0,0,100,1,1
2026-08-07T22:23:45.974318,210.426,1,3,0,0,100,1,1
2026-08-07T22:23:45.996361,210.448,1,3,0,0,100,1,1
2026-08-07T22:23:46.018283,210.470,1,4,0,0,100,1,1
2026-08-07T22:23:46.042800,210.494,1,3,0,0,100,1,1
2026-08-07T22:23:46.064669,210.516,1,3,0,0,100,1,1
2026-08-07T22:23:46.096920,210.548,1,3,0,0,100,1,1
2026-08-07T22:23:46.119186,210.570,1,4,0,0,100,1,1
2026-08-07T22:23:46.141351,210.593,1,3,0,0,100,1,1
2026-08-07T22:23:46.165562,210.617,1,4,0,0,100,1,1
2026-08-07T22:23:46.187688,210.639,1,4,0,0,100,1,1
2026-08-07T22:23:46.218178,210.669,1,3,0,0,100,1,1
2026-08-07T22:23:46.241732,210.693,1,4,0,0,100,1,1
2026-08-07T22:23:46.263861,210.715,1,3,0,0,100,1,1
2026-08-07T22:23:46.285851,210.737,1,4,0,0,100,1,1
2026-08-07T22:23:46.310085,210.761,1,3,0,0,100,1,1
2026-08-07T22:23:46.340586,210.792,1,3,0,0,100,1,1
2026-08-07T22:23:46.362754,210.814,1,3,0,0,100,1,1
2026-08-07T22:23:46.386522,210.838,1,3,0,0,100,1,1
2026-08-07T22:23:46.408047,210.859,1,3,0,0,100,1,1
2026-08-07T22:23:46.430940,210.882,1,3,0,0,100,1,1
2026-08-07T22:23:46.464806,210.916,1,4,0,0,100,1,1
2026-08-07T22:23:46.486670,210.938,1,4,0,0,100,1,1
2026-08-07T22:23:46.509103,210.960,1,3,0,0,100,1,1
2026-08-07T22:23:46.533614,210.985,1,4,0,0,100,1,1
2026-08-07T22:23:46.555652,211.007,1,3,0,0,100,1,1
2026-08-07T22:23:46.587225,211.038,1,3,0,0,100,1,1
2026-08-07T22:23:46.609547,211.061,1,3,0,0,100,1,1
2026-08-07T22:23:46.631715,211.083,1,3,0,0,100,1,1
2026-08-07T22:23:46.655861,211.107,1,3,0,0,100,1,1
2026-08-07T22:23:46.677774,211.129,1,3,0,0,100,1,1
2026-08-07T22:23:46.708501,211.160,1,4,0,0,100,1,1
2026-08-07T22:23:46.731980,211.183,1,4,0,0,100,1,1
2026-08-07T22:23:46.753913,211.205,1,4,0,0,100,1,1
2026-08-07T22:23:46.775667,211.227,1,3,0,0,100,1,1
2026-08-07T22:23:46.800277,211.252,1,4,0,0,100,1,1
2026-08-07T22:23:46.831239,211.282,1,4,0,0,100,1,1
2026-08-07T22:23:46.853202,211.304,1,4,0,0,100,1,1
2026-08-07T22:23:46.878722,211.330,1,3,0,0,100,1,1
2026-08-07T22:23:46.902079,211.353,1,3,0,0,100,1,1
2026-08-07T22:23:46.937499,211.389,1,3,0,0,100,1,1
2026-08-07T22:23:46.959840,211.411,1,3,0,0,100,1,1
2026-08-07T22:23:46.982134,211.433,1,4,0,0,100,1,1
2026-08-07T22:23:47.006269,211.458,1,3,0,0,100,1,1
2026-08-07T22:23:47.028520,211.480,1,4,0,0,100,1,1
2026-08-07T22:23:47.058511,211.510,1,3,0,0,100,1,1
2026-08-07T22:23:47.082171,211.533,1,4,0,0,100,1,1
2026-08-07T22:23:47.104171,211.555,1,4,0,0,100,1,1
2026-08-07T22:23:47.125830,211.577,1,3,0,0,100,1,1
2026-08-07T22:23:47.150200,211.601,1,4,0,0,100,1,1
2026-08-07T22:23:47.181470,211.633,1,4,0,0,100,1,1
2026-08-07T22:23:47.203283,211.655,1,3,0,0,100,1,1
2026-08-07T22:23:47.227083,211.678,1,4,0,0,100,1,1
2026-08-07T22:23:47.248719,211.700,1,3,0,0,100,1,1
2026-08-07T22:23:47.271700,211.723,1,3,0,0,100,1,1
2026-08-07T22:23:47.305226,211.757,1,4,0,0,100,1,1
2026-08-07T22:23:47.327397,211.779,1,3,0,0,100,1,1
2026-08-07T22:23:47.349828,211.801,1,3,0,0,100,1,1
2026-08-07T22:23:47.374136,211.825,1,3,0,0,100,1,1
2026-08-07T22:23:47.396253,211.848,1,4,0,0,100,1,1
2026-08-07T22:23:47.428013,211.879,1,3,0,0,100,1,1
2026-08-07T22:23:47.450389,211.902,1,3,0,0,100,1,1
2026-08-07T22:23:47.472507,211.924,1,4,0,0,100,1,1
2026-08-07T22:23:47.496654,211.948,1,3,0,0,100,1,1
2026-08-07T22:23:47.518448,211.970,1,3,0,0,100,1,1
2026-08-07T22:23:47.549150,212.000,1,3,0,0,100,1,1
2026-08-07T22:23:47.572616,212.024,1,3,0,0,100,1,1
2026-08-07T22:23:47.594741,212.046,1,4,0,0,100,1,1
2026-08-07T22:23:47.616540,212.068,1,4,0,0,100,1,1
2026-08-07T22:23:47.640754,212.092,1,4,0,0,100,1,1
2026-08-07T22:23:47.671546,212.123,1,4,0,0,100,1,1
2026-08-07T22:23:47.693544,212.145,1,3,0,0,100,1,1
2026-08-07T22:23:47.717147,212.168,1,3,0,0,100,1,1
2026-08-07T22:23:47.738589,212.190,1,3,0,0,100,1,1
2026-08-07T22:23:47.761051,212.212,1,3,0,0,100,1,1
2026-08-07T22:23:47.795573,212.247,1,3,0,0,100,1,1
2026-08-07T22:23:47.817765,212.269,1,3,0,0,100,1,1
2026-08-07T22:23:47.839967,212.291,1,3,0,0,100,1,1
2026-08-07T22:23:47.864377,212.316,1,3,0,0,100,1,1
2026-08-07T22:23:47.886462,212.338,1,3,0,0,100,1,1
2026-08-07T22:23:47.918663,212.370,1,4,0,0,100,1,1
2026-08-07T22:23:47.940596,212.392,1,4,0,0,100,1,1
2026-08-07T22:23:47.962888,212.414,1,3,0,0,100,1,1
2026-08-07T22:23:47.987357,212.439,1,3,0,0,100,1,1
2026-08-07T22:23:48.009410,212.461,1,3,0,0,100,1,1
2026-08-07T22:23:48.039475,212.491,1,3,0,0,100,1,1
2026-08-07T22:23:48.062957,212.514,1,3,0,0,100,1,1
2026-08-07T22:23:48.084972,212.536,1,4,0,0,100,1,1
2026-08-07T22:23:48.106747,212.558,1,4,0,0,100,1,1
2026-08-07T22:23:48.131276,212.583,1,3,0,0,100,1,1
2026-08-07T22:23:48.162042,212.613,1,3,0,0,100,1,1
2026-08-07T22:23:48.184265,212.636,1,3,0,0,100,1,1
2026-08-07T22:23:48.207734,212.659,1,3,0,0,100,1,1
2026-08-07T22:23:48.229387,212.681,1,3,0,0,100,1,1
2026-08-07T22:23:48.252428,212.704,1,3,0,0,100,1,1
2026-08-07T22:23:48.286198,212.737,1,4,0,0,100,1,1
2026-08-07T22:23:48.308007,212.759,1,3,0,0,100,1,1
2026-08-07T22:23:48.330526,212.782,1,4,0,0,100,1,1
2026-08-07T22:23:48.355085,212.806,1,3,0,0,100,1,1
2026-08-07T22:23:48.377132,212.828,1,3,0,0,100,1,1
2026-08-07T22:23:48.408694,212.860,1,3,0,0,100,1,1
2026-08-07T22:23:48.430949,212.882,1,3,0,0,100,1,1
2026-08-07T22:23:48.453242,212.904,1,3,0,0,100,1,1
2026-08-07T22:23:48.477277,212.929,1,4,0,0,100,1,1
2026-08-07T22:23:48.499796,212.951,1,3,0,0,100,1,1
2026-08-07T22:23:48.529739,212.981,1,4,0,0,100,1,1
2026-08-07T22:23:48.553255,213.005,1,3,0,0,100,1,1
2026-08-07T22:23:48.575310,213.027,1,4,0,0,100,1,1
2026-08-07T22:23:48.597189,213.048,1,4,0,0,100,1,1
2026-08-07T22:23:48.621546,213.073,1,4,0,0,100,1,1
2026-08-07T22:23:48.652647,213.104,1,3,0,0,100,1,1
2026-08-07T22:23:48.674460,213.126,1,3,0,0,100,1,1
2026-08-07T22:23:48.698412,213.150,1,4,0,0,100,1,1
2026-08-07T22:23:48.720133,213.171,0,3,0,0,100,1,1
2026-08-07T22:23:48.742842,213.194,1,4,0,0,100,1,1
2026-08-07T22:23:48.776386,213.228,1,3,0,0,100,1,1
2026-08-07T22:23:48.798652,213.250,1,3,0,0,100,1,1
2026-08-07T22:23:48.821055,213.272,1,3,0,0,100,1,1
2026-08-07T22:23:48.845515,213.297,1,3,0,0,100,1,1
2026-08-07T22:23:48.867700,213.319,1,4,0,0,100,1,1
2026-08-07T22:23:48.899399,213.351,1,3,0,0,100,1,1
2026-08-07T22:23:48.921275,213.373,1,3,0,0,100,1,1
2026-08-07T22:23:48.943702,213.395,1,3,0,0,100,1,1
2026-08-07T22:23:48.968041,213.419,1,4,0,0,100,1,1
2026-08-07T22:23:48.990091,213.441,1,3,0,0,100,1,1
2026-08-07T22:23:49.020415,213.472,1,3,0,0,100,1,1
2026-08-07T22:23:49.043841,213.495,1,4,0,0,100,1,1
2026-08-07T22:23:49.066003,213.517,1,3,0,0,100,1,1
2026-08-07T22:23:49.088278,213.540,1,4,0,0,100,1,1
2026-08-07T22:23:49.112560,213.564,1,4,0,0,100,1,1
2026-08-07T22:23:49.143135,213.594,1,4,0,0,100,1,1
2026-08-07T22:23:49.165120,213.616,1,3,0,0,100,1,1
2026-08-07T22:23:49.188830,213.640,1,3,0,0,100,1,1
2026-08-07T22:23:49.210607,213.662,1,4,0,0,100,1,1
2026-08-07T22:23:49.233459,213.685,1,3,0,0,100,1,1
2026-08-07T22:23:49.266722,213.718,1,4,0,0,100,1,1
2026-08-07T22:23:49.288946,213.740,1,4,0,0,100,1,1
2026-08-07T22:23:49.311075,213.762,1,3,0,0,100,1,1
2026-08-07T22:23:49.335274,213.787,1,3,0,0,100,1,1
2026-08-07T22:23:49.357299,213.809,1,4,0,0,100,1,1
2026-08-07T22:23:49.389650,213.841,1,3,0,0,100,1,1
2026-08-07T22:23:49.411926,213.863,1,3,0,0,100,1,1
2026-08-07T22:23:49.434308,213.886,1,4,0,0,100,1,1
2026-08-07T22:23:49.458578,213.910,1,4,0,0,100,1,1
2026-08-07T22:23:49.480728,213.932,1,3,0,0,100,1,1
2026-08-07T22:23:49.510745,213.962,1,3,0,0,100,1,1
2026-08-07T22:23:49.534206,213.985,1,3,0,0,100,1,1
2026-08-07T22:23:49.556739,214.008,1,3,0,0,100,1,1
2026-08-07T22:23:49.578573,214.030,1,4,0,0,100,1,1
2026-08-07T22:23:49.602679,214.054,1,3,0,0,100,1,1
2026-08-07T22:23:49.633358,214.085,1,3,0,0,100,1,1
2026-08-07T22:23:49.655381,214.107,1,3,0,0,100,1,1
2026-08-07T22:23:49.678788,214.130,1,3,0,0,100,1,1
2026-08-07T22:23:49.700515,214.152,1,4,0,0,100,1,1
2026-08-07T22:23:49.723328,214.175,1,4,0,0,100,1,1
2026-08-07T22:23:49.757418,214.209,1,4,0,0,100,1,1
2026-08-07T22:23:49.779252,214.231,1,3,0,0,100,1,1
2026-08-07T22:23:49.801348,214.253,1,4,0,0,100,1,1
2026-08-07T22:23:49.825451,214.277,1,3,0,0,100,1,1
2026-08-07T22:23:49.847669,214.299,1,3,0,0,100,1,1
2026-08-07T22:23:49.879976,214.331,1,3,0,0,100,1,1
2026-08-07T22:23:49.901977,214.353,1,3,0,0,100,1,1
2026-08-07T22:23:49.924290,214.376,1,3,0,0,100,1,1
2026-08-07T22:23:49.948528,214.400,1,3,0,0,100,1,1
2026-08-07T22:23:49.970627,214.422,1,3,0,0,100,1,1
2026-08-07T22:23:50.001037,214.452,0,3,0,0,100,1,1
2026-08-07T22:23:50.024559,214.476,1,3,0,0,100,1,1
2026-08-07T22:23:50.046760,214.498,0,3,0,0,100,1,1
2026-08-07T22:23:50.068309,214.520,0,3,0,0,100,1,1
2026-08-07T22:23:50.092760,214.544,1,3,0,0,100,1,1
2026-08-07T22:23:50.123515,214.575,1,3,0,0,100,1,1
2026-08-07T22:23:50.145471,214.597,1,4,0,0,100,1,1
2026-08-07T22:23:50.169142,214.620,0,3,0,0,100,1,1
2026-08-07T22:23:50.190759,214.642,1,3,0,0,100,1,1
2026-08-07T22:23:50.213761,214.665,1,3,0,0,100,1,1
2026-08-07T22:23:50.248248,214.699,1,3,0,0,100,1,1
2026-08-07T22:23:50.269640,214.721,1,3,0,0,100,1,1
2026-08-07T22:23:50.292116,214.743,1,3,0,0,100,1,1
2026-08-07T22:23:50.316538,214.768,1,3,0,0,100,1,1
2026-08-07T22:23:50.338631,214.790,1,3,0,0,100,1,1
2026-08-07T22:23:50.370114,214.821,1,4,0,0,100,1,1
2026-08-07T22:23:50.392448,214.844,1,4,0,0,100,1,1
2026-08-07T22:23:50.414646,214.866,1,3,0,0,100,1,1
2026-08-07T22:23:50.438871,214.890,1,4,0,0,100,1,1
2026-08-07T22:23:50.460872,214.912,1,4,0,0,100,1,1
2026-08-07T22:23:50.491509,214.943,1,3,0,0,100,1,1
2026-08-07T22:23:50.515086,214.966,1,4,0,0,100,1,1
2026-08-07T22:23:50.537437,214.989,1,3,0,0,100,1,1
2026-08-07T22:23:50.560467,215.012,1,3,0,0,100,1,1
2026-08-07T22:23:50.583825,215.035,1,3,0,0,100,1,1
2026-08-07T22:23:50.614284,215.065,1,4,0,0,100,1,1
2026-08-07T22:23:50.636036,215.087,1,3,0,0,100,1,1
2026-08-07T22:23:50.659848,215.111,1,4,0,0,100,1,1
2026-08-07T22:23:50.681909,215.133,1,3,0,0,100,1,1
2026-08-07T22:23:50.704709,215.156,1,3,0,0,100,1,1
2026-08-07T22:23:50.737940,215.189,1,3,0,0,100,1,1
2026-08-07T22:23:50.760053,215.211,1,4,0,0,100,1,1
2026-08-07T22:23:50.782188,215.233,1,4,0,0,100,1,1
2026-08-07T22:23:50.806633,215.258,1,4,0,0,100,1,1
2026-08-07T22:23:50.828469,215.280,1,3,0,0,100,1,1
2026-08-07T22:23:50.861156,215.312,1,3,0,0,100,1,1
2026-08-07T22:23:50.882967,215.334,1,3,0,0,100,1,1
2026-08-07T22:23:50.905256,215.356,0,4,0,0,100,1,1
2026-08-07T22:23:50.929897,215.381,1,4,0,0,100,1,1
2026-08-07T22:23:50.951894,215.403,1,4,0,0,100,1,1
2026-08-07T22:23:50.981764,215.433,1,4,0,0,100,1,1
2026-08-07T22:23:51.005047,215.456,1,4,0,0,100,1,1
2026-08-07T22:23:51.027491,215.479,1,4,0,0,100,1,1
2026-08-07T22:23:51.048912,215.500,1,4,0,0,100,1,1
2026-08-07T22:23:51.073567,215.525,1,3,0,0,100,1,1
2026-08-07T22:23:51.104251,215.556,1,4,0,0,100,1,1
2026-08-07T22:23:51.128654,215.580,1,3,0,0,100,1,1
2026-08-07T22:23:51.151887,215.603,1,4,0,0,100,1,1
2026-08-07T22:23:51.175184,215.626,1,4,0,0,100,1,1
2026-08-07T22:23:51.210854,215.662,1,4,0,0,100,1,1
2026-08-07T22:23:51.233134,215.684,1,4,0,0,100,1,1
2026-08-07T22:23:51.255185,215.706,1,3,0,0,100,1,1
2026-08-07T22:23:51.279404,215.731,1,4,0,0,100,1,1
2026-08-07T22:23:51.301373,215.753,1,4,0,0,100,1,1
2026-08-07T22:23:51.332075,215.783,1,4,0,0,100,1,1
2026-08-07T22:23:51.355647,215.807,1,3,0,0,100,1,1
2026-08-07T22:23:51.377819,215.829,1,4,0,0,100,1,1
2026-08-07T22:23:51.400110,215.851,1,4,0,0,100,1,1
2026-08-07T22:23:51.424159,215.875,1,4,0,0,100,1,1
2026-08-07T22:23:51.454547,215.906,1,3,0,0,100,1,1
2026-08-07T22:23:51.476635,215.928,1,4,0,0,100,1,1
2026-08-07T22:23:51.500288,215.952,1,4,0,0,100,1,1
2026-08-07T22:23:51.521973,215.973,1,4,0,0,100,1,1
2026-08-07T22:23:51.544950,215.996,1,4,0,0,100,1,1
2026-08-07T22:23:51.578544,216.030,1,3,0,0,100,1,1
2026-08-07T22:23:51.600922,216.052,1,4,0,0,100,1,1
2026-08-07T22:23:51.622839,216.074,1,4,0,0,100,1,1
2026-08-07T22:23:51.647150,216.098,1,3,0,0,100,1,1
2026-08-07T22:23:51.669169,216.120,1,3,0,0,100,1,1
2026-08-07T22:23:51.701615,216.153,1,4,0,0,100,1,1
2026-08-07T22:23:51.723520,216.175,1,4,0,0,100,1,1
2026-08-07T22:23:51.745696,216.197,1,3,0,0,100,1,1
2026-08-07T22:23:51.770306,216.222,1,4,0,0,100,1,1
2026-08-07T22:23:51.792417,216.244,1,4,0,0,100,1,1
2026-08-07T22:23:51.822437,216.274,1,4,0,0,100,1,1
2026-08-07T22:23:51.845929,216.297,1,4,0,0,100,1,1
2026-08-07T22:23:51.868400,216.320,1,4,0,0,100,1,1
2026-08-07T22:23:51.890217,216.341,1,3,0,0,100,1,1
2026-08-07T22:23:51.914643,216.366,1,3,0,0,100,1,1
2026-08-07T22:23:51.944842,216.396,1,3,0,0,100,1,1
2026-08-07T22:23:51.967136,216.418,1,4,0,0,100,1,1
2026-08-07T22:23:51.990518,216.442,1,3,0,0,100,1,1
2026-08-07T22:23:52.012332,216.464,0,4,0,0,100,1,1
2026-08-07T22:23:52.035429,216.487,1,3,0,0,100,1,1
2026-08-07T22:23:52.068946,216.520,1,4,0,0,100,1,1
2026-08-07T22:23:52.091113,216.542,1,3,0,0,100,1,1
2026-08-07T22:23:52.113260,216.564,1,3,0,0,100,1,1
2026-08-07T22:23:52.137428,216.589,1,4,0,0,100,1,1
2026-08-07T22:23:52.159343,216.611,1,4,0,0,100,1,1
2026-08-07T22:23:52.191572,216.643,1,3,0,0,100,1,1
2026-08-07T22:23:52.213705,216.665,1,3,0,0,100,1,1
2026-08-07T22:23:52.236208,216.687,1,3,0,0,100,1,1
2026-08-07T22:23:52.260161,216.711,1,4,0,0,100,1,1
2026-08-07T22:23:52.282262,216.734,1,3,0,0,100,1,1
2026-08-07T22:23:52.312593,216.764,1,4,0,0,100,1,1
2026-08-07T22:23:52.336387,216.788,1,3,0,0,100,1,1
2026-08-07T22:23:52.358103,216.809,1,4,0,0,100,1,1
2026-08-07T22:23:52.379729,216.831,1,4,0,0,100,1,1
2026-08-07T22:23:52.403730,216.855,1,4,0,0,100,1,1
2026-08-07T22:23:52.435704,216.887,1,3,0,0,100,1,1
2026-08-07T22:23:52.457386,216.909,1,4,0,0,100,1,1
2026-08-07T22:23:52.480899,216.932,1,4,0,0,100,1,1
2026-08-07T22:23:52.502634,216.954,1,4,0,0,100,1,1
2026-08-07T22:23:52.525743,216.977,1,4,0,0,100,1,1
2026-08-07T22:23:52.559336,217.011,1,4,0,0,100,1,1
2026-08-07T22:23:52.581596,217.033,1,4,0,0,100,1,1
2026-08-07T22:23:52.603896,217.055,1,3,0,0,100,1,1
2026-08-07T22:23:52.628188,217.079,1,4,0,0,100,1,1
2026-08-07T22:23:52.650554,217.102,1,3,0,0,100,1,1
2026-08-07T22:23:52.682158,217.133,1,3,0,0,100,1,1
2026-08-07T22:23:52.704351,217.156,1,4,0,0,100,1,1
2026-08-07T22:23:52.726692,217.178,1,4,0,0,100,1,1
2026-08-07T22:23:52.751007,217.202,1,3,0,0,100,1,1
2026-08-07T22:23:52.772930,217.224,0,4,0,0,100,1,1
2026-08-07T22:23:52.803167,217.254,1,3,0,0,100,1,1
2026-08-07T22:23:52.826785,217.278,1,4,0,0,100,1,1
2026-08-07T22:23:52.849174,217.300,1,4,0,0,100,1,1
2026-08-07T22:23:52.871197,217.322,1,3,0,0,100,1,1
2026-08-07T22:23:52.895347,217.347,1,3,0,0,100,1,1
2026-08-07T22:23:52.925927,217.377,1,3,0,0,100,1,1
2026-08-07T22:23:52.947910,217.399,1,4,0,0,100,1,1
2026-08-07T22:23:52.971239,217.422,1,4,0,0,100,1,1
2026-08-07T22:23:52.992901,217.444,1,3,0,0,100,1,1
2026-08-07T22:23:53.015283,217.467,1,4,0,0,100,1,1
2026-08-07T22:23:53.049681,217.501,1,4,0,0,100,1,1
2026-08-07T22:23:53.071819,217.523,1,4,0,0,100,1,1
2026-08-07T22:23:53.093897,217.545,1,4,0,0,100,1,1
2026-08-07T22:23:53.118281,217.569,1,4,0,0,100,1,1
2026-08-07T22:23:53.140184,217.591,1,4,0,0,100,1,1
2026-08-07T22:23:53.172768,217.624,1,4,0,0,100,1,1
2026-08-07T22:23:53.194880,217.646,1,4,0,0,100,1,1
2026-08-07T22:23:53.217149,217.668,1,4,0,0,100,1,1
2026-08-07T22:23:53.243093,217.694,1,4,0,0,100,1,1
2026-08-07T22:23:53.265084,217.716,1,3,0,0,100,1,1
2026-08-07T22:23:53.293557,217.745,1,4,0,0,100,1,1
2026-08-07T22:23:53.316938,217.768,1,3,0,0,100,1,1
2026-08-07T22:23:53.339292,217.791,1,3,0,0,100,1,1
2026-08-07T22:23:53.360616,217.812,1,3,0,0,100,1,1
2026-08-07T22:23:53.385382,217.837,1,4,0,0,100,1,1
2026-08-07T22:23:53.415902,217.867,1,4,0,0,100,1,1
2026-08-07T22:23:53.438073,217.889,1,4,0,0,100,1,1
2026-08-07T22:23:53.461711,217.913,1,4,0,0,100,1,1
2026-08-07T22:23:53.483237,217.934,1,3,0,0,100,1,1
2026-08-07T22:23:53.506208,217.957,1,3,0,0,100,1,1
2026-08-07T22:23:53.540157,217.991,1,3,0,0,100,1,1
2026-08-07T22:23:53.562109,218.013,0,4,0,0,100,1,1
2026-08-07T22:23:53.584466,218.036,0,3,0,0,100,1,1
2026-08-07T22:23:53.608940,218.060,1,3,0,0,100,1,1
2026-08-07T22:23:53.631049,218.082,1,4,0,0,100,1,1
2026-08-07T22:23:53.662762,218.114,1,4,0,0,100,1,1
2026-08-07T22:23:53.684893,218.136,1,4,0,0,100,1,1
2026-08-07T22:23:53.707319,218.159,0,3,0,0,100,1,1
2026-08-07T22:23:53.731152,218.182,1,4,0,0,100,1,1
2026-08-07T22:23:53.753653,218.205,1,4,0,0,100,1,1
2026-08-07T22:23:53.783715,218.235,1,4,0,0,100,1,1
2026-08-07T22:23:53.807450,218.259,1,4,0,0,100,1,1
2026-08-07T22:23:53.829593,218.281,1,4,0,0,100,1,1
2026-08-07T22:23:53.851342,218.303,1,4,0,0,100,1,1
2026-08-07T22:23:53.875550,218.327,1,3,0,0,100,1,1
2026-08-07T22:23:53.906619,218.358,1,4,0,0,100,1,1
2026-08-07T22:23:53.928662,218.380,1,3,0,0,100,1,1
2026-08-07T22:23:53.952162,218.403,1,3,0,0,100,1,1
2026-08-07T22:23:53.974029,218.425,1,4,0,0,100,1,1
2026-08-07T22:23:53.996883,218.448,1,4,0,0,100,1,1
2026-08-07T22:23:54.030553,218.482,1,4,0,0,100,1,1
2026-08-07T22:23:54.052597,218.504,1,4,0,0,100,1,1
2026-08-07T22:23:54.074842,218.526,1,4,0,0,100,1,1
2026-08-07T22:23:54.099385,218.551,1,3,0,0,100,1,1
2026-08-07T22:23:54.121655,218.573,1,4,0,0,100,1,1
2026-08-07T22:23:54.153054,218.604,1,3,0,0,100,1,1
2026-08-07T22:23:54.175437,218.627,1,3,0,0,100,1,1
2026-08-07T22:23:54.197498,218.649,1,3,0,0,100,1,1
2026-08-07T22:23:54.221694,218.673,0,3,0,0,100,1,1
2026-08-07T22:23:54.243723,218.695,1,4,0,0,100,1,1
2026-08-07T22:23:54.274381,218.726,1,4,0,0,100,1,1
2026-08-07T22:23:54.297829,218.749,1,4,0,0,100,1,1
2026-08-07T22:23:54.320080,218.771,1,3,0,0,100,1,1
2026-08-07T22:23:54.341891,218.793,1,4,0,0,100,1,1
2026-08-07T22:23:54.366222,218.817,1,4,0,0,100,1,1
2026-08-07T22:23:54.396830,218.848,1,3,0,0,100,1,1
2026-08-07T22:23:54.418987,218.870,1,4,0,0,100,1,1
2026-08-07T22:23:54.442560,218.894,1,4,0,0,100,1,1
2026-08-07T22:23:54.464162,218.915,1,4,0,0,100,1,1
2026-08-07T22:23:54.487290,218.939,1,4,0,0,100,1,1
2026-08-07T22:23:54.520582,218.972,1,3,0,0,100,1,1
2026-08-07T22:23:54.542923,218.994,1,3,0,0,100,1,1
2026-08-07T22:23:54.565197,219.016,1,3,0,0,100,1,1
2026-08-07T22:23:54.589492,219.041,1,4,0,0,100,1,1
2026-08-07T22:23:54.611388,219.063,1,4,0,0,100,1,1
2026-08-07T22:23:54.643528,219.095,1,3,0,0,100,1,1
2026-08-07T22:23:54.665705,219.117,1,3,0,0,100,1,1
2026-08-07T22:23:54.688162,219.139,1,3,0,0,100,1,1
2026-08-07T22:23:54.712504,219.164,1,4,0,0,100,1,1
2026-08-07T22:23:54.734690,219.186,1,3,0,0,100,1,1
2026-08-07T22:23:54.764652,219.216,1,3,0,0,100,1,1
2026-08-07T22:23:54.788215,219.239,1,4,0,0,100,1,1
2026-08-07T22:23:54.810198,219.261,1,3,0,0,100,1,1
2026-08-07T22:23:54.831782,219.283,1,3,0,0,100,1,1
2026-08-07T22:23:54.856398,219.308,1,3,0,0,100,1,1
2026-08-07T22:23:54.887257,219.339,1,4,0,0,100,1,1
2026-08-07T22:23:54.909426,219.361,1,4,0,0,100,1,1
2026-08-07T22:23:54.932843,219.384,1,4,0,0,100,1,1
2026-08-07T22:23:54.954643,219.406,1,4,0,0,100,1,1
2026-08-07T22:23:54.977504,219.429,1,4,0,0,100,1,1
2026-08-07T22:23:55.011430,219.463,1,4,0,0,100,1,1
2026-08-07T22:23:55.033539,219.485,1,4,0,0,100,1,1
2026-08-07T22:23:55.055793,219.507,1,4,0,0,100,1,1
2026-08-07T22:23:55.080130,219.531,1,4,0,0,100,1,1
2026-08-07T22:23:55.102226,219.553,1,4,0,0,100,1,1
2026-08-07T22:23:55.134013,219.585,1,4,0,0,100,1,1
2026-08-07T22:23:55.156244,219.607,1,4,0,0,100,1,1
2026-08-07T22:23:55.178367,219.630,1,4,0,0,100,1,1
2026-08-07T22:23:55.202495,219.654,1,4,0,0,100,1,1
2026-08-07T22:23:55.224605,219.676,1,4,0,0,100,1,1
2026-08-07T22:23:55.254814,219.706,1,4,0,0,100,1,1
2026-08-07T22:23:55.278315,219.730,1,3,0,0,100,1,1
2026-08-07T22:23:55.300616,219.752,1,4,0,0,100,1,1
2026-08-07T22:23:55.322178,219.773,1,4,0,0,100,1,1
2026-08-07T22:23:55.347037,219.798,1,4,0,0,100,1,1
2026-08-07T22:23:55.380353,219.832,1,4,0,0,100,1,1
2026-08-07T22:23:55.402251,219.854,1,4,0,0,100,1,1
2026-08-07T22:23:55.425782,219.877,0,3,0,0,100,1,1
2026-08-07T22:23:55.449188,219.900,1,4,0,0,100,1,1
2026-08-07T22:23:55.484166,219.935,1,4,0,0,100,1,1
2026-08-07T22:23:55.506382,219.958,1,3,0,0,100,1,1
2026-08-07T22:23:55.528715,219.980,1,4,0,0,100,1,1
2026-08-07T22:23:55.553334,220.005,1,4,0,0,100,1,1
2026-08-07T22:23:55.575271,220.027,1,4,0,0,100,1,1
2026-08-07T22:23:55.605357,220.057,1,4,0,0,100,1,1
2026-08-07T22:23:55.628602,220.080,1,3,0,0,100,1,1
2026-08-07T22:23:55.651322,220.103,1,4,0,0,100,1,1
2026-08-07T22:23:55.672631,220.124,1,4,0,0,100,1,1
2026-08-07T22:23:55.697255,220.148,1,3,0,0,100,1,1
2026-08-07T22:23:55.727873,220.179,1,3,0,0,100,1,1
2026-08-07T22:23:55.749833,220.201,1,3,0,0,100,1,1
2026-08-07T22:23:55.773359,220.225,1,3,0,0,100,1,1
2026-08-07T22:23:55.794895,220.246,1,3,0,0,100,1,1
2026-08-07T22:23:55.818249,220.269,1,3,0,0,100,1,1
2026-08-07T22:23:55.851791,220.303,1,3,0,0,100,1,1
2026-08-07T22:23:55.873948,220.325,1,3,0,0,100,1,1
2026-08-07T22:23:55.896314,220.348,1,3,0,0,100,1,1
2026-08-07T22:23:55.921020,220.372,1,4,0,0,100,1,1
2026-08-07T22:23:55.942294,220.394,1,4,0,0,100,1,1
2026-08-07T22:23:55.974584,220.426,1,3,0,0,100,1,1
2026-08-07T22:23:55.996720,220.448,1,4,0,0,100,1,1
2026-08-07T22:23:56.019164,220.470,1,4,0,0,100,1,1
2026-08-07T22:23:56.043113,220.494,1,3,0,0,100,1,1
2026-08-07T22:23:56.065314,220.517,1,4,0,0,100,1,1
2026-08-07T22:23:56.095671,220.547,1,4,0,0,100,1,1
2026-08-07T22:23:56.118979,220.570,1,3,0,0,100,1,1
2026-08-07T22:23:56.141226,220.592,1,3,0,0,100,1,1
2026-08-07T22:23:56.162756,220.614,1,4,0,0,100,1,1
2026-08-07T22:23:56.187105,220.638,1,3,0,0,100,1,1
2026-08-07T22:23:56.218395,220.670,1,4,0,0,100,1,1
2026-08-07T22:23:56.240188,220.691,1,3,0,0,100,1,1
2026-08-07T22:23:56.263871,220.715,1,4,0,0,100,1,1
2026-08-07T22:23:56.285548,220.737,1,4,0,0,100,1,1
2026-08-07T22:23:56.308908,220.760,1,3,0,0,100,1,1
2026-08-07T22:23:56.342348,220.794,1,4,0,0,100,1,1
2026-08-07T22:23:56.364324,220.816,1,4,0,0,100,1,1
2026-08-07T22:23:56.386774,220.838,1,3,0,0,100,1,1
2026-08-07T22:23:56.411458,220.863,1,3,0,0,100,1,1
2026-08-07T22:23:56.433188,220.884,1,3,0,0,100,1,1
2026-08-07T22:23:56.464860,220.916,1,4,0,0,100,1,1
2026-08-07T22:23:56.487110,220.938,1,3,0,0,100,1,1
2026-08-07T22:23:56.509409,220.961,1,4,0,0,100,1,1
2026-08-07T22:23:56.533497,220.985,1,3,0,0,100,1,1
2026-08-07T22:23:56.555539,221.007,1,4,0,0,100,1,1
2026-08-07T22:23:56.586218,221.037,1,3,0,0,100,1,1
2026-08-07T22:23:56.609422,221.061,1,4,0,0,100,1,1
2026-08-07T22:23:56.631763,221.083,1,3,0,0,100,1,1
2026-08-07T22:23:56.653467,221.105,1,4,0,0,100,1,1
2026-08-07T22:23:56.677912,221.129,1,3,0,0,100,1,1
2026-08-07T22:23:56.708475,221.160,1,4,0,0,100,1,1
2026-08-07T22:23:56.730751,221.182,1,3,0,0,100,1,1
2026-08-07T22:23:56.754198,221.205,1,4,0,0,100,1,1
2026-08-07T22:23:56.775911,221.227,1,4,0,0,100,1,1
2026-08-07T22:23:56.799015,221.250,1,4,0,0,100,1,1
2026-08-07T22:23:56.832385,221.284,1,4,0,0,100,1,1
2026-08-07T22:23:56.854795,221.306,1,4,0,0,100,1,1
2026-08-07T22:23:56.876834,221.328,1,4,0,0,100,1,1
2026-08-07T22:23:56.901232,221.352,1,4,0,0,100,1,1
2026-08-07T22:23:56.923086,221.374,1,4,0,0,100,1,1
2026-08-07T22:23:56.955376,221.407,1,4,0,0,100,1,1
2026-08-07T22:23:56.977544,221.429,1,4,0,0,100,1,1
2026-08-07T22:23:56.999929,221.451,1,4,0,0,100,1,1
2026-08-07T22:23:57.024374,221.476,1,4,0,0,100,1,1
2026-08-07T22:23:57.046420,221.498,1,4,0,0,100,1,1
2026-08-07T22:23:57.076230,221.527,1,4,0,0,100,1,1
2026-08-07T22:23:57.099695,221.551,1,4,0,0,100,1,1
2026-08-07T22:23:57.122102,221.573,1,4,0,0,100,1,1
2026-08-07T22:23:57.143653,221.595,1,4,0,0,100,1,1
2026-08-07T22:23:57.168199,221.619,1,4,0,0,100,1,1
2026-08-07T22:23:57.198948,221.650,1,4,0,0,100,1,1
2026-08-07T22:23:57.221132,221.672,1,3,0,0,100,1,1
2026-08-07T22:23:57.244629,221.696,1,3,0,0,100,1,1
2026-08-07T22:23:57.266616,221.718,1,4,0,0,100,1,1
2026-08-07T22:23:57.289722,221.741,1,4,0,0,100,1,1
2026-08-07T22:23:57.323105,221.774,1,4,0,0,100,1,1
2026-08-07T22:23:57.345083,221.796,1,3,0,0,100,1,1
2026-08-07T22:23:57.367469,221.819,1,3,0,0,100,1,1
2026-08-07T22:23:57.391320,221.843,1,4,0,0,100,1,1
2026-08-07T22:23:57.413611,221.865,1,3,0,0,100,1,1
2026-08-07T22:23:57.445715,221.897,1,4,0,0,100,1,1
2026-08-07T22:23:57.467964,221.919,1,4,0,0,100,1,1
2026-08-07T22:23:57.491450,221.943,1,3,0,0,100,1,1
2026-08-07T22:23:57.515763,221.967,0,4,0,0,100,1,1
2026-08-07T22:23:57.538317,221.990,1,4,0,0,100,1,1
2026-08-07T22:23:57.560203,222.011,1,4,0,0,100,1,1
2026-08-07T22:23:57.584845,222.036,1,3,0,0,100,1,1
2026-08-07T22:23:57.606571,222.058,1,4,0,0,100,1,1
2026-08-07T22:23:57.636933,222.088,1,4,0,0,100,1,1
2026-08-07T22:23:57.660476,222.112,1,4,0,0,100,1,1
2026-08-07T22:23:57.682626,222.134,1,4,0,0,100,1,1
2026-08-07T22:23:57.704017,222.155,1,4,0,0,100,1,1
2026-08-07T22:23:57.728697,222.180,1,4,0,0,100,1,1
2026-08-07T22:23:57.759392,222.211,1,4,0,0,100,1,1
2026-08-07T22:23:57.781557,222.233,1,4,0,0,100,1,1
2026-08-07T22:23:57.805051,222.256,1,4,0,0,100,1,1
2026-08-07T22:23:57.827059,222.278,1,3,0,0,100,1,1
2026-08-07T22:23:57.849902,222.301,1,4,0,0,100,1,1
2026-08-07T22:23:57.883330,222.335,1,4,0,0,100,1,1
2026-08-07T22:23:57.905744,222.357,1,4,0,0,100,1,1
2026-08-07T22:23:57.928252,222.379,1,4,0,0,100,1,1
2026-08-07T22:23:57.951986,222.403,1,3,0,0,100,1,1
2026-08-07T22:23:57.973870,222.425,1,4,0,0,100,1,1
2026-08-07T22:23:58.006348,222.458,1,4,0,0,100,1,1
2026-08-07T22:23:58.028330,222.480,1,4,0,0,100,1,1
2026-08-07T22:23:58.050686,222.502,1,3,0,0,100,1,1
2026-08-07T22:23:58.075093,222.526,1,4,0,0,100,1,1
2026-08-07T22:23:58.097283,222.548,1,4,0,0,100,1,1
2026-08-07T22:23:58.127355,222.579,1,3,0,0,100,1,1
2026-08-07T22:23:58.150945,222.602,1,4,0,0,100,1,1
2026-08-07T22:23:58.173206,222.624,1,4,0,0,100,1,1
2026-08-07T22:23:58.194690,222.646,1,3,0,0,100,1,1
2026-08-07T22:23:58.219300,222.671,1,4,0,0,100,1,1
2026-08-07T22:23:58.250020,222.701,1,4,0,0,100,1,1
2026-08-07T22:23:58.271901,222.723,1,4,0,0,100,1,1
2026-08-07T22:23:58.295413,222.747,1,4,0,0,100,1,1
2026-08-07T22:23:58.317409,222.769,1,4,0,0,100,1,1
2026-08-07T22:23:58.340345,222.792,1,4,0,0,100,1,1
2026-08-07T22:23:58.374054,222.825,1,4,0,0,100,1,1
2026-08-07T22:23:58.396090,222.847,1,3,0,0,100,1,1
2026-08-07T22:23:58.418503,222.870,1,4,0,0,100,1,1
2026-08-07T22:23:58.442617,222.894,1,4,0,0,100,1,1
2026-08-07T22:23:58.464901,222.916,1,3,0,0,100,1,1
2026-08-07T22:23:58.496263,222.948,1,3,0,0,100,1,1
2026-08-07T22:23:58.518533,222.970,1,4,0,0,100,1,1
2026-08-07T22:23:58.540983,222.992,1,4,0,0,100,1,1
2026-08-07T22:23:58.565313,223.017,1,3,0,0,100,1,1
2026-08-07T22:23:58.587339,223.039,1,3,0,0,100,1,1
2026-08-07T22:23:58.617538,223.069,1,4,0,0,100,1,1
2026-08-07T22:23:58.641762,223.093,1,4,0,0,100,1,1
2026-08-07T22:23:58.663240,223.114,1,4,0,0,100,1,1
2026-08-07T22:23:58.684733,223.136,1,4,0,0,100,1,1
2026-08-07T22:23:58.709260,223.160,1,4,0,0,100,1,1
2026-08-07T22:23:58.740387,223.192,1,4,0,0,100,1,1
2026-08-07T22:23:58.762300,223.214,1,4,0,0,100,1,1
2026-08-07T22:23:58.786044,223.237,1,4,0,0,100,1,1
2026-08-07T22:23:58.807533,223.259,1,4,0,0,100,1,1
2026-08-07T22:23:58.830776,223.282,1,4,0,0,100,1,1
2026-08-07T22:23:58.864228,223.315,1,3,0,0,100,1,1
2026-08-07T22:23:58.886319,223.338,1,4,0,0,100,1,1
2026-08-07T22:23:58.908815,223.360,1,4,0,0,100,1,1
2026-08-07T22:23:58.932972,223.384,1,4,0,0,100,1,1
2026-08-07T22:23:58.955058,223.406,1,4,0,0,100,1,1
2026-08-07T22:23:58.986841,223.438,1,4,0,0,100,1,1
2026-08-07T22:23:59.009208,223.460,1,3,0,0,100,1,1
2026-08-07T22:23:59.031316,223.483,1,4,0,0,100,1,1
2026-08-07T22:23:59.055628,223.507,1,3,0,0,100,1,1
2026-08-07T22:23:59.077595,223.529,1,4,0,0,100,1,1
2026-08-07T22:23:59.108132,223.559,1,4,0,0,100,1,1
2026-08-07T22:23:59.131500,223.583,1,4,0,0,100,1,1
2026-08-07T22:23:59.153681,223.605,1,3,0,0,100,1,1
2026-08-07T22:23:59.175176,223.626,1,4,0,0,100,1,1
2026-08-07T22:23:59.199728,223.651,1,4,0,0,100,1,1
2026-08-07T22:23:59.230603,223.682,1,4,0,0,100,1,1
2026-08-07T22:23:59.252661,223.704,1,3,0,0,100,1,1
2026-08-07T22:23:59.276313,223.728,1,3,0,0,100,1,1
2026-08-07T22:23:59.297721,223.749,1,3,0,0,100,1,1
2026-08-07T22:23:59.321001,223.772,1,4,0,0,100,1,1
2026-08-07T22:23:59.354510,223.806,1,3,0,0,100,1,1
2026-08-07T22:23:59.376717,223.828,1,4,0,0,100,1,1
2026-08-07T22:23:59.399417,223.851,0,3,0,0,100,1,1
2026-08-07T22:23:59.423151,223.874,1,3,0,0,100,1,1
2026-08-07T22:23:59.445158,223.896,1,4,0,0,100,1,1
2026-08-07T22:23:59.477681,223.929,1,4,0,0,100,1,1
2026-08-07T22:23:59.499512,223.951,1,4,0,0,100,1,1
2026-08-07T22:23:59.522149,223.973,1,3,0,0,100,1,1
2026-08-07T22:23:59.546368,223.998,1,3,0,0,100,1,1
2026-08-07T22:23:59.568595,224.020,1,4,0,0,100,1,1
2026-08-07T22:23:59.598308,224.050,1,3,0,0,100,1,1
2026-08-07T22:23:59.624035,224.075,1,4,0,0,100,1,1
2026-08-07T22:23:59.646298,224.098,1,4,0,0,100,1,1
2026-08-07T22:23:59.669411,224.121,1,4,0,0,100,1,1
2026-08-07T22:23:59.704785,224.156,1,3,0,0,100,1,1
2026-08-07T22:23:59.726955,224.178,1,4,0,0,100,1,1
2026-08-07T22:23:59.749193,224.200,1,4,0,0,100,1,1
2026-08-07T22:23:59.773544,224.225,1,4,0,0,100,1,1
2026-08-07T22:23:59.795597,224.247,1,3,0,0,100,1,1
2026-08-07T22:23:59.827423,224.279,1,4,0,0,100,1,1
2026-08-07T22:23:59.849757,224.301,1,4,0,0,100,1,1
2026-08-07T22:23:59.872053,224.323,1,4,0,0,100,1,1
2026-08-07T22:23:59.896009,224.347,1,4,0,0,100,1,1
2026-08-07T22:23:59.918152,224.369,1,4,0,0,100,1,1
2026-08-07T22:23:59.948934,224.400,0,3,0,0,100,1,1
2026-08-07T22:23:59.972109,224.423,1,4,0,0,100,1,1
2026-08-07T22:23:59.994349,224.446,1,3,0,0,100,1,1
2026-08-07T22:24:00.016087,224.467,1,4,0,0,100,1,1
2026-08-07T22:24:00.040370,224.492,1,4,0,0,100,1,1
2026-08-07T22:24:00.071181,224.522,1,4,0,0,100,1,1
2026-08-07T22:24:00.093202,224.544,1,4,0,0,100,1,1
2026-08-07T22:24:00.116845,224.568,1,4,0,0,100,1,1
2026-08-07T22:24:00.138392,224.590,1,4,0,0,100,1,1
2026-08-07T22:24:00.161596,224.613,1,4,0,0,100,1,1
2026-08-07T22:24:00.195278,224.647,1,4,0,0,100,1,1
2026-08-07T22:24:00.217583,224.669,1,4,0,0,100,1,1
2026-08-07T22:24:00.239386,224.691,1,4,0,0,100,1,1
2026-08-07T22:24:00.263723,224.715,1,4,0,0,100,1,1
2026-08-07T22:24:00.285569,224.737,1,4,0,0,100,1,1
2026-08-07T22:24:00.318234,224.769,1,4,0,0,100,1,1
2026-08-07T22:24:00.340179,224.791,1,4,0,0,100,1,1
2026-08-07T22:24:00.362179,224.813,1,4,0,0,100,1,1
2026-08-07T22:24:00.386941,224.838,1,4,0,0,100,1,1
2026-08-07T22:24:00.408859,224.860,1,4,0,0,100,1,1
2026-08-07T22:24:00.438780,224.890,1,4,0,0,100,1,1
2026-08-07T22:24:00.462406,224.914,1,3,0,0,100,1,1
2026-08-07T22:24:00.484530,224.936,1,4,0,0,100,1,1
2026-08-07T22:24:00.506057,224.957,1,4,0,0,100,1,1
2026-08-07T22:24:00.530645,224.982,1,4,0,0,100,1,1
2026-08-07T22:24:00.561349,225.013,1,4,0,0,100,1,1
2026-08-07T22:24:00.583553,225.035,1,4,0,0,100,1,1
2026-08-07T22:24:00.606965,225.058,1,3,0,0,100,1,1
2026-08-07T22:24:00.628753,225.080,1,3,0,0,100,1,1
2026-08-07T22:24:00.651733,225.103,1,4,0,0,100,1,1
2026-08-07T22:24:00.685602,225.137,1,4,0,0,100,1,1
2026-08-07T22:24:00.707702,225.159,1,3,0,0,100,1,1
2026-08-07T22:24:00.729874,225.181,1,4,0,0,100,1,1
2026-08-07T22:24:00.754164,225.205,1,4,0,0,100,1,1
2026-08-07T22:24:00.776225,225.227,1,3,0,0,100,1,1
2026-08-07T22:24:00.808255,225.259,1,4,0,0,100,1,1
2026-08-07T22:24:00.830333,225.282,1,4,0,0,100,1,1
2026-08-07T22:24:00.852754,225.304,1,4,0,0,100,1,1
2026-08-07T22:24:00.876861,225.328,1,4,0,0,100,1,1
2026-08-07T22:24:00.899430,225.351,1,4,0,0,100,1,1
2026-08-07T22:24:00.929254,225.381,1,3,0,0,100,1,1
2026-08-07T22:24:00.952735,225.404,1,3,0,0,100,1,1
2026-08-07T22:24:00.974896,225.426,1,4,0,0,100,1,1
2026-08-07T22:24:00.996491,225.448,1,4,0,0,100,1,1
2026-08-07T22:24:01.021007,225.472,1,4,0,0,100,1,1
2026-08-07T22:24:01.052296,225.504,1,3,0,0,100,1,1
2026-08-07T22:24:01.074086,225.525,1,4,0,0,100,1,1
2026-08-07T22:24:01.097687,225.549,1,4,0,0,100,1,1
2026-08-07T22:24:01.119404,225.571,1,4,0,0,100,1,1
2026-08-07T22:24:01.142403,225.594,1,4,0,0,100,1,1
2026-08-07T22:24:01.175936,225.627,1,4,0,0,100,1,1
2026-08-07T22:24:01.198269,225.649,1,4,0,0,100,1,1
2026-08-07T22:24:01.220439,225.672,1,4,0,0,100,1,1
2026-08-07T22:24:01.245114,225.696,1,4,0,0,100,1,1
2026-08-07T22:24:01.267081,225.718,1,4,0,0,100,1,1
2026-08-07T22:24:01.298849,225.750,1,3,0,0,100,1,1
2026-08-07T22:24:01.321160,225.772,1,4,0,0,100,1,1
2026-08-07T22:24:01.343338,225.794,1,4,0,0,100,1,1
2026-08-07T22:24:01.367549,225.819,1,4,0,0,100,1,1
2026-08-07T22:24:01.389601,225.841,1,4,0,0,100,1,1
2026-08-07T22:24:01.419920,225.871,1,4,0,0,100,1,1
2026-08-07T22:24:01.443371,225.895,1,4,0,0,100,1,1
2026-08-07T22:24:01.465533,225.917,1,3,0,0,100,1,1
2026-08-07T22:24:01.487154,225.938,1,4,0,0,100,1,1
2026-08-07T22:24:01.511298,225.963,1,3,0,0,100,1,1
2026-08-07T22:24:01.542348,225.994,1,4,0,0,100,1,1
2026-08-07T22:24:01.564269,226.016,1,4,0,0,100,1,1
2026-08-07T22:24:01.587859,226.039,1,3,0,0,100,1,1
2026-08-07T22:24:01.609407,226.061,1,3,0,0,100,1,1
2026-08-07T22:24:01.631967,226.083,0,4,0,0,100,1,1
2026-08-07T22:24:01.666476,226.118,0,3,0,0,100,1,1
2026-08-07T22:24:01.688571,226.140,1,3,0,0,100,1,1
2026-08-07T22:24:01.710497,226.162,1,3,0,0,100,1,1
2026-08-07T22:24:01.734972,226.186,0,4,0,0,100,1,1
2026-08-07T22:24:01.757943,226.209,1,3,0,0,100,1,1
2026-08-07T22:24:01.789114,226.240,1,4,0,0,100,1,1
2026-08-07T22:24:01.811272,226.263,1,4,0,0,100,1,1
2026-08-07T22:24:01.833751,226.285,1,3,0,0,100,1,1
2026-08-07T22:24:01.858124,226.309,1,4,0,0,100,1,1
2026-08-07T22:24:01.880310,226.332,1,4,0,0,100,1,1
2026-08-07T22:24:01.910194,226.361,1,3,0,0,100,1,1
2026-08-07T22:24:01.933494,226.385,1,3,0,0,100,1,1
2026-08-07T22:24:01.955680,226.407,1,3,0,0,100,1,1
2026-08-07T22:24:01.977336,226.429,1,4,0,0,100,1,1
2026-08-07T22:24:02.001791,226.453,1,4,0,0,100,1,1
2026-08-07T22:24:02.032616,226.484,1,4,0,0,100,1,1
2026-08-07T22:24:02.054693,226.506,1,3,0,0,100,1,1
2026-08-07T22:24:02.078223,226.529,1,4,0,0,100,1,1
2026-08-07T22:24:02.099862,226.551,1,4,0,0,100,1,1
2026-08-07T22:24:02.122893,226.574,1,4,0,0,100,1,1
2026-08-07T22:24:02.156853,226.608,1,3,0,0,100,1,1
2026-08-07T22:24:02.179018,226.630,1,4,0,0,100,1,1
2026-08-07T22:24:02.201260,226.652,1,4,0,0,100,1,1
2026-08-07T22:24:02.225804,226.677,1,4,0,0,100,1,1
2026-08-07T22:24:02.247629,226.699,1,4,0,0,100,1,1
2026-08-07T22:24:02.279357,226.731,1,3,0,0,100,1,1
2026-08-07T22:24:02.301628,226.753,1,3,0,0,100,1,1
2026-08-07T22:24:02.323997,226.775,1,4,0,0,100,1,1
2026-08-07T22:24:02.348268,226.799,1,4,0,0,100,1,1
2026-08-07T22:24:02.370575,226.822,1,4,0,0,100,1,1
2026-08-07T22:24:02.400846,226.852,1,4,0,0,100,1,1
2026-08-07T22:24:02.424075,226.875,1,3,0,0,100,1,1
2026-08-07T22:24:02.446283,226.897,1,3,0,0,100,1,1
2026-08-07T22:24:02.467796,226.919,0,3,0,0,100,1,1
2026-08-07T22:24:02.492408,226.944,1,3,0,0,100,1,1
2026-08-07T22:24:02.523326,226.975,1,4,0,0,100,1,1
2026-08-07T22:24:02.545529,226.997,1,4,0,0,100,1,1
2026-08-07T22:24:02.568812,227.020,1,4,0,0,100,1,1
2026-08-07T22:24:02.590576,227.042,1,4,0,0,100,1,1
2026-08-07T22:24:02.613856,227.065,1,4,0,0,100,1,1
2026-08-07T22:24:02.647253,227.098,1,4,0,0,100,1,1
2026-08-07T22:24:02.669273,227.120,1,4,0,0,100,1,1
2026-08-07T22:24:02.691752,227.143,1,4,0,0,100,1,1
2026-08-07T22:24:02.716067,227.167,1,4,0,0,100,1,1
2026-08-07T22:24:02.738361,227.190,1,3,0,0,100,1,1
2026-08-07T22:24:02.769860,227.221,1,4,0,0,100,1,1
2026-08-07T22:24:02.792025,227.243,1,4,0,0,100,1,1
2026-08-07T22:24:02.814266,227.266,1,4,0,0,100,1,1
2026-08-07T22:24:02.838291,227.290,1,4,0,0,100,1,1
2026-08-07T22:24:02.860349,227.312,1,4,0,0,100,1,1
2026-08-07T22:24:02.891002,227.342,1,4,0,0,100,1,1
2026-08-07T22:24:02.914426,227.366,1,4,0,0,100,1,1
2026-08-07T22:24:02.936767,227.388,1,4,0,0,100,1,1
2026-08-07T22:24:02.958688,227.410,1,4,0,0,100,1,1
2026-08-07T22:24:02.982846,227.434,1,4,0,0,100,1,1
2026-08-07T22:24:03.013662,227.465,1,4,0,0,100,1,1
2026-08-07T22:24:03.035511,227.487,1,4,0,0,100,1,1
2026-08-07T22:24:03.059290,227.511,1,4,0,0,100,1,1
2026-08-07T22:24:03.081074,227.532,1,3,0,0,100,1,1
2026-08-07T22:24:03.104243,227.555,1,3,0,0,100,1,1
2026-08-07T22:24:03.137468,227.589,1,4,0,0,100,1,1
2026-08-07T22:24:03.159629,227.611,1,4,0,0,100,1,1
2026-08-07T22:24:03.181786,227.633,1,4,0,0,100,1,1
2026-08-07T22:24:03.206287,227.658,1,4,0,0,100,1,1
2026-08-07T22:24:03.227902,227.679,1,4,0,0,100,1,1
2026-08-07T22:24:03.260523,227.712,1,4,0,0,100,1,1
2026-08-07T22:24:03.282613,227.734,1,4,0,0,100,1,1
2026-08-07T22:24:03.304785,227.756,1,3,0,0,100,1,1
2026-08-07T22:24:03.329175,227.780,1,4,0,0,100,1,1
2026-08-07T22:24:03.351245,227.803,1,4,0,0,100,1,1
2026-08-07T22:24:03.381244,227.832,1,4,0,0,100,1,1
2026-08-07T22:24:03.404608,227.856,1,4,0,0,100,1,1
2026-08-07T22:24:03.427160,227.878,1,4,0,0,100,1,1
2026-08-07T22:24:03.448599,227.900,1,4,0,0,100,1,1
2026-08-07T22:24:03.473077,227.924,1,4,0,0,100,1,1
2026-08-07T22:24:03.503823,227.955,1,4,0,0,100,1,1
2026-08-07T22:24:03.525852,227.977,1,4,0,0,100,1,1
2026-08-07T22:24:03.549310,228.001,1,4,0,0,100,1,1
2026-08-07T22:24:03.570869,228.022,1,4,0,0,100,1,1
2026-08-07T22:24:03.593211,228.044,1,4,0,0,100,1,1
2026-08-07T22:24:03.628015,228.079,0,4,0,0,100,1,1
2026-08-07T22:24:03.649884,228.101,1,4,0,0,100,1,1
2026-08-07T22:24:03.672065,228.123,1,3,0,0,100,1,1
2026-08-07T22:24:03.696173,228.147,0,4,0,0,100,1,1
2026-08-07T22:24:03.718338,228.170,1,4,0,0,100,1,1
2026-08-07T22:24:03.750561,228.202,1,3,0,0,100,1,1
2026-08-07T22:24:03.772626,228.224,1,3,0,0,100,1,1
2026-08-07T22:24:03.795349,228.247,1,4,0,0,100,1,1
2026-08-07T22:24:03.819131,228.270,1,4,0,0,100,1,1
2026-08-07T22:24:03.841427,228.293,1,4,0,0,100,1,1
2026-08-07T22:24:03.874166,228.325,1,4,0,0,100,1,1
2026-08-07T22:24:03.897847,228.349,1,4,0,0,100,1,1
2026-08-07T22:24:03.919655,228.371,1,4,0,0,100,1,1
2026-08-07T22:24:03.943045,228.394,1,4,0,0,100,1,1
2026-08-07T22:24:03.978049,228.429,1,4,0,0,100,1,1
2026-08-07T22:24:04.000449,228.452,1,3,0,0,100,1,1
2026-08-07T22:24:04.022299,228.474,1,4,0,0,100,1,1
2026-08-07T22:24:04.046563,228.498,1,4,0,0,100,1,1
2026-08-07T22:24:04.068617,228.520,1,4,0,0,100,1,1
2026-08-07T22:24:04.101136,228.552,1,4,0,0,100,1,1
2026-08-07T22:24:04.123169,228.574,1,4,0,0,100,1,1
2026-08-07T22:24:04.145225,228.597,1,4,0,0,100,1,1
2026-08-07T22:24:04.169926,228.621,1,4,0,0,100,1,1
2026-08-07T22:24:04.192247,228.643,1,4,0,0,100,1,1
2026-08-07T22:24:04.222147,228.673,1,3,0,0,100,1,1
2026-08-07T22:24:04.245113,228.696,1,4,0,0,100,1,1
2026-08-07T22:24:04.267648,228.719,1,4,0,0,100,1,1
2026-08-07T22:24:04.289210,228.740,1,3,0,0,100,1,1
2026-08-07T22:24:04.314201,228.765,1,4,0,0,100,1,1
2026-08-07T22:24:04.344612,228.796,1,4,0,0,100,1,1
2026-08-07T22:24:04.366555,228.818,1,3,0,0,100,1,1
2026-08-07T22:24:04.390273,228.841,1,4,0,0,100,1,1
2026-08-07T22:24:04.411537,228.863,1,4,0,0,100,1,1
2026-08-07T22:24:04.434946,228.886,1,4,0,0,100,1,1
2026-08-07T22:24:04.468526,228.920,1,4,0,0,100,1,1
2026-08-07T22:24:04.490701,228.942,1,4,0,0,100,1,1
2026-08-07T22:24:04.512802,228.964,1,4,0,0,100,1,1
2026-08-07T22:24:04.537323,228.989,1,4,0,0,100,1,1
2026-08-07T22:24:04.559369,229.011,1,4,0,0,100,1,1
2026-08-07T22:24:04.591280,229.043,1,4,0,0,100,1,1
2026-08-07T22:24:04.613201,229.064,1,4,0,0,100,1,1
2026-08-07T22:24:04.635696,229.087,1,4,0,0,100,1,1
2026-08-07T22:24:04.659790,229.111,1,3,0,0,100,1,1
2026-08-07T22:24:04.682081,229.133,1,4,0,0,100,1,1
2026-08-07T22:24:04.712318,229.164,1,4,0,0,100,1,1
2026-08-07T22:24:04.735731,229.187,1,4,0,0,100,1,1
2026-08-07T22:24:04.757997,229.209,1,4,0,0,100,1,1
2026-08-07T22:24:04.779221,229.230,1,4,0,0,100,1,1
2026-08-07T22:24:04.804076,229.255,1,3,0,0,100,1,1
2026-08-07T22:24:04.834848,229.286,1,4,0,0,100,1,1
2026-08-07T22:24:04.856924,229.308,1,3,0,0,100,1,1
2026-08-07T22:24:04.880450,229.332,1,4,0,0,100,1,1
2026-08-07T22:24:04.902157,229.353,1,3,0,0,100,1,1
2026-08-07T22:24:04.925054,229.376,1,4,0,0,100,1,1
2026-08-07T22:24:04.958888,229.410,1,4,0,0,100,1,1
2026-08-07T22:24:04.980953,229.432,1,4,0,0,100,1,1
2026-08-07T22:24:05.003168,229.454,1,4,0,0,100,1,1
2026-08-07T22:24:05.027723,229.479,1,3,0,0,100,1,1
2026-08-07T22:24:05.050131,229.501,1,4,0,0,100,1,1
2026-08-07T22:24:05.081620,229.533,1,3,0,0,100,1,1
2026-08-07T22:24:05.103661,229.555,1,4,0,0,100,1,1
2026-08-07T22:24:05.125904,229.577,1,3,0,0,100,1,1
2026-08-07T22:24:05.149904,229.601,1,4,0,0,100,1,1
2026-08-07T22:24:05.172139,229.623,1,4,0,0,100,1,1
2026-08-07T22:24:05.202591,229.654,1,4,0,0,100,1,1
2026-08-07T22:24:05.226084,229.677,1,4,0,0,100,1,1
2026-08-07T22:24:05.248306,229.700,1,4,0,0,100,1,1
2026-08-07T22:24:05.270077,229.721,1,4,0,0,100,1,1
2026-08-07T22:24:05.294145,229.745,1,4,0,0,100,1,1
2026-08-07T22:24:05.325068,229.776,1,4,0,0,100,1,1
2026-08-07T22:24:05.347222,229.798,1,4,0,0,100,1,1
2026-08-07T22:24:05.370674,229.822,1,4,0,0,100,1,1
2026-08-07T22:24:05.392258,229.844,1,4,0,0,100,1,1
2026-08-07T22:24:05.415703,229.867,1,4,0,0,100,1,1
2026-08-07T22:24:05.449006,229.900,1,4,0,0,100,1,1
2026-08-07T22:24:05.471489,229.923,0,4,0,0,100,1,1
2026-08-07T22:24:05.493267,229.945,1,4,0,0,100,1,1
2026-08-07T22:24:05.517580,229.969,1,4,0,0,100,1,1
2026-08-07T22:24:05.539814,229.991,1,4,0,0,100,1,1
2026-08-07T22:24:05.572175,230.023,0,4,0,0,100,1,1
2026-08-07T22:24:05.594236,230.045,1,4,0,0,100,1,1
2026-08-07T22:24:05.616312,230.068,1,3,0,0,100,1,1
2026-08-07T22:24:05.640660,230.092,1,4,0,0,100,1,1
2026-08-07T22:24:05.662971,230.114,1,4,0,0,100,1,1
2026-08-07T22:24:05.692971,230.144,1,4,0,0,100,1,1
2026-08-07T22:24:05.716713,230.168,1,4,0,0,100,1,1
2026-08-07T22:24:05.738417,230.190,1,4,0,0,100,1,1
2026-08-07T22:24:05.760336,230.212,1,4,0,0,100,1,1
2026-08-07T22:24:05.784683,230.236,1,4,0,0,100,1,1
2026-08-07T22:24:05.815603,230.267,1,4,0,0,100,1,1
2026-08-07T22:24:05.837540,230.289,1,4,0,0,100,1,1
2026-08-07T22:24:05.860967,230.312,1,3,0,0,100,1,1
2026-08-07T22:24:05.882894,230.334,1,3,0,0,100,1,1
2026-08-07T22:24:05.905766,230.357,1,4,0,0,100,1,1
2026-08-07T22:24:05.939656,230.391,1,4,0,0,100,1,1
2026-08-07T22:24:05.961640,230.413,1,4,0,0,100,1,1
2026-08-07T22:24:05.985281,230.437,1,4,0,0,100,1,1
2026-08-07T22:24:06.009953,230.461,1,4,0,0,100,1,1
2026-08-07T22:24:06.043290,230.495,1,4,0,0,100,1,1
2026-08-07T22:24:06.066800,230.518,1,4,0,0,100,1,1
2026-08-07T22:24:06.089119,230.540,1,4,0,0,100,1,1
2026-08-07T22:24:06.111227,230.562,1,4,0,0,100,1,1
2026-08-07T22:24:06.135356,230.587,1,4,0,0,100,1,1
2026-08-07T22:24:06.165992,230.617,1,4,0,0,100,1,1
2026-08-07T22:24:06.188011,230.639,1,4,0,0,100,1,1
2026-08-07T22:24:06.211493,230.663,1,4,0,0,100,1,1
2026-08-07T22:24:06.233451,230.685,1,4,0,0,100,1,1
2026-08-07T22:24:06.256610,230.708,1,4,0,0,100,1,1
